Age,DailyRate,DistanceFromHome,Education,EnvironmentSatisfaction,Gender,HourlyRate,JobInvolvement,JobLevel,JobSatisfaction,MonthlyIncome,MonthlyRate,NumCompaniesWorked,OverTime,PercentSalaryHike,PerformanceRating,RelationshipSatisfaction,StockOptionLevel,TotalWorkingYears,TrainingTimesLastYear,WorkLifeBalance,YearsAtCompany,YearsInCurrentRole,YearsSinceLastPromotion,YearsWithCurrManager,Department_Research & Development,Department_Sales,JobRole_Human Resources,JobRole_Laboratory Technician,JobRole_Manager,JobRole_Manufacturing Director,JobRole_Research Director,JobRole_Research Scientist,JobRole_Sales Executive,JobRole_Sales Representative,MaritalStatus_Married,MaritalStatus_Single,BusinessTravel_Travel_Frequently,BusinessTravel_Travel_Rarely,EducationField_Life Sciences,EducationField_Marketing,EducationField_Medical,EducationField_Other,EducationField_Technical Degree,IncomeToExperienceRatio,PromotionDelay,EngagementScore,WorkloadStressFlag,EmployeeID,Department,JobRole,AttritionProbability,RiskCategory
41,1102,1,2,2,0,94,3,2,4,5993,19479,8,1,11,3,1,0,8,0,1,6,4,0,5,False,True,False,False,False,False,False,False,True,False,False,True,False,True,True,False,False,False,False,665.8888888888889,0.0,2.5,1,0,Sales,Sales Executive,0.9798972,High Risk
49,279,8,1,3,1,61,2,2,2,5130,24907,1,0,23,4,4,1,10,3,3,10,7,1,7,True,False,False,False,False,False,False,True,False,False,True,False,True,False,True,False,False,False,False,466.3636363636364,0.09090909090909091,2.5,0,1,Research & Development,Research Scientist,0.00067245436,Low Risk
37,1373,2,2,4,1,92,2,1,3,2090,2396,6,1,15,3,2,0,7,3,3,0,0,0,0,True,False,False,True,False,False,False,False,False,False,False,True,False,True,False,False,False,True,False,261.25,0.0,3.0,0,2,Research & Development,Laboratory Technician,0.84259254,High Risk
33,1392,3,4,4,0,56,3,1,3,2909,23159,1,1,11,3,3,0,8,3,3,8,7,3,0,True,False,False,False,False,False,False,True,False,False,True,False,True,False,True,False,False,False,False,323.22222222222223,0.3333333333333333,3.25,0,3,Research & Development,Research Scientist,0.082312204,Low Risk
27,591,2,1,1,1,40,3,1,2,3468,16632,9,0,12,3,4,1,6,3,3,2,2,2,2,True,False,False,True,False,False,False,False,False,False,True,False,False,True,False,False,True,False,False,495.42857142857144,0.6666666666666666,2.25,0,4,Research & Development,Laboratory Technician,0.010553865,Low Risk
32,1005,2,2,4,1,79,3,1,4,3068,11864,0,0,13,3,3,0,8,2,2,7,7,3,6,True,False,False,True,False,False,False,False,False,False,False,True,True,False,True,False,False,False,False,340.8888888888889,0.375,3.25,0,5,Research & Development,Laboratory Technician,0.0018416143,Low Risk
59,1324,3,3,3,0,81,4,1,1,2670,9964,4,1,20,4,1,3,12,3,2,1,0,0,0,True,False,False,True,False,False,False,False,False,False,True,False,False,True,False,False,True,False,False,205.3846153846154,0.0,2.5,1,6,Research & Development,Laboratory Technician,0.018262196,Low Risk
30,1358,24,1,4,1,67,3,1,3,2693,13335,1,0,22,4,2,1,1,2,3,1,0,0,0,True,False,False,True,False,False,False,False,False,False,False,False,False,True,True,False,False,False,False,1346.5,0.0,3.25,0,7,Research & Development,Laboratory Technician,0.0045278515,Low Risk
38,216,23,3,4,1,44,2,3,3,9526,8787,0,0,21,4,2,0,10,2,3,9,7,1,8,True,False,False,False,False,True,False,False,False,False,False,True,True,False,True,False,False,False,False,866.0,0.1,3.0,0,8,Research & Development,Manufacturing Director,0.0018753723,Low Risk
36,1299,27,3,3,1,94,3,2,3,5237,16577,6,0,13,3,2,2,17,3,2,7,7,7,7,True,False,False,False,False,False,False,False,False,False,True,False,False,True,False,False,True,False,False,290.94444444444446,0.875,2.75,0,9,Research & Development,Human Resources,0.0023858936,Low Risk
35,809,16,3,1,1,84,4,1,2,2426,16479,0,0,13,3,3,1,6,5,3,5,4,0,3,True,False,False,True,False,False,False,False,False,False,True,False,False,True,False,False,True,False,False,346.57142857142856,0.0,2.5,0,10,Research & Development,Laboratory Technician,0.0026321895,Low Risk
29,153,15,2,4,0,49,2,2,3,4193,12682,0,1,12,3,4,0,10,3,3,9,5,0,8,True,False,False,True,False,False,False,False,False,False,False,True,False,True,True,False,False,False,False,381.1818181818182,0.0,3.0,0,11,Research & Development,Laboratory Technician,0.0027638096,Low Risk
31,670,26,1,1,1,31,3,1,3,2911,15170,1,0,17,3,4,1,5,1,2,5,2,4,3,True,False,False,False,False,False,False,True,False,False,False,False,False,True,True,False,False,False,False,485.1666666666667,0.6666666666666666,2.25,0,12,Research & Development,Research Scientist,0.0012482217,Low Risk
34,1346,19,2,2,1,93,3,1,4,2661,8758,0,0,11,3,3,1,3,2,3,2,2,1,2,True,False,False,True,False,False,False,False,False,False,False,False,False,True,False,False,True,False,False,665.25,0.3333333333333333,3.0,0,13,Research & Development,Laboratory Technician,0.00056636456,Low Risk
28,103,24,3,3,1,50,2,1,3,2028,12947,5,1,14,3,2,0,6,4,3,4,2,0,3,True,False,False,True,False,False,False,False,False,False,False,True,False,True,True,False,False,False,False,289.7142857142857,0.0,2.75,0,14,Research & Development,Laboratory Technician,0.9989286,High Risk
29,1389,21,4,2,0,51,4,3,1,9980,10195,1,0,11,3,3,1,10,1,3,10,9,8,8,True,False,False,False,False,True,False,False,False,False,False,False,False,True,True,False,False,False,False,907.2727272727273,0.7272727272727273,2.5,0,15,Research & Development,Manufacturing Director,0.00052909733,Low Risk
32,334,5,2,1,1,80,4,1,2,3298,15053,0,1,12,3,4,2,7,5,2,6,2,0,5,True,False,False,False,False,False,False,True,False,False,False,False,False,True,True,False,False,False,False,412.25,0.0,2.25,1,16,Research & Development,Research Scientist,0.0053597386,Low Risk
22,1123,16,2,4,1,96,4,1,4,2935,7324,1,1,13,3,2,2,1,2,2,1,0,0,0,True,False,False,True,False,False,False,False,False,False,False,False,False,False,False,False,True,False,False,1467.5,0.0,3.5,1,17,Research & Development,Laboratory Technician,0.3847641,Medium Risk
53,1219,2,4,1,0,78,2,4,4,15427,22021,2,0,16,3,3,0,31,3,3,25,8,3,7,False,True,False,False,True,False,False,False,False,False,True,False,False,True,True,False,False,False,False,482.09375,0.11538461538461539,2.5,0,18,Sales,Manager,0.00036645416,Low Risk
38,371,2,3,4,1,45,3,1,4,3944,4306,5,1,11,3,3,0,6,3,3,3,2,1,2,True,False,False,False,False,False,False,True,False,False,False,True,False,True,True,False,False,False,False,563.4285714285714,0.25,3.5,0,19,Research & Development,Research Scientist,0.0004029536,Low Risk
24,673,11,2,1,0,96,4,2,3,4011,8232,0,0,18,3,4,1,5,5,2,4,2,1,3,True,False,False,False,False,True,False,False,False,False,False,False,False,False,False,False,False,True,False,668.5,0.2,2.5,0,20,Research & Development,Manufacturing Director,0.0005086404,Low Risk
36,1218,9,4,3,1,82,2,1,1,3407,6986,7,0,23,4,2,0,10,4,3,5,3,0,3,False,True,False,False,False,False,False,False,False,True,False,True,False,True,True,False,False,False,False,309.72727272727275,0.0,2.25,0,21,Sales,Sales Representative,0.9762823,High Risk
34,419,7,4,1,0,53,3,3,2,11994,21293,0,0,11,3,3,0,13,4,3,12,6,2,11,True,False,False,False,False,False,True,False,False,False,False,True,False,True,True,False,False,False,False,856.7142857142857,0.15384615384615385,2.25,0,22,Research & Development,Research Director,0.0002488507,Low Risk
21,391,15,2,3,1,96,3,1,4,1232,19281,1,0,14,3,4,0,0,6,3,0,0,0,0,True,False,False,False,False,False,False,True,False,False,False,True,False,True,True,False,False,False,False,1232.0,0.0,3.25,0,23,Research & Development,Research Scientist,0.006577191,Low Risk
34,699,6,1,2,1,83,3,1,1,2960,17102,2,0,11,3,3,0,8,2,3,4,2,1,3,True,False,False,False,False,False,False,True,False,False,False,True,False,True,False,False,True,False,False,328.8888888888889,0.2,2.25,0,24,Research & Development,Research Scientist,0.005103262,Low Risk
53,1282,5,3,3,0,58,3,5,3,19094,10735,4,0,11,3,4,1,26,3,2,14,13,4,8,True,False,False,False,True,False,False,False,False,False,False,False,False,True,False,False,False,True,False,707.1851851851852,0.26666666666666666,2.75,0,25,Research & Development,Manager,0.0015013845,Low Risk
32,1125,16,1,2,0,72,1,1,1,3919,4681,1,1,22,4,2,0,10,5,3,10,2,6,7,True,False,False,False,False,False,False,True,False,False,False,True,True,False,True,False,False,False,False,356.27272727272725,0.5454545454545454,1.75,0,26,Research & Development,Research Scientist,0.9986206,High Risk
42,691,8,4,3,1,48,3,2,2,6825,21173,0,0,11,3,4,1,10,2,3,9,7,4,2,False,True,False,False,False,False,False,False,True,False,True,False,False,True,False,True,False,False,False,620.4545454545455,0.4,2.75,0,27,Sales,Sales Executive,0.009386332,Low Risk
44,477,7,4,1,0,42,2,3,4,10248,2094,3,0,14,3,4,1,24,4,3,22,6,5,17,True,False,False,False,False,False,False,False,False,False,True,False,False,True,False,False,True,False,False,409.92,0.21739130434782608,2.5,0,28,Research & Development,Human Resources,0.001319394,Low Risk
46,705,2,4,2,0,83,3,5,1,18947,22822,3,0,12,3,4,0,22,2,2,2,2,2,1,False,True,False,False,True,False,False,False,False,False,False,True,False,True,False,True,False,False,False,823.7826086956521,0.6666666666666666,2.0,0,29,Sales,Manager,0.002284271,Low Risk
33,924,2,3,3,1,78,3,1,4,2496,6670,4,0,11,3,4,0,7,3,3,1,1,0,0,True,False,False,True,False,False,False,False,False,False,False,True,False,True,False,False,True,False,False,312.0,0.0,3.25,0,30,Research & Development,Laboratory Technician,0.008187813,Low Risk
44,1459,10,4,4,1,41,3,2,4,6465,19121,2,1,13,3,4,0,9,5,4,4,2,1,3,True,False,False,False,False,False,False,False,False,False,True,False,False,True,False,False,False,True,False,646.5,0.2,3.75,0,31,Research & Development,Human Resources,0.00016713512,Low Risk
30,125,9,2,4,1,83,2,1,3,2206,16117,1,0,13,3,1,0,10,5,3,10,0,1,8,True,False,False,True,False,False,False,False,False,False,False,True,False,True,False,False,True,False,False,200.54545454545453,0.09090909090909091,3.0,0,32,Research & Development,Laboratory Technician,0.008537745,Low Risk
39,895,5,3,4,1,56,3,2,4,2086,3335,3,0,14,3,3,1,19,6,4,1,0,0,0,False,True,False,False,False,False,False,False,False,True,True,False,False,True,False,False,False,False,True,104.3,0.0,3.75,0,33,Sales,Sales Representative,0.94650257,High Risk
24,813,1,3,2,1,61,3,1,4,2293,3020,2,1,16,3,1,1,6,2,2,2,0,2,0,True,False,False,False,False,False,False,True,False,False,True,False,False,True,False,False,True,False,False,327.57142857142856,0.6666666666666666,2.75,1,34,Research & Development,Research Scientist,0.97197646,High Risk
43,1273,2,2,4,0,72,4,1,3,2645,21923,1,0,12,3,4,2,6,3,2,5,3,1,4,True,False,False,False,False,False,False,True,False,False,False,False,False,True,False,False,True,False,False,377.85714285714283,0.16666666666666666,3.25,0,35,Research & Development,Research Scientist,3.1162508e-05,Low Risk
50,869,3,2,1,1,86,2,1,3,2683,3810,1,1,14,3,3,0,3,2,3,3,2,0,2,False,True,False,False,False,False,False,False,False,True,True,False,False,True,False,True,False,False,False,670.75,0.0,2.25,0,36,Sales,Sales Representative,0.23872358,Low Risk
35,890,2,3,4,0,97,3,1,4,2014,9687,1,0,13,3,1,0,2,3,3,2,2,2,2,False,True,False,False,False,False,False,False,False,True,True,False,False,True,False,True,False,False,False,671.3333333333334,0.6666666666666666,3.5,0,37,Sales,Sales Representative,0.0012818512,Low Risk
36,852,5,4,2,0,82,2,1,1,3419,13072,9,1,14,3,4,1,6,3,4,1,1,0,0,True,False,False,False,False,False,False,True,False,False,True,False,False,True,True,False,False,False,False,488.42857142857144,0.0,2.25,0,38,Research & Development,Research Scientist,0.0072893878,Low Risk
33,1141,1,3,3,0,42,4,2,1,5376,3193,2,0,19,3,1,2,10,3,3,5,3,1,3,False,True,False,False,False,False,False,False,True,False,True,False,True,False,True,False,False,False,False,488.72727272727275,0.16666666666666666,2.75,0,39,Sales,Sales Executive,0.001368768,Low Risk
35,464,4,2,3,1,75,3,1,4,1951,10910,1,0,12,3,3,1,1,3,3,1,0,0,0,True,False,False,True,False,False,False,False,False,False,False,False,False,True,False,False,False,True,False,975.5,0.0,3.25,0,40,Research & Development,Laboratory Technician,0.0035004201,Low Risk
27,1240,2,4,4,0,33,3,1,1,2341,19715,1,0,13,3,4,1,1,6,3,1,0,0,0,True,False,False,True,False,False,False,False,False,False,False,False,False,True,True,False,False,False,False,1170.5,0.0,2.75,0,41,Research & Development,Laboratory Technician,0.43555218,Medium Risk
26,1357,25,3,1,1,48,1,1,3,2293,10558,1,0,12,3,3,0,1,2,2,1,0,0,1,True,False,False,True,False,False,False,False,False,False,False,True,False,True,True,False,False,False,False,1146.5,0.0,1.75,0,42,Research & Development,Laboratory Technician,0.99764,High Risk
27,994,8,3,4,1,37,3,3,3,8726,2975,1,0,15,3,4,0,9,0,3,9,8,1,7,False,True,False,False,False,False,False,False,True,False,False,True,True,False,True,False,False,False,False,872.6,0.1,3.25,0,43,Sales,Sales Executive,0.0019583018,Low Risk
30,721,1,2,3,0,58,3,2,4,4011,10781,1,0,23,4,4,0,12,2,3,12,8,3,7,True,False,False,True,False,False,False,False,False,False,False,True,True,False,False,False,True,False,False,308.53846153846155,0.23076923076923078,3.25,0,44,Research & Development,Laboratory Technician,0.004763453,Low Risk
41,1360,12,3,2,0,49,3,5,3,19545,16280,1,0,12,3,4,0,23,0,3,22,15,15,8,True,False,False,False,False,False,True,False,False,False,True,False,False,True,False,False,False,False,True,814.375,0.6521739130434783,2.75,0,45,Research & Development,Research Director,0.004401483,Low Risk
34,1065,23,4,2,1,72,3,2,3,4568,10034,0,0,20,4,3,0,10,2,3,9,5,8,7,False,True,False,False,False,False,False,False,True,False,False,True,False,False,False,True,False,False,False,415.27272727272725,0.8,2.75,0,46,Sales,Sales Executive,0.0019579541,Low Risk
37,408,19,2,2,1,73,3,1,2,3022,10227,4,0,21,4,1,0,8,1,3,1,0,0,0,True,False,False,False,False,False,False,True,False,False,True,False,False,True,True,False,False,False,False,335.77777777777777,0.0,2.5,0,47,Research & Development,Research Scientist,0.006491667,Low Risk
46,1211,5,4,1,1,98,3,2,4,5772,20445,4,1,21,4,3,0,14,4,3,9,6,0,8,False,True,False,False,False,False,False,False,True,False,False,True,True,False,False,True,False,False,False,384.8,0.0,2.75,0,48,Sales,Sales Executive,0.014233982,Low Risk
35,1229,8,1,4,1,36,4,1,4,2269,4892,1,0,19,3,4,0,1,2,3,1,0,0,1,True,False,False,True,False,False,False,False,False,False,True,False,False,True,True,False,False,False,False,1134.5,0.0,3.75,0,49,Research & Development,Laboratory Technician,0.0026202109,Low Risk
48,626,1,2,1,1,98,2,3,3,5381,19294,9,1,13,3,4,0,23,2,3,1,0,0,0,True,False,False,True,False,False,False,False,False,False,False,True,False,True,True,False,False,False,False,224.20833333333334,0.0,2.25,0,50,Research & Development,Laboratory Technician,0.98159516,High Risk
28,1434,5,4,3,1,50,3,1,3,3441,11179,1,1,13,3,3,0,2,3,2,2,2,2,2,True,False,False,True,False,False,False,False,False,False,False,True,False,True,False,False,False,False,True,1147.0,0.6666666666666666,2.75,1,51,Research & Development,Laboratory Technician,0.9947584,High Risk
44,1488,1,5,2,0,75,3,2,1,5454,4009,5,1,21,4,3,1,9,2,2,4,3,1,3,False,True,False,False,False,False,False,False,True,False,False,False,False,True,False,True,False,False,False,545.4,0.2,2.0,1,52,Sales,Sales Executive,0.0020004876,Low Risk
35,1097,11,2,3,1,79,2,3,1,9884,8302,2,1,13,3,3,1,10,3,3,4,0,2,3,True,False,False,False,False,False,False,False,False,False,True,False,False,False,False,False,True,False,False,898.5454545454545,0.4,2.25,0,53,Research & Development,Human Resources,0.003413087,Low Risk
26,1443,23,3,3,0,47,2,2,4,4157,21436,7,1,19,3,3,1,5,2,2,2,2,0,0,False,True,False,False,False,False,False,False,True,False,True,False,False,True,False,True,False,False,False,692.8333333333334,0.0,2.75,1,54,Sales,Sales Executive,0.02809713,Low Risk
33,515,1,2,1,0,98,3,3,4,13458,15146,1,1,12,3,3,0,15,1,3,15,14,8,12,True,False,False,False,False,False,True,False,False,False,False,True,True,False,True,False,False,False,False,841.125,0.5,2.75,0,55,Research & Development,Research Director,0.012169127,Low Risk
35,853,18,5,2,1,71,3,3,1,9069,11031,1,0,22,4,4,1,9,3,2,9,8,1,8,False,True,False,False,False,False,False,False,True,False,True,False,True,False,True,False,False,False,False,906.9,0.1,2.0,0,56,Sales,Sales Executive,0.013468972,Low Risk
35,1142,23,4,3,0,30,3,1,1,4014,16002,3,1,15,3,3,1,4,3,3,2,2,2,2,True,False,False,True,False,False,False,False,False,False,True,False,False,True,False,False,True,False,False,802.8,0.6666666666666666,2.5,0,57,Research & Development,Laboratory Technician,0.0034357847,Low Risk
31,655,7,4,4,1,48,3,2,4,5915,9528,3,0,22,4,4,1,10,3,2,7,7,1,7,True,False,False,True,False,False,False,False,False,False,False,False,False,True,True,False,False,False,False,537.7272727272727,0.125,3.25,0,58,Research & Development,Laboratory Technician,0.0006282264,Low Risk
37,1115,1,4,1,1,51,2,2,3,5993,2689,1,0,18,3,3,1,7,2,4,7,5,0,7,True,False,False,False,False,True,False,False,False,False,False,False,False,True,True,False,False,False,False,749.125,0.0,2.5,0,59,Research & Development,Manufacturing Director,1.6987075e-05,Low Risk
32,427,1,3,1,1,33,3,2,4,6162,10877,1,1,22,4,2,1,9,3,3,9,8,7,8,True,False,False,False,False,True,False,False,False,False,True,False,False,True,False,False,True,False,False,616.2,0.7,2.75,0,60,Research & Development,Manufacturing Director,0.0056134528,Low Risk
38,653,29,5,4,0,50,3,2,4,2406,5456,1,0,11,3,4,0,10,2,3,10,3,9,9,True,False,False,True,False,False,False,False,False,False,False,True,True,False,True,False,False,False,False,218.72727272727272,0.8181818181818182,3.5,0,61,Research & Development,Laboratory Technician,0.005424432,Low Risk
50,989,7,2,2,0,43,2,5,3,18740,16701,5,1,12,3,4,1,29,2,2,27,3,13,8,True,False,False,False,False,False,True,False,False,False,False,False,False,True,False,False,True,False,False,624.6666666666666,0.4642857142857143,2.25,1,62,Research & Development,Research Director,0.011859142,Low Risk
59,1435,25,3,1,0,99,3,3,1,7637,2354,7,0,11,3,4,0,28,3,2,21,16,7,9,False,True,False,False,False,False,False,False,True,False,False,True,False,True,True,False,False,False,False,263.3448275862069,0.3181818181818182,1.75,0,63,Sales,Sales Executive,0.003803197,Low Risk
36,1223,8,3,3,0,59,3,3,3,10096,8202,1,0,13,3,2,3,17,2,3,17,14,12,8,True,False,False,False,False,False,False,False,False,False,False,False,False,True,False,False,False,False,True,560.8888888888889,0.6666666666666666,3.0,0,64,Research & Development,Human Resources,0.00022888303,Low Risk
55,836,8,3,4,0,33,3,4,3,14756,19730,2,1,14,3,3,3,21,2,3,5,0,0,2,True,False,False,False,True,False,False,False,False,False,False,False,False,True,False,False,True,False,False,670.7272727272727,0.0,3.25,0,65,Research & Development,Manager,9.985516e-05,Low Risk
36,1195,11,3,2,1,95,2,2,2,6499,22656,1,0,13,3,3,0,6,3,3,6,5,0,3,True,False,False,False,False,True,False,False,False,False,False,True,True,False,True,False,False,False,False,928.4285714285714,0.0,2.25,0,66,Research & Development,Manufacturing Director,0.0020994293,Low Risk
45,1339,7,3,2,1,59,3,3,1,9724,18787,2,0,17,3,3,1,25,2,3,1,0,0,0,True,False,False,False,False,False,False,True,False,False,False,False,False,True,True,False,False,False,False,374.0,0.0,2.25,0,67,Research & Development,Research Scientist,1.5652531e-05,Low Risk
35,664,1,3,2,1,79,3,1,1,2194,5868,4,0,13,3,4,1,5,2,2,3,2,1,2,True,False,False,False,False,False,False,True,False,False,True,False,True,False,False,False,True,False,False,365.6666666666667,0.25,2.0,0,68,Research & Development,Research Scientist,0.0034039968,Low Risk
36,318,9,3,4,1,79,2,1,3,3388,21777,0,1,17,3,1,1,2,0,2,1,0,0,0,True,False,False,False,False,False,False,True,False,False,True,False,False,True,False,False,True,False,False,1129.3333333333333,0.0,2.75,1,69,Research & Development,Research Scientist,0.10298843,Low Risk
59,1225,1,1,1,0,57,2,2,3,5473,24668,7,0,11,3,4,0,20,2,2,4,3,1,3,False,True,False,False,False,False,False,False,True,False,False,True,True,False,True,False,False,False,False,260.6190476190476,0.2,2.0,0,70,Sales,Sales Executive,0.0051588668,Low Risk
29,1328,2,3,3,1,76,3,1,2,2703,4956,0,0,23,4,4,1,6,3,3,5,4,0,4,True,False,False,False,False,False,False,True,False,False,True,False,False,True,True,False,False,False,False,386.14285714285717,0.0,2.75,0,71,Research & Development,Research Scientist,1.8627643e-06,Low Risk
31,1082,1,4,3,1,87,3,1,2,2501,18775,1,0,17,3,2,0,1,4,3,1,1,1,0,True,False,False,False,False,False,False,True,False,False,False,True,False,True,False,False,True,False,False,1250.5,0.5,2.75,0,72,Research & Development,Research Scientist,0.025895149,Low Risk
32,548,1,3,2,1,66,3,2,2,6220,7346,1,0,17,3,2,2,10,3,3,10,4,0,9,True,False,False,False,False,False,False,True,False,False,True,False,False,True,True,False,False,False,False,565.4545454545455,0.0,2.5,0,73,Research & Development,Research Scientist,2.2340791e-05,Low Risk
36,132,6,3,2,0,55,4,1,4,3038,22002,3,0,12,3,2,0,5,3,3,1,0,0,0,True,False,False,True,False,False,False,False,False,False,True,False,False,True,True,False,False,False,False,506.3333333333333,0.0,3.25,0,74,Research & Development,Laboratory Technician,0.00052692764,Low Risk
31,746,8,4,3,0,61,3,2,4,4424,20682,1,0,23,4,4,0,11,2,3,11,7,1,8,True,False,False,False,False,True,False,False,False,False,False,True,False,True,True,False,False,False,False,368.6666666666667,0.08333333333333333,3.25,0,75,Research & Development,Manufacturing Director,0.0005149539,Low Risk
35,776,1,4,3,1,32,2,2,1,4312,23016,0,0,14,3,2,0,16,2,3,15,13,2,8,False,True,False,False,False,False,False,False,True,False,False,True,False,True,False,True,False,False,False,253.64705882352942,0.125,2.25,0,76,Sales,Sales Executive,0.002503967,Low Risk
45,193,6,4,4,1,52,3,3,1,13245,15067,4,1,14,3,2,0,17,3,4,0,0,0,0,True,False,False,False,False,False,True,False,False,False,True,False,False,True,False,False,False,True,False,735.8333333333334,0.0,3.0,0,77,Research & Development,Research Director,0.008395239,Low Risk
37,397,7,4,1,1,30,3,3,3,13664,25258,4,0,13,3,1,0,16,3,4,5,2,0,2,True,False,False,False,False,False,True,False,False,False,False,True,False,True,False,False,True,False,False,803.7647058823529,0.0,2.75,0,78,Research & Development,Research Director,0.001877798,Low Risk
46,945,5,2,2,1,80,3,2,2,5021,10425,8,1,22,4,4,1,16,2,3,4,2,0,2,False,False,True,False,False,False,False,False,False,False,False,False,False,True,False,False,True,False,False,295.3529411764706,0.0,2.5,0,79,Research & Development,Human Resources,0.003733013,Low Risk
30,852,1,1,4,1,55,2,2,4,5126,15998,1,1,12,3,3,2,10,1,2,10,8,3,0,True,False,False,True,False,False,False,False,False,False,True,False,False,True,True,False,False,False,False,466.0,0.2727272727272727,3.0,1,80,Research & Development,Laboratory Technician,0.0022457403,Low Risk
35,1214,1,3,2,1,30,2,1,3,2859,26278,1,0,18,3,1,0,6,3,3,6,4,0,4,True,False,False,False,False,False,False,True,False,False,False,True,False,True,False,False,True,False,False,408.42857142857144,0.0,2.5,0,81,Research & Development,Research Scientist,0.00015817373,Low Risk
55,111,1,2,1,1,70,3,3,4,10239,18092,3,0,14,3,4,1,24,4,3,1,0,1,0,False,True,False,False,False,False,False,False,True,False,True,False,False,True,True,False,False,False,False,409.56,0.5,2.75,0,82,Sales,Sales Executive,0.006403676,Low Risk
38,573,6,3,2,0,79,1,2,4,5329,15717,7,1,12,3,4,3,17,3,3,13,11,1,9,True,False,False,False,False,False,False,True,False,False,False,False,False,False,False,False,True,False,False,296.05555555555554,0.07142857142857142,2.5,0,83,Research & Development,Research Scientist,0.00087143003,Low Risk
34,1153,1,2,1,1,94,3,2,2,4325,17736,1,0,15,3,3,0,5,2,3,5,2,1,3,True,False,False,False,False,True,False,False,False,False,True,False,False,True,False,False,True,False,False,720.8333333333334,0.16666666666666666,2.25,0,84,Research & Development,Manufacturing Director,0.001578564,Low Risk
56,1400,7,3,4,1,49,1,3,4,7260,21698,4,0,11,3,1,0,37,3,2,6,4,0,2,True,False,False,False,False,True,False,False,False,False,False,True,False,True,True,False,False,False,False,191.05263157894737,0.0,2.75,0,85,Research & Development,Manufacturing Director,0.00038669657,Low Risk
23,541,2,1,3,1,62,3,1,1,2322,9518,3,0,13,3,3,1,3,3,3,0,0,0,0,False,True,False,False,False,False,False,False,False,True,False,False,False,True,False,False,False,False,True,580.5,0.0,2.5,0,86,Sales,Sales Representative,0.03386304,Low Risk
51,432,9,4,4,1,96,3,1,4,2075,18725,3,0,23,4,2,2,10,4,3,4,2,0,3,True,False,False,True,False,False,False,False,False,False,True,False,False,True,True,False,False,False,False,188.63636363636363,0.0,3.5,0,87,Research & Development,Laboratory Technician,0.0011965112,Low Risk
30,288,2,3,3,1,99,2,2,4,4152,15830,1,0,19,3,1,3,11,3,3,11,10,10,8,True,False,False,False,False,False,False,False,False,False,True,False,False,True,True,False,False,False,False,346.0,0.8333333333333334,3.0,0,88,Research & Development,Human Resources,0.00067676714,Low Risk
46,669,9,2,3,1,64,2,3,4,9619,13596,1,0,16,3,4,0,9,3,3,9,8,4,7,False,True,False,False,False,False,False,False,True,False,False,True,False,True,False,False,True,False,False,961.9,0.4,3.0,0,89,Sales,Sales Executive,0.9789115,High Risk
40,530,1,4,3,1,78,2,4,2,13503,14115,1,0,22,4,4,1,22,3,2,22,3,11,11,True,False,False,False,False,False,False,False,False,False,True,False,True,False,True,False,False,False,False,587.0869565217391,0.4782608695652174,2.25,0,90,Research & Development,Human Resources,0.00019288792,Low Risk
51,632,21,4,3,1,71,3,2,4,5441,8423,0,1,22,4,4,0,11,2,1,10,7,1,0,False,True,False,False,False,False,False,False,True,False,False,True,False,True,False,True,False,False,False,453.4166666666667,0.09090909090909091,2.75,1,91,Sales,Sales Executive,0.012048318,Low Risk
30,1334,4,2,3,0,63,2,2,2,5209,19760,1,1,12,3,2,3,11,4,2,11,8,2,7,False,True,False,False,False,False,False,False,True,False,False,False,False,True,False,False,True,False,False,434.0833333333333,0.16666666666666666,2.25,1,92,Sales,Sales Executive,0.00067294546,Low Risk
46,638,1,3,3,1,40,2,3,1,10673,3142,2,1,13,3,3,1,21,5,2,10,9,9,5,True,False,False,False,False,False,False,False,False,False,True,False,True,False,False,False,True,False,False,485.1363636363636,0.8181818181818182,2.0,1,93,Research & Development,Human Resources,0.009339804,Low Risk
32,1093,6,4,2,1,87,3,2,3,5010,24301,1,0,16,3,1,0,12,0,3,11,8,5,7,False,True,False,False,False,False,False,False,True,False,False,True,False,True,False,False,True,False,False,385.38461538461536,0.4166666666666667,2.75,0,94,Sales,Sales Executive,0.0036309063,Low Risk
54,1217,2,4,1,0,60,3,3,3,13549,24001,9,0,12,3,1,1,16,5,1,4,3,0,3,True,False,False,False,False,False,True,False,False,False,True,False,False,True,False,False,False,False,True,797.0,0.0,2.0,0,95,Research & Development,Research Director,0.00016022436,Low Risk
24,1353,3,2,1,0,33,3,2,3,4999,17519,0,0,21,4,1,1,4,2,2,3,2,0,2,False,True,False,False,False,False,False,False,True,False,True,False,False,True,False,False,False,True,False,999.8,0.0,2.25,0,96,Sales,Sales Executive,0.0027490177,Low Risk
28,120,4,3,2,1,43,3,2,3,4221,8863,1,0,15,3,2,0,5,3,4,5,4,0,4,False,True,False,False,False,False,False,False,True,False,True,False,False,False,False,False,True,False,False,703.5,0.0,3.0,0,97,Sales,Sales Executive,8.511844e-05,Low Risk
58,682,10,4,4,1,37,3,4,3,13872,24409,0,0,13,3,3,0,38,1,2,37,10,1,8,False,True,False,False,False,False,False,False,True,False,False,True,False,True,False,False,True,False,False,355.6923076923077,0.02631578947368421,3.0,0,98,Sales,Sales Executive,0.00034693212,Low Risk
44,489,23,3,2,1,67,3,2,2,2042,25043,4,0,12,3,3,1,17,3,4,3,2,1,2,True,False,False,True,False,False,False,False,False,False,True,False,False,False,False,False,True,False,False,113.44444444444444,0.25,2.75,0,99,Research & Development,Laboratory Technician,0.00023736016,Low Risk
37,807,6,4,3,1,63,3,1,1,2073,23648,4,1,22,4,4,0,7,3,3,3,2,0,2,False,False,True,False,False,False,False,False,False,False,False,False,False,True,False,False,False,False,False,259.125,0.0,2.5,0,100,Research & Development,Human Resources,0.98089015,High Risk
32,827,1,1,4,1,71,3,1,1,2956,15178,1,0,13,3,4,0,1,2,3,1,0,0,0,True,False,False,False,False,False,False,True,False,False,False,True,False,True,True,False,False,False,False,1478.0,0.0,2.75,0,101,Research & Development,Research Scientist,0.0004904827,Low Risk
20,871,6,3,4,0,66,2,1,4,2926,19783,1,1,18,3,2,0,1,5,3,1,0,1,0,True,False,False,True,False,False,False,False,False,False,False,True,True,False,True,False,False,False,False,1463.0,0.5,3.25,0,102,Research & Development,Laboratory Technician,0.99576724,High Risk
34,665,6,4,1,0,41,3,2,3,4809,12482,1,0,14,3,3,0,16,3,3,16,13,2,10,True,False,False,False,False,False,False,True,False,False,False,True,False,True,False,False,False,True,False,282.88235294117646,0.11764705882352941,2.5,0,103,Research & Development,Research Scientist,9.75481e-05,Low Risk
37,1040,2,2,3,1,100,2,2,4,5163,15850,5,0,14,3,4,1,17,2,4,1,0,0,0,True,False,False,False,False,False,False,False,False,False,False,False,False,False,True,False,False,False,False,286.8333333333333,0.0,3.25,0,104,Research & Development,Human Resources,0.00016347265,Low Risk
59,1420,2,4,3,0,32,2,5,4,18844,21922,9,0,21,4,4,1,30,3,3,3,2,2,2,False,False,False,False,True,False,False,False,False,False,True,False,False,False,False,False,False,False,False,607.8709677419355,0.5,3.0,0,105,Research & Development,Manager,4.9383587e-05,Low Risk
50,1115,1,3,1,0,73,3,5,2,18172,9755,3,1,19,3,1,0,28,1,2,8,3,0,7,True,False,False,False,False,False,True,False,False,False,True,False,True,False,True,False,False,False,False,626.6206896551724,0.0,2.0,1,106,Research & Development,Research Director,0.010724417,Low Risk
25,240,5,3,3,1,46,2,2,3,5744,26959,1,1,11,3,4,0,6,1,3,6,4,0,3,False,True,False,False,False,False,False,False,True,False,False,True,False,True,False,True,False,False,False,820.5714285714286,0.0,2.75,0,107,Sales,Sales Executive,0.9732151,High Risk
25,1280,7,1,4,1,64,2,1,4,2889,26897,1,0,11,3,3,2,2,2,3,2,2,2,1,True,False,False,False,False,False,False,True,False,False,True,False,False,True,False,False,True,False,False,963.0,0.6666666666666666,3.25,0,108,Research & Development,Research Scientist,0.0001939171,Low Risk
22,534,15,3,2,0,59,3,1,4,2871,23785,1,0,15,3,3,0,1,5,3,0,0,0,0,True,False,False,True,False,False,False,False,False,False,False,True,False,True,False,False,True,False,False,1435.5,0.0,3.0,0,109,Research & Development,Laboratory Technician,0.090333976,Low Risk
51,1456,1,4,1,0,30,2,3,1,7484,25796,3,0,20,4,3,0,23,1,2,13,12,12,8,True,False,False,False,False,False,False,False,False,False,False,True,True,False,False,False,True,False,False,311.8333333333333,0.8571428571428571,1.5,0,110,Research & Development,Human Resources,0.008277134,Low Risk
34,658,7,3,1,1,66,1,2,3,6074,22887,1,1,24,4,4,0,9,3,3,9,7,0,6,True,False,False,True,False,False,False,False,False,False,False,True,True,False,True,False,False,False,False,607.4,0.0,2.0,0,111,Research & Development,Laboratory Technician,0.9887318,High Risk
54,142,26,3,4,0,30,4,4,4,17328,13871,2,1,12,3,3,0,23,3,3,5,3,4,4,False,False,False,False,True,False,False,False,False,False,False,True,False,False,False,False,False,False,False,722.0,0.6666666666666666,3.75,0,112,Research & Development,Manager,0.004783707,Low Risk
24,1127,18,1,2,1,52,3,1,3,2774,13257,0,0,12,3,3,1,6,2,3,5,3,1,2,True,False,False,True,False,False,False,False,False,False,True,False,False,True,True,False,False,False,False,396.2857142857143,0.16666666666666666,2.75,0,113,Research & Development,Laboratory Technician,0.00048478553,Low Risk
34,1031,6,4,3,0,45,2,2,2,4505,15000,6,0,15,3,3,1,12,3,3,1,0,0,0,True,False,False,False,False,False,False,True,False,False,False,False,False,True,True,False,False,False,False,346.53846153846155,0.0,2.5,0,114,Research & Development,Research Scientist,0.00010797252,Low Risk
37,1189,3,3,3,1,87,3,3,4,7428,14506,2,0,12,3,1,0,12,3,3,5,3,1,3,False,True,False,False,False,False,False,False,True,False,False,True,False,True,True,False,False,False,False,571.3846153846154,0.16666666666666666,3.25,0,115,Sales,Sales Executive,0.0019266456,Low Risk
34,1354,5,3,3,0,45,2,3,1,11631,5615,2,0,12,3,4,0,14,6,3,11,10,5,8,True,False,False,False,True,False,False,False,False,False,False,True,False,True,False,False,True,False,False,775.4,0.4166666666666667,2.25,0,116,Research & Development,Manager,0.0005227694,Low Risk
36,1467,11,2,2,0,92,3,3,4,9738,22952,0,0,14,3,3,1,10,6,3,9,7,2,8,False,True,False,False,False,False,False,False,True,False,True,False,True,False,False,False,False,False,True,885.2727272727273,0.2,3.0,0,117,Sales,Sales Executive,0.0009968351,Low Risk
36,922,3,2,1,0,39,3,1,4,2835,2561,5,0,22,4,1,1,7,2,3,1,0,0,0,True,False,False,True,False,False,False,False,False,False,False,False,False,True,True,False,False,False,False,354.375,0.0,2.75,0,118,Research & Development,Laboratory Technician,0.015094645,Low Risk
43,394,26,2,3,1,92,3,4,4,16959,19494,1,1,12,3,4,2,25,3,4,25,12,4,12,False,True,False,False,True,False,False,False,False,False,True,False,True,False,True,False,False,False,False,652.2692307692307,0.15384615384615385,3.5,0,119,Sales,Manager,0.0035927217,Low Risk
30,1312,23,3,1,1,96,1,1,3,2613,22310,1,0,25,4,3,3,10,2,2,10,7,0,9,True,False,False,False,False,False,False,True,False,False,False,False,True,False,True,False,False,False,False,237.54545454545453,0.0,1.75,0,120,Research & Development,Research Scientist,0.0063330918,Low Risk
33,750,22,2,3,1,95,3,2,2,6146,15480,0,0,13,3,1,1,8,2,4,7,7,0,7,False,True,False,False,False,False,False,False,True,False,True,False,False,False,False,True,False,False,False,682.8888888888889,0.0,3.0,0,121,Sales,Sales Executive,0.003162966,Low Risk
56,441,14,4,2,0,72,3,1,2,4963,4510,9,1,18,3,1,3,7,2,3,5,4,4,3,True,False,False,False,False,False,False,True,False,False,True,False,False,True,True,False,False,False,False,620.375,0.6666666666666666,2.5,0,122,Research & Development,Research Scientist,0.012504004,Low Risk
51,684,6,3,1,1,51,3,5,3,19537,6462,7,0,13,3,3,0,23,5,3,20,18,15,15,True,False,False,False,False,False,True,False,False,False,False,True,False,True,True,False,False,False,False,814.0416666666666,0.7142857142857143,2.5,0,123,Research & Development,Research Director,0.013797375,Low Risk
31,249,6,4,2,1,76,1,2,3,6172,20739,4,1,18,3,2,0,12,3,2,7,7,7,7,False,True,False,False,False,False,False,False,True,False,True,False,False,True,True,False,False,False,False,474.7692307692308,0.875,2.0,1,124,Sales,Sales Executive,0.99486685,High Risk
26,841,6,3,3,0,46,2,1,2,2368,23300,1,0,19,3,3,0,5,3,2,5,4,4,3,True,False,False,False,False,False,False,True,False,False,True,False,False,True,False,False,False,True,False,394.6666666666667,0.6666666666666666,2.25,0,125,Research & Development,Research Scientist,0.0070905075,Low Risk
58,147,23,4,4,0,94,3,3,4,10312,3465,1,0,12,3,4,1,40,3,2,40,10,15,6,True,False,False,False,False,False,False,False,False,False,True,False,False,True,False,False,True,False,False,251.5121951219512,0.36585365853658536,3.25,0,126,Research & Development,Human Resources,0.0008217201,Low Risk
19,528,22,1,4,1,50,3,1,3,1675,26820,1,1,19,3,4,0,0,2,2,0,0,0,0,False,True,False,False,False,False,False,False,False,True,False,True,False,True,False,True,False,False,False,1675.0,0.0,3.0,1,127,Sales,Sales Representative,0.9992066,High Risk
22,594,2,1,3,1,100,3,1,4,2523,19299,0,0,14,3,3,1,3,2,3,2,1,2,1,True,False,False,True,False,False,False,False,False,False,True,False,False,True,False,False,False,False,True,630.75,0.6666666666666666,3.25,0,128,Research & Development,Laboratory Technician,0.00090408267,Low Risk
49,470,20,4,3,0,96,3,2,1,6567,5549,1,0,14,3,3,0,16,2,2,15,11,5,11,True,False,False,False,False,True,False,False,False,False,True,False,False,True,False,False,True,False,False,386.29411764705884,0.3125,2.25,0,129,Research & Development,Manufacturing Director,0.0033466471,Low Risk
43,957,28,3,2,0,72,4,1,3,4739,16090,4,0,12,3,4,0,18,2,3,3,2,1,2,True,False,False,False,False,False,False,True,False,False,False,True,True,False,False,False,True,False,False,249.42105263157896,0.25,3.0,0,130,Research & Development,Research Scientist,0.00022963346,Low Risk
50,809,12,3,3,0,77,3,3,4,9208,6645,4,0,11,3,4,0,16,3,3,2,2,2,1,False,True,False,False,False,False,False,False,True,False,False,True,True,False,False,True,False,False,False,541.6470588235294,0.6666666666666666,3.25,0,131,Sales,Sales Executive,0.0011720569,Low Risk
31,542,20,3,2,0,71,1,2,3,4559,24788,3,1,11,3,3,1,4,2,3,2,2,2,2,False,True,False,False,False,False,False,False,True,False,True,False,False,True,True,False,False,False,False,911.8,0.6666666666666666,2.25,0,132,Sales,Sales Executive,0.52773285,Medium Risk
41,802,9,1,3,1,96,3,3,3,8189,21196,3,1,13,3,3,1,12,2,3,9,7,0,7,False,True,False,False,False,False,False,False,True,False,False,False,False,True,True,False,False,False,False,629.9230769230769,0.0,3.0,0,133,Sales,Sales Executive,0.00449715,Low Risk
26,1355,25,1,3,0,61,3,1,3,2942,8916,1,0,23,4,4,1,8,3,3,8,7,5,7,False,False,True,False,False,False,False,False,False,False,True,False,False,True,True,False,False,False,False,326.8888888888889,0.5555555555555556,3.0,0,134,Research & Development,Human Resources,0.003362901,Low Risk
36,216,6,2,2,1,84,3,2,2,4941,2819,6,0,20,4,4,2,7,0,3,3,2,0,1,True,False,False,False,False,True,False,False,False,False,False,False,False,True,False,False,True,False,False,617.625,0.0,2.5,0,135,Research & Development,Manufacturing Director,0.00045086627,Low Risk
51,1150,8,4,1,1,53,1,3,4,10650,25150,2,0,15,3,4,0,18,2,3,4,2,0,3,True,False,False,False,False,True,False,False,False,False,False,True,True,False,True,False,False,False,False,560.5263157894736,0.0,2.25,0,136,Research & Development,Manufacturing Director,0.030545259,Low Risk
39,1329,4,4,4,0,47,2,2,3,5902,14590,4,0,14,3,3,1,17,1,4,15,11,5,9,False,True,False,False,False,False,False,False,True,False,True,False,False,True,True,False,False,False,False,327.8888888888889,0.3125,3.25,0,137,Sales,Sales Executive,0.000112294256,Low Risk
25,959,28,3,1,1,41,2,2,3,8639,24835,2,0,18,3,4,0,6,3,3,2,2,2,2,False,True,False,False,False,False,False,False,True,False,True,False,False,True,True,False,False,False,False,1234.142857142857,0.6666666666666666,2.25,0,138,Sales,Sales Executive,0.019584352,Low Risk
30,1240,9,3,3,1,48,3,2,4,6347,13982,0,1,19,3,4,0,12,2,1,11,9,4,7,False,False,True,False,False,False,False,False,False,False,True,False,False,True,False,False,False,False,False,488.2307692307692,0.3333333333333333,2.75,1,139,Research & Development,Human Resources,0.00056757015,Low Risk
32,1033,9,3,1,0,41,3,1,1,4200,10224,7,0,22,4,1,0,10,2,4,5,4,0,4,True,False,False,True,False,False,False,False,False,False,False,True,False,True,False,False,True,False,False,381.8181818181818,0.0,2.25,0,140,Research & Development,Laboratory Technician,0.9945958,High Risk
45,1316,29,3,3,1,83,3,1,4,3452,9752,5,0,13,3,2,0,9,2,2,6,5,0,3,True,False,False,False,False,False,False,True,False,False,False,True,False,True,False,False,True,False,False,345.2,0.0,3.0,0,141,Research & Development,Research Scientist,0.0017104237,Low Risk
38,364,3,5,4,0,32,3,2,3,4317,2302,3,1,20,4,2,0,19,2,3,3,2,2,2,True,False,False,False,False,False,False,True,False,False,False,True,False,True,False,False,False,False,True,215.85,0.5,3.25,0,142,Research & Development,Research Scientist,0.0039195847,Low Risk
30,438,18,3,1,0,75,3,1,3,2632,23910,1,0,14,3,3,0,5,4,2,5,4,0,4,True,False,False,False,False,False,False,True,False,False,False,True,False,True,True,False,False,False,False,438.6666666666667,0.0,2.25,0,143,Research & Development,Research Scientist,0.0014863025,Low Risk
32,689,9,2,4,1,35,1,2,4,4668,22812,0,0,17,3,4,3,9,2,4,8,7,0,7,False,True,False,False,False,False,False,False,True,False,False,False,True,False,False,False,True,False,False,466.8,0.0,3.25,0,144,Sales,Sales Executive,0.0017100956,Low Risk
30,201,5,3,4,0,84,3,1,1,3204,10415,5,0,14,3,4,1,8,3,3,3,2,2,2,True,False,False,False,False,False,False,True,False,False,False,False,False,True,False,False,False,False,True,356.0,0.5,2.75,0,145,Research & Development,Research Scientist,9.275858e-05,Low Risk
30,1427,2,1,2,1,35,2,1,4,2720,11162,0,0,13,3,4,0,6,3,3,5,3,1,2,True,False,False,True,False,False,False,False,False,False,False,True,False,True,False,False,True,False,False,388.57142857142856,0.16666666666666666,2.75,0,146,Research & Development,Laboratory Technician,0.0006568249,Low Risk
41,857,10,3,4,1,91,2,4,1,17181,12888,4,0,13,3,2,1,21,2,2,7,6,7,7,True,False,False,False,True,False,False,False,False,False,False,False,True,False,True,False,False,False,False,780.9545454545455,0.875,2.25,0,147,Research & Development,Manager,0.0042924834,Low Risk
41,933,9,4,3,1,94,3,1,1,2238,6961,2,0,21,4,4,1,7,2,3,5,0,1,4,True,False,False,True,False,False,False,False,False,False,True,False,False,True,True,False,False,False,False,279.75,0.16666666666666666,2.5,0,148,Research & Development,Laboratory Technician,0.0067804237,Low Risk
19,1181,3,1,2,0,79,3,1,2,1483,16102,1,0,14,3,4,0,1,3,3,1,0,0,0,True,False,False,True,False,False,False,False,False,False,False,True,False,True,False,False,True,False,False,741.5,0.0,2.5,0,149,Research & Development,Laboratory Technician,0.022016637,Low Risk
40,1395,26,3,2,0,54,3,2,2,5605,8504,1,0,11,3,1,1,20,2,3,20,7,2,13,True,False,False,False,False,False,False,True,False,False,False,False,True,False,False,False,True,False,False,266.9047619047619,0.09523809523809523,2.5,0,150,Research & Development,Research Scientist,0.0004766406,Low Risk
35,662,1,5,3,1,94,3,3,2,7295,11439,1,0,13,3,1,2,10,3,3,10,8,0,6,False,True,False,False,False,False,False,False,True,False,True,False,False,True,False,True,False,False,False,663.1818181818181,0.0,2.75,0,151,Sales,Sales Executive,0.005641997,Low Risk
53,1436,6,2,2,1,34,3,2,3,2306,16047,2,1,20,4,4,1,13,3,1,7,7,4,5,False,True,False,False,False,False,False,False,False,True,True,False,False,True,False,True,False,False,False,164.71428571428572,0.5,2.25,1,152,Sales,Sales Representative,0.010559344,Low Risk
45,194,9,3,2,1,60,3,2,2,2348,10901,8,0,18,3,3,1,20,2,1,17,9,0,15,True,False,False,True,False,False,False,False,False,False,False,False,False,True,True,False,False,False,False,111.80952380952381,0.0,2.0,0,153,Research & Development,Laboratory Technician,0.010817694,Low Risk
32,967,8,3,2,0,43,3,3,4,8998,15589,1,0,14,3,4,0,9,2,3,9,8,3,7,False,True,False,False,False,False,False,False,True,False,False,True,True,False,False,True,False,False,False,899.8,0.3,3.0,0,154,Sales,Sales Executive,0.00250245,Low Risk
29,1496,1,1,4,1,41,3,2,3,4319,26283,1,0,13,3,1,1,10,1,3,10,7,0,9,True,False,False,False,False,True,False,False,False,False,True,False,False,False,False,False,False,False,True,392.6363636363636,0.0,3.25,0,155,Research & Development,Manufacturing Director,2.2847664e-05,Low Risk
51,1169,7,4,2,1,34,2,2,3,6132,13983,2,0,17,3,3,0,10,2,3,1,0,0,0,True,False,False,False,False,True,False,False,False,False,True,False,False,True,False,False,True,False,False,557.4545454545455,0.0,2.5,0,156,Research & Development,Manufacturing Director,0.0004738873,Low Risk
58,1145,9,3,2,0,75,2,1,2,3346,11873,4,1,20,4,2,1,9,3,2,1,0,0,0,True,False,False,False,False,False,False,True,False,False,True,False,False,True,False,False,True,False,False,334.6,0.0,2.0,1,157,Research & Development,Research Scientist,0.002239718,Low Risk
40,630,4,4,3,1,67,2,3,4,10855,8552,7,0,11,3,1,1,15,2,2,12,11,2,11,False,True,False,False,False,False,False,False,True,False,True,False,False,True,False,True,False,False,False,678.4375,0.15384615384615385,2.75,0,158,Sales,Sales Executive,0.012547626,Low Risk
34,303,2,4,3,0,75,3,1,3,2231,11314,6,0,18,3,4,1,6,3,3,4,3,1,2,False,True,False,False,False,False,False,False,False,True,True,False,True,False,False,True,False,False,False,318.7142857142857,0.2,3.0,0,159,Sales,Sales Representative,0.006020879,Low Risk
22,1256,19,1,3,1,80,3,1,4,2323,11992,1,0,24,4,1,2,2,6,3,2,2,2,2,True,False,False,False,False,False,False,True,False,False,True,False,False,True,False,False,True,False,False,774.3333333333334,0.6666666666666666,3.25,0,160,Research & Development,Research Scientist,0.00020172878,Low Risk
27,691,9,3,4,1,57,3,1,2,2024,5970,6,0,18,3,4,1,6,1,1,2,2,2,2,True,False,False,False,False,False,False,True,False,False,False,False,False,False,False,False,True,False,False,289.14285714285717,0.6666666666666666,2.5,0,161,Research & Development,Research Scientist,0.0069926153,Low Risk
28,440,21,3,3,1,42,3,1,4,2713,6672,1,0,11,3,3,1,5,2,1,5,2,0,2,True,False,False,False,False,False,False,True,False,False,True,False,False,True,False,False,True,False,False,452.1666666666667,0.0,2.75,0,162,Research & Development,Research Scientist,0.00088595215,Low Risk
57,334,24,2,3,1,83,4,3,4,9439,23402,3,1,16,3,2,1,12,2,1,5,3,1,4,True,False,False,False,False,False,False,False,False,False,False,False,False,True,True,False,False,False,False,726.0769230769231,0.16666666666666666,3.0,1,163,Research & Development,Human Resources,0.0073638214,Low Risk
27,1450,3,3,3,1,79,2,1,3,2566,25326,1,1,15,3,4,1,1,2,2,1,1,0,1,True,False,False,False,False,False,False,True,False,False,False,False,False,False,False,False,True,False,False,1283.0,0.0,2.5,1,164,Research & Development,Research Scientist,0.0021888148,Low Risk
50,1452,11,3,3,0,53,3,5,2,19926,17053,3,0,15,3,2,0,21,5,3,5,4,4,4,True,False,False,False,True,False,False,False,False,False,False,True,False,True,True,False,False,False,False,905.7272727272727,0.6666666666666666,2.75,0,165,Research & Development,Manager,0.0004548604,Low Risk
41,465,14,3,1,1,56,3,1,3,2451,4609,4,0,12,3,1,1,13,2,3,9,8,1,8,True,False,False,False,False,False,False,True,False,False,False,False,False,True,True,False,False,False,False,175.07142857142858,0.1,2.5,0,166,Research & Development,Research Scientist,0.00051187916,Low Risk
30,1339,5,3,2,0,41,3,3,4,9419,8053,2,0,12,3,3,1,12,2,3,10,9,7,4,False,True,False,False,False,False,False,False,True,False,True,False,False,True,True,False,False,False,False,724.5384615384615,0.6363636363636364,3.0,0,167,Sales,Sales Executive,0.0014179818,Low Risk
38,702,1,4,1,0,59,2,2,4,8686,12930,4,0,22,4,3,0,12,2,4,8,3,0,7,False,True,False,False,False,False,False,False,True,False,False,True,False,True,True,False,False,False,False,668.1538461538462,0.0,2.75,0,168,Sales,Sales Executive,0.0048130816,Low Risk
32,120,6,5,3,1,43,3,1,3,3038,12430,3,0,20,4,1,0,8,2,3,5,4,1,4,True,False,False,False,False,False,False,True,False,False,False,True,False,True,True,False,False,False,False,337.55555555555554,0.16666666666666666,3.0,0,169,Research & Development,Research Scientist,0.00027752513,Low Risk
27,1157,17,3,3,1,51,3,1,2,3058,13364,0,1,16,3,4,1,6,3,2,5,2,1,1,True,False,False,False,False,False,False,True,False,False,True,False,False,True,False,False,False,False,True,436.85714285714283,0.16666666666666666,2.5,1,170,Research & Development,Research Scientist,0.0023480153,Low Risk
19,602,1,1,3,0,100,1,1,1,2325,20989,0,0,21,4,1,0,1,5,4,0,0,0,0,False,True,False,False,False,False,False,False,False,True,False,True,True,False,False,False,False,False,True,1162.5,0.0,2.25,0,171,Sales,Sales Representative,0.99433064,High Risk
36,1480,3,2,4,1,30,3,1,2,2088,15062,4,0,12,3,3,0,13,3,2,8,7,7,2,True,False,False,True,False,False,False,False,False,False,False,True,True,False,False,False,True,False,False,149.14285714285714,0.7777777777777778,2.75,0,172,Research & Development,Laboratory Technician,0.009131335,Low Risk
30,111,9,3,3,1,66,3,2,1,3072,11012,1,0,11,3,3,2,12,4,3,12,9,6,10,True,False,False,True,False,False,False,False,False,False,False,False,False,False,False,False,True,False,False,236.30769230769232,0.46153846153846156,2.5,0,173,Research & Development,Laboratory Technician,0.0019355936,Low Risk
45,1268,4,2,3,0,30,3,2,1,5006,6319,4,1,11,3,1,1,9,3,4,5,4,0,3,False,True,False,False,False,False,False,False,True,False,False,False,False,True,True,False,False,False,False,500.6,0.0,2.75,0,174,Sales,Sales Executive,0.01304328,Low Risk
56,713,8,3,3,0,67,3,1,1,4257,13939,4,1,18,3,3,1,19,3,3,2,2,2,2,True,False,False,False,False,False,False,True,False,False,False,False,False,True,True,False,False,False,False,212.85,0.6666666666666666,2.5,0,175,Research & Development,Research Scientist,0.00057682587,Low Risk
33,134,2,3,3,1,90,3,1,4,2500,10515,0,0,14,3,1,0,4,2,4,3,1,0,2,True,False,False,False,False,False,False,True,False,False,False,True,False,True,True,False,False,False,False,500.0,0.0,3.5,0,176,Research & Development,Research Scientist,0.0011801645,Low Risk
19,303,2,3,2,1,47,2,1,4,1102,9241,1,0,22,4,3,0,1,3,2,1,0,1,0,True,False,False,True,False,False,False,False,False,False,False,True,False,True,True,False,False,False,False,551.0,0.5,2.5,0,177,Research & Development,Laboratory Technician,0.98844844,High Risk
46,526,1,2,2,0,92,3,3,1,10453,2137,1,0,25,4,3,3,24,2,3,24,13,15,7,False,True,False,False,False,False,False,False,True,False,False,False,False,True,False,True,False,False,False,418.12,0.6,2.25,0,178,Sales,Sales Executive,0.00065683,Low Risk
38,1380,9,2,3,0,75,3,1,4,2288,6319,1,0,12,3,3,0,2,3,3,2,2,2,1,True,False,False,True,False,False,False,False,False,False,False,True,False,True,True,False,False,False,False,762.6666666666666,0.6666666666666666,3.25,0,179,Research & Development,Laboratory Technician,0.0015099116,Low Risk
31,140,12,1,3,0,95,3,1,4,3929,6984,8,1,23,4,3,1,7,0,3,4,2,0,2,True,False,False,False,False,False,False,True,False,False,True,False,False,True,False,False,True,False,False,491.125,0.0,3.25,0,180,Research & Development,Research Scientist,0.00065162673,Low Risk
34,629,27,2,4,0,95,3,1,2,2311,5711,2,0,15,3,4,0,9,3,3,3,2,1,2,True,False,False,False,False,False,False,True,False,False,False,True,False,True,False,False,True,False,False,231.1,0.25,3.0,0,181,Research & Development,Research Scientist,0.00013262585,Low Risk
41,1356,20,2,2,0,70,3,1,2,3140,21728,1,1,22,4,4,0,4,5,2,4,3,0,2,False,True,False,False,False,False,False,False,False,True,False,True,False,True,False,True,False,False,False,628.0,0.0,2.25,1,182,Sales,Sales Representative,0.82038015,High Risk
50,328,1,3,3,1,86,2,1,3,3690,3425,2,0,15,3,4,1,5,2,2,3,2,0,2,True,False,False,True,False,False,False,False,False,False,True,False,False,True,False,False,True,False,False,615.0,0.0,2.5,0,183,Research & Development,Laboratory Technician,0.0018340617,Low Risk
53,1084,13,2,4,0,57,4,2,1,4450,26250,1,0,11,3,3,2,5,3,3,4,2,1,3,True,False,False,False,False,True,False,False,False,False,False,False,False,True,False,False,True,False,False,741.6666666666666,0.2,3.0,0,184,Research & Development,Manufacturing Director,0.00023344948,Low Risk
33,931,14,3,4,0,72,3,1,2,2756,4673,1,0,13,3,4,1,8,5,3,8,7,1,6,True,False,False,False,False,False,False,True,False,False,True,False,False,True,False,False,True,False,False,306.22222222222223,0.1111111111111111,3.0,0,185,Research & Development,Research Scientist,0.00020424268,Low Risk
40,989,4,1,4,0,46,3,5,3,19033,6499,1,0,14,3,2,1,21,2,3,20,8,9,9,True,False,False,False,True,False,False,False,False,False,True,False,False,True,False,False,True,False,False,865.1363636363636,0.42857142857142855,3.25,0,186,Research & Development,Manager,0.0001711934,Low Risk
55,692,14,4,3,1,61,4,5,2,18722,13339,8,0,11,3,4,0,36,3,3,24,15,2,15,True,False,False,False,False,False,True,False,False,False,False,True,False,True,False,False,True,False,False,506.0,0.08,3.0,0,187,Research & Development,Research Director,0.00083224755,Low Risk
34,1069,2,1,4,1,45,2,2,3,9547,14074,1,0,17,3,3,0,10,2,2,10,9,1,9,True,False,False,False,False,True,False,False,False,False,True,False,True,False,True,False,False,False,False,867.9090909090909,0.09090909090909091,2.75,0,188,Research & Development,Manufacturing Director,0.00022374188,Low Risk
51,313,3,3,4,0,98,3,4,2,13734,7192,3,0,18,3,3,0,21,6,3,7,7,1,0,True,False,False,False,False,False,False,False,False,False,False,True,False,True,False,False,True,False,False,624.2727272727273,0.125,3.0,0,189,Research & Development,Human Resources,4.8638594e-05,Low Risk
52,699,1,4,3,1,65,2,5,3,19999,5678,0,0,14,3,1,1,34,5,3,33,18,11,9,True,False,False,False,True,False,False,False,False,False,True,False,False,True,True,False,False,False,False,571.4,0.3235294117647059,2.75,0,190,Research & Development,Manager,0.000566927,Low Risk
27,894,9,3,4,0,99,3,1,2,2279,11781,1,0,16,3,4,0,7,2,2,7,7,0,3,True,False,False,False,False,False,False,True,False,False,False,True,False,True,False,False,True,False,False,284.875,0.0,2.75,0,191,Research & Development,Research Scientist,0.0030704062,Low Risk
35,556,23,2,2,1,50,2,2,3,5916,15497,3,1,13,3,1,0,8,1,3,1,0,0,1,True,False,False,False,False,True,False,False,False,False,True,False,False,True,True,False,False,False,False,657.3333333333334,0.0,2.5,0,192,Research & Development,Manufacturing Director,0.9831088,High Risk
43,1344,7,3,4,1,37,4,1,4,2089,5228,4,0,14,3,4,3,7,3,4,5,4,2,2,True,False,False,False,False,False,False,True,False,False,False,False,False,False,False,False,True,False,False,261.125,0.3333333333333333,4.0,0,193,Research & Development,Research Scientist,6.630281e-05,Low Risk
45,1195,2,2,1,1,65,2,4,4,16792,20462,9,0,23,4,4,1,22,1,3,20,8,11,8,True,False,False,False,True,False,False,False,False,False,True,False,False,False,False,False,True,False,False,730.0869565217391,0.5238095238095238,2.5,0,194,Research & Development,Manager,0.0015425406,Low Risk
37,290,21,3,2,1,65,4,1,1,3564,22977,1,1,12,3,1,1,8,3,2,8,7,1,7,True,False,False,False,False,False,False,True,False,False,True,False,False,True,True,False,False,False,False,396.0,0.1111111111111111,2.25,1,195,Research & Development,Research Scientist,0.003253843,Low Risk
35,138,2,3,2,0,37,3,2,2,4425,15986,5,0,11,3,4,0,10,5,3,6,2,1,2,True,False,False,True,False,False,False,False,False,False,False,True,True,False,False,False,True,False,False,402.27272727272725,0.14285714285714285,2.5,0,196,Research & Development,Laboratory Technician,0.00013743993,Low Risk
42,926,21,2,3,0,36,3,2,3,5265,16439,2,0,16,3,2,1,11,5,3,5,3,0,2,True,False,False,False,False,True,False,False,False,False,False,False,False,False,False,False,True,False,False,438.75,0.0,3.0,0,197,Research & Development,Manufacturing Director,8.658937e-06,Low Risk
38,1261,2,4,4,1,88,3,2,3,6553,7259,9,0,14,3,2,0,14,3,3,1,0,0,0,True,False,False,False,False,True,False,False,False,False,True,False,False,True,True,False,False,False,False,436.8666666666667,0.0,3.25,0,198,Research & Development,Manufacturing Director,0.00014111906,Low Risk
38,1084,29,3,4,1,54,3,2,4,6261,4185,3,0,18,3,1,1,9,3,1,7,7,1,7,True,False,False,False,False,True,False,False,False,False,True,False,False,True,False,False,False,False,True,626.1,0.125,3.0,0,199,Research & Development,Manufacturing Director,0.0011725795,Low Risk
27,472,1,1,3,1,60,2,2,1,4298,9679,5,0,19,3,3,1,6,1,3,2,2,2,0,True,False,False,False,False,True,False,False,False,False,True,False,True,False,False,False,False,False,True,614.0,0.6666666666666666,2.25,0,200,Research & Development,Manufacturing Director,0.0014097475,Low Risk
49,1002,18,4,4,1,92,3,2,4,6804,23793,1,1,15,3,1,2,7,0,3,7,7,1,7,True,False,False,False,False,True,False,False,False,False,False,False,False,False,True,False,False,False,False,850.5,0.125,3.5,0,201,Research & Development,Manufacturing Director,0.0035607743,Low Risk
34,878,10,4,4,1,43,3,1,3,3815,5972,1,1,17,3,4,1,5,4,4,5,3,2,0,True,False,False,False,False,False,False,True,False,False,False,False,True,False,False,False,True,False,False,635.8333333333334,0.3333333333333333,3.5,0,202,Research & Development,Research Scientist,0.009368853,Low Risk
40,905,19,2,3,1,99,3,2,4,2741,16523,8,1,15,3,3,1,15,2,4,7,2,3,7,True,False,False,True,False,False,False,False,False,False,True,False,False,True,False,False,True,False,False,171.3125,0.375,3.5,0,203,Research & Development,Laboratory Technician,0.006409813,Low Risk
38,1180,29,1,2,1,70,3,2,1,6673,11354,7,1,19,3,2,0,17,2,3,1,0,0,0,True,False,False,False,False,False,False,False,False,False,True,False,False,True,False,False,True,False,False,370.72222222222223,0.0,2.25,0,204,Research & Development,Human Resources,0.98903954,High Risk
29,121,27,3,2,0,35,3,3,4,7639,24525,1,0,22,4,4,3,10,3,2,10,4,1,9,False,True,False,False,False,False,False,False,True,False,True,False,False,True,False,True,False,False,False,694.4545454545455,0.09090909090909091,2.75,0,205,Sales,Sales Executive,0.9619391,High Risk
22,1136,5,3,4,1,60,4,1,2,2328,12392,1,1,16,3,1,1,4,2,2,4,2,2,2,True,False,False,False,False,False,False,True,False,False,False,False,False,True,True,False,False,False,False,465.6,0.4,3.0,1,206,Research & Development,Research Scientist,0.013459067,Low Risk
36,635,18,1,2,0,73,3,1,4,2153,7703,1,0,13,3,1,0,8,2,3,8,1,1,7,True,False,False,True,False,False,False,False,False,False,False,True,True,False,False,False,True,False,False,239.22222222222223,0.1111111111111111,3.0,0,207,Research & Development,Laboratory Technician,0.0027628057,Low Risk
40,1151,9,5,4,1,63,2,2,4,4876,14242,9,0,14,3,4,1,5,5,1,3,2,0,2,True,False,False,False,False,False,False,False,False,False,True,False,False,False,True,False,False,False,False,812.6666666666666,0.0,2.75,0,208,Research & Development,Human Resources,0.00032860684,Low Risk
46,644,1,4,4,1,97,3,3,1,9396,12368,7,0,16,3,3,1,17,3,3,4,2,0,3,True,False,False,False,False,False,False,False,False,False,False,False,False,True,False,False,True,False,False,522.0,0.0,2.75,0,209,Research & Development,Human Resources,0.0037879292,Low Risk
32,1045,4,4,4,1,32,1,3,4,10400,25812,1,0,11,3,3,0,14,2,2,14,8,9,8,False,True,False,False,False,False,False,False,True,False,True,False,False,True,False,False,True,False,False,693.3333333333334,0.6,2.75,0,210,Sales,Sales Executive,0.9792474,High Risk
30,829,1,1,3,1,88,2,3,3,8474,20925,1,0,22,4,3,0,12,2,3,11,8,5,8,True,False,False,False,False,True,False,False,False,False,False,True,False,False,True,False,False,False,False,651.8461538461538,0.4166666666666667,2.75,0,211,Research & Development,Manufacturing Director,0.0005517674,Low Risk
27,1242,20,3,4,0,90,3,2,3,9981,12916,1,0,14,3,4,0,7,2,3,7,7,0,7,False,True,False,False,False,False,False,False,True,False,False,True,True,False,True,False,False,False,False,1247.625,0.0,3.25,0,212,Sales,Sales Executive,0.0017058564,Low Risk
51,1469,8,4,2,1,81,2,3,2,12490,15736,5,0,16,3,4,2,16,5,1,10,9,4,7,True,False,False,False,False,False,True,False,False,False,True,False,False,True,True,False,False,False,False,734.7058823529412,0.36363636363636365,1.75,0,213,Research & Development,Research Director,0.0025425642,Low Risk
30,1005,3,3,4,0,88,3,1,1,2657,8556,5,1,11,3,3,0,8,5,3,5,2,0,4,True,False,False,False,False,False,False,True,False,False,False,True,False,True,False,False,False,False,True,295.22222222222223,0.0,2.75,0,214,Research & Development,Research Scientist,0.9737883,High Risk
41,896,6,3,4,0,75,3,3,4,13591,14674,3,1,18,3,3,0,16,3,3,1,0,0,0,False,True,False,False,True,False,False,False,False,False,False,True,False,True,True,False,False,False,False,799.4705882352941,0.0,3.5,0,215,Sales,Manager,0.00015940588,Low Risk
30,334,26,4,3,0,52,2,2,1,6696,22967,5,0,15,3,3,0,9,5,2,6,3,0,1,False,True,False,False,False,False,False,False,True,False,False,True,True,False,False,True,False,False,False,669.6,0.0,2.0,0,216,Sales,Sales Executive,0.9960157,High Risk
29,992,1,3,3,1,85,3,1,3,2058,19757,0,0,14,3,4,0,7,1,2,6,2,1,5,True,False,False,False,False,False,False,True,False,False,False,True,False,True,False,False,False,False,True,257.25,0.14285714285714285,2.75,0,217,Research & Development,Research Scientist,0.00047889948,Low Risk
45,1052,6,3,4,0,57,2,3,4,8865,16840,6,0,12,3,4,0,23,2,3,19,7,12,8,False,True,False,False,False,False,False,False,True,False,False,True,False,False,False,False,True,False,False,369.375,0.6,3.25,0,218,Sales,Sales Executive,0.0006832018,Low Risk
54,1147,3,3,4,0,52,3,2,1,5940,17011,2,0,14,3,4,1,16,4,3,6,2,0,5,False,True,False,False,False,False,False,False,True,False,True,False,False,True,False,True,False,False,False,349.4117647058824,0.0,2.75,0,219,Sales,Sales Executive,0.00010616816,Low Risk
36,1396,5,2,4,1,62,3,2,2,5914,9945,8,0,16,3,4,0,16,3,4,13,11,3,7,True,False,False,True,False,False,False,False,False,False,False,True,False,True,True,False,False,False,False,347.88235294117646,0.21428571428571427,3.25,0,220,Research & Development,Laboratory Technician,0.0033228542,Low Risk
33,147,4,4,3,0,47,2,1,2,2622,13248,6,0,21,4,4,0,7,3,3,3,2,1,1,True,False,False,False,False,False,False,True,False,False,True,False,False,True,False,False,True,False,False,327.75,0.25,2.5,0,221,Research & Development,Research Scientist,0.0009482693,Low Risk
37,663,11,3,2,1,47,3,3,4,12185,10056,1,1,14,3,3,3,10,1,3,10,8,0,7,True,False,False,False,False,False,True,False,False,False,False,False,True,False,False,False,False,True,False,1107.7272727272727,0.0,3.0,0,222,Research & Development,Research Director,0.009316155,Low Risk
38,119,3,3,1,1,76,3,3,3,10609,9647,0,0,12,3,3,2,17,6,2,16,10,5,13,False,True,False,False,False,False,False,False,True,False,False,False,False,True,True,False,False,False,False,589.3888888888889,0.29411764705882354,2.25,0,223,Sales,Sales Executive,0.0017356449,Low Risk
31,979,1,4,3,1,90,1,2,3,4345,4381,0,0,12,3,4,1,6,2,3,5,4,1,4,True,False,False,False,False,True,False,False,False,False,True,False,False,False,False,False,True,False,False,620.7142857142857,0.16666666666666666,2.5,0,224,Research & Development,Manufacturing Director,0.00010198992,Low Risk
59,142,3,3,3,1,70,2,1,4,2177,8456,3,0,17,3,1,1,7,6,3,1,0,0,0,True,False,False,False,False,False,False,True,False,False,True,False,False,True,True,False,False,False,False,272.125,0.0,3.0,0,225,Research & Development,Research Scientist,0.0005342677,Low Risk
37,319,4,4,1,1,41,3,1,4,2793,2539,4,0,17,3,3,1,13,2,3,9,8,5,8,False,True,False,False,False,False,False,False,False,True,False,False,True,False,False,True,False,False,False,199.5,0.5,2.75,0,226,Sales,Sales Representative,0.0047592097,Low Risk
29,1413,1,1,2,0,42,3,3,4,7918,6599,1,0,14,3,4,1,11,5,3,11,10,4,1,False,True,False,False,False,False,False,False,True,False,True,False,True,False,False,False,True,False,False,659.8333333333334,0.3333333333333333,3.0,0,227,Sales,Sales Executive,0.00045706905,Low Risk
35,944,1,3,3,0,92,3,3,3,8789,9096,1,0,14,3,1,0,10,3,4,10,7,0,8,False,True,False,False,False,False,False,False,True,False,False,True,True,False,False,True,False,False,False,799.0,0.0,3.25,0,228,Sales,Sales Executive,0.0039729318,Low Risk
29,896,18,1,3,1,86,2,1,4,2389,14961,1,1,13,3,3,0,4,3,2,4,3,0,1,True,False,False,False,False,False,False,True,False,False,False,True,False,True,False,False,True,False,False,477.8,0.0,2.75,1,229,Research & Development,Research Scientist,0.9607478,High Risk
52,1323,2,3,3,0,89,2,1,4,3212,3300,7,0,15,3,2,0,6,3,2,2,2,2,2,True,False,False,True,False,False,False,False,False,False,False,True,False,True,True,False,False,False,False,458.85714285714283,0.6666666666666666,2.75,0,230,Research & Development,Laboratory Technician,0.0047963094,Low Risk
42,532,4,2,3,1,58,3,5,4,19232,4933,1,0,11,3,4,0,22,3,3,22,17,11,15,True,False,False,False,True,False,False,False,False,False,True,False,False,True,False,False,False,False,True,836.1739130434783,0.4782608695652174,3.25,0,231,Research & Development,Manager,0.0048525217,Low Risk
59,818,6,2,2,1,52,3,1,3,2267,25657,8,0,17,3,4,0,7,2,2,2,2,2,2,False,False,True,False,False,False,False,False,False,False,True,False,False,True,False,False,True,False,False,283.375,0.6666666666666666,2.5,0,232,Research & Development,Human Resources,0.010238576,Low Risk
50,854,1,4,4,0,68,3,5,4,19517,24118,3,0,11,3,3,1,32,3,2,7,0,0,6,False,True,False,False,True,False,False,False,False,False,False,False,False,True,False,False,True,False,False,591.4242424242424,0.0,3.25,0,233,Sales,Manager,4.0784944e-05,Low Risk
33,813,14,3,3,1,58,3,1,4,2436,22149,5,1,13,3,3,1,8,2,1,5,4,0,4,True,False,False,True,False,False,False,False,False,False,True,False,False,True,False,False,True,False,False,270.6666666666667,0.0,2.75,1,234,Research & Development,Laboratory Technician,0.99497306,High Risk
43,1034,16,3,4,0,80,3,4,4,16064,7744,5,1,22,4,3,1,22,3,3,17,13,1,9,False,True,False,False,True,False,False,False,False,False,True,False,False,True,False,True,False,False,False,698.4347826086956,0.05555555555555555,3.5,0,235,Sales,Manager,0.0025355937,Low Risk
33,465,2,2,1,0,39,3,1,1,2707,21509,7,0,20,4,1,0,13,3,4,9,7,1,7,True,False,False,True,False,False,False,False,False,False,True,False,False,True,True,False,False,False,False,193.35714285714286,0.1,2.25,0,236,Research & Development,Laboratory Technician,0.9815964,High Risk
52,771,2,4,1,1,79,2,5,3,19068,21030,1,1,18,3,4,0,33,2,4,33,7,15,12,False,True,False,False,True,False,False,False,False,False,False,True,False,False,True,False,False,False,False,560.8235294117648,0.4411764705882353,2.5,0,237,Sales,Manager,0.008820384,Low Risk
32,1401,4,2,3,0,56,3,1,2,3931,20990,2,0,11,3,1,1,6,5,3,4,3,1,2,False,True,False,False,False,False,False,False,False,True,True,False,False,True,True,False,False,False,False,561.5714285714286,0.2,2.75,0,238,Sales,Sales Representative,0.004621737,Low Risk
32,515,1,3,4,1,62,2,1,3,3730,9571,0,1,14,3,4,0,4,2,1,3,2,1,2,True,False,False,True,False,False,False,False,False,False,False,True,False,True,True,False,False,False,False,746.0,0.25,2.5,1,239,Research & Development,Laboratory Technician,0.00944901,Low Risk
39,1431,1,4,3,0,96,3,1,3,2232,15417,7,0,14,3,3,3,7,1,3,3,2,1,2,True,False,False,True,False,False,False,False,False,False,False,False,False,True,False,False,True,False,False,279.0,0.25,3.0,0,240,Research & Development,Laboratory Technician,0.0003869116,Low Risk
32,976,26,4,3,1,100,3,2,4,4465,12069,0,0,18,3,1,0,4,2,3,3,2,2,2,False,True,False,False,False,False,False,False,True,False,True,False,False,False,False,True,False,False,False,893.0,0.5,3.25,0,241,Sales,Sales Executive,0.0009472444,Low Risk
41,1411,19,2,3,1,36,3,2,1,3072,19877,2,0,16,3,1,2,17,2,2,1,0,0,0,True,False,False,False,False,False,False,True,False,False,False,False,False,True,True,False,False,False,False,170.66666666666666,0.0,2.25,0,242,Research & Development,Research Scientist,0.010257418,Low Risk
40,1300,24,2,1,1,62,3,2,4,3319,24447,1,0,17,3,1,2,9,3,3,9,8,4,7,True,False,False,False,False,False,False,True,False,False,False,False,False,True,False,False,False,False,True,331.9,0.4,2.75,0,243,Research & Development,Research Scientist,0.0009085096,Low Risk
45,252,1,3,3,1,70,4,5,4,19202,15970,0,0,11,3,3,1,25,2,3,24,0,1,7,True,False,False,False,True,False,False,False,False,False,True,False,False,True,False,False,False,True,False,738.5384615384615,0.04,3.5,0,244,Research & Development,Manager,0.00026002474,Low Risk
31,1327,3,4,2,1,73,3,3,3,13675,13523,9,0,12,3,1,1,9,3,3,2,2,2,2,True,False,False,False,False,False,True,False,False,False,False,False,True,False,False,False,True,False,False,1367.5,0.6666666666666666,2.75,0,245,Research & Development,Research Director,0.0042202645,Low Risk
33,832,5,4,3,0,63,2,1,4,2911,14776,1,0,13,3,3,1,2,2,2,2,2,0,2,True,False,False,False,False,False,False,True,False,False,True,False,False,True,True,False,False,False,False,970.3333333333334,0.0,2.75,0,246,Research & Development,Research Scientist,1.1952075e-05,Low Risk
34,470,2,4,4,1,84,2,2,1,5957,23687,6,0,13,3,2,1,13,3,3,11,9,5,9,True,False,False,False,False,True,False,False,False,False,True,False,False,True,True,False,False,False,False,425.5,0.4166666666666667,2.5,0,247,Research & Development,Manufacturing Director,0.0016529007,Low Risk
37,1017,1,2,3,0,83,2,1,1,3920,18697,2,0,14,3,1,1,17,2,2,3,1,0,2,True,False,False,False,False,False,False,True,False,False,True,False,False,True,False,False,True,False,False,217.77777777777777,0.0,2.0,0,248,Research & Development,Research Scientist,4.170983e-05,Low Risk
45,1199,7,4,1,1,77,4,2,3,6434,5118,4,0,17,3,4,1,9,1,3,3,2,0,2,True,False,False,False,False,True,False,False,False,False,True,False,True,False,True,False,False,False,False,643.4,0.0,2.75,0,249,Research & Development,Manufacturing Director,0.0005868429,Low Risk
37,504,10,3,1,1,61,3,3,3,10048,22573,6,0,11,3,2,2,17,5,3,1,0,0,0,True,False,False,False,False,True,False,False,False,False,False,False,True,False,False,False,True,False,False,558.2222222222222,0.0,2.5,0,250,Research & Development,Manufacturing Director,0.97773904,High Risk
39,505,2,4,3,0,64,3,3,3,10938,6420,0,0,25,4,4,0,20,1,3,19,6,11,8,True,False,False,False,False,False,False,False,False,False,False,True,True,False,False,False,False,False,True,520.8571428571429,0.55,3.0,0,251,Research & Development,Human Resources,0.001104254,Low Risk
29,665,15,3,3,1,60,3,1,4,2340,22673,1,0,19,3,1,0,6,1,3,6,5,1,5,True,False,False,False,False,False,False,True,False,False,False,True,False,True,True,False,False,False,False,334.2857142857143,0.14285714285714285,3.25,0,252,Research & Development,Research Scientist,0.00065078086,Low Risk
42,916,17,2,4,0,82,4,2,1,6545,23016,3,1,13,3,3,0,10,1,3,3,2,0,2,True,False,False,False,False,False,False,True,False,False,False,True,False,True,True,False,False,False,False,595.0,0.0,3.0,0,253,Research & Development,Research Scientist,0.0022705952,Low Risk
29,1247,20,2,4,1,45,3,2,4,6931,10732,2,0,14,3,4,1,10,2,3,3,2,0,2,False,True,False,False,False,False,False,False,True,False,False,False,False,True,False,True,False,False,False,630.0909090909091,0.0,3.5,0,254,Sales,Sales Executive,2.4506478e-05,Low Risk
25,685,1,3,1,0,62,3,2,3,4898,7505,0,0,12,3,4,2,5,3,3,4,2,1,2,True,False,False,False,False,True,False,False,False,False,True,False,False,True,True,False,False,False,False,816.3333333333334,0.2,2.5,0,255,Research & Development,Manufacturing Director,0.00026655715,Low Risk
42,269,2,3,4,0,56,2,1,1,2593,8007,0,1,11,3,3,1,10,4,3,9,6,7,8,True,False,False,True,False,False,False,False,False,False,False,False,False,True,False,False,True,False,False,235.72727272727272,0.7,2.5,0,256,Research & Development,Laboratory Technician,0.0030908026,Low Risk
40,1416,2,2,1,1,49,3,5,3,19436,5949,0,0,19,3,4,1,22,5,3,21,7,3,9,True,False,False,False,False,False,True,False,False,False,False,False,False,True,False,False,True,False,False,845.0434782608696,0.13636363636363635,2.5,0,257,Research & Development,Research Director,0.00013120634,Low Risk
51,833,1,3,3,1,96,3,1,4,2723,23231,1,0,11,3,2,0,1,0,2,1,0,0,0,True,False,False,False,False,False,False,True,False,False,True,False,False,True,True,False,False,False,False,1361.5,0.0,3.0,0,258,Research & Development,Research Scientist,0.0016970905,Low Risk
31,307,29,2,3,1,71,2,1,2,3479,11652,0,0,11,3,2,0,6,2,4,5,4,1,4,True,False,False,True,False,False,False,False,False,False,False,True,True,False,False,False,True,False,False,497.0,0.16666666666666666,2.75,0,259,Research & Development,Laboratory Technician,0.9825836,High Risk
32,1311,7,3,2,1,100,4,1,2,2794,26062,1,0,20,4,3,0,5,3,1,5,1,0,3,True,False,False,True,False,False,False,False,False,False,True,False,True,False,True,False,False,False,False,465.6666666666667,0.0,2.25,0,260,Research & Development,Laboratory Technician,0.008876984,Low Risk
38,1327,2,2,4,1,39,2,2,4,5249,19682,3,0,18,3,4,1,13,0,3,8,7,7,5,False,True,False,False,False,False,False,False,True,False,True,False,False,False,True,False,False,False,False,374.92857142857144,0.7777777777777778,3.25,0,261,Sales,Sales Executive,0.00015089008,Low Risk
32,128,2,1,4,1,84,2,2,1,2176,19737,4,0,13,3,4,0,9,5,3,6,2,0,4,True,False,False,True,False,False,False,False,False,False,False,True,False,True,False,False,False,False,True,217.6,0.0,2.5,0,262,Research & Development,Laboratory Technician,0.0053568413,Low Risk
46,488,2,3,3,0,75,1,4,2,16872,14977,3,1,12,3,2,1,28,2,2,7,7,7,7,False,True,False,False,True,False,False,False,False,False,True,False,False,True,False,False,False,False,True,581.7931034482758,0.875,2.0,1,263,Sales,Manager,0.010662385,Low Risk
28,529,2,4,1,1,79,3,1,3,3485,14935,2,0,11,3,3,0,5,5,1,0,0,0,0,True,False,False,True,False,False,False,False,False,False,False,True,False,True,True,False,False,False,False,580.8333333333334,0.0,2.0,0,264,Research & Development,Laboratory Technician,0.9909803,High Risk
29,1210,2,3,1,1,78,2,2,2,6644,3687,2,0,19,3,2,2,10,2,3,0,0,0,0,False,True,False,False,False,False,False,False,True,False,True,False,False,True,False,False,True,False,False,604.0,0.0,2.0,0,265,Sales,Sales Executive,0.002271454,Low Risk
31,1463,23,3,2,1,64,2,2,4,5582,14408,0,0,21,4,2,1,10,2,3,9,0,7,8,True,False,False,False,False,False,False,False,False,False,True,False,False,True,False,False,True,False,False,507.45454545454544,0.7,2.75,0,266,Research & Development,Human Resources,0.00017368718,Low Risk
25,675,5,2,2,1,85,4,2,1,4000,18384,1,0,12,3,4,2,6,2,3,6,3,1,5,True,False,False,False,False,False,False,False,False,False,False,False,False,False,True,False,False,False,False,571.4285714285714,0.14285714285714285,2.5,0,267,Research & Development,Human Resources,0.00051117723,Low Risk
45,1385,20,2,3,1,79,3,4,4,13496,7501,0,1,14,3,2,0,21,2,3,20,7,4,10,True,False,False,False,False,False,False,False,False,False,True,False,False,True,False,False,True,False,False,613.4545454545455,0.19047619047619047,3.25,0,268,Research & Development,Human Resources,0.0004923034,Low Risk
36,1403,6,3,4,1,47,3,1,4,3210,20251,0,0,11,3,3,1,16,4,3,15,13,10,11,True,False,False,True,False,False,False,False,False,False,True,False,False,True,True,False,False,False,False,188.8235294117647,0.625,3.5,0,269,Research & Development,Laboratory Technician,0.00015027825,Low Risk
55,452,1,3,4,1,81,3,5,1,19045,18938,0,1,14,3,3,0,37,2,3,36,10,4,13,True,False,False,False,True,False,False,False,False,False,False,True,False,True,False,False,True,False,False,501.1842105263158,0.10810810810810811,2.75,0,270,Research & Development,Manager,0.00067413686,Low Risk
47,666,29,4,1,1,88,3,3,2,11849,10268,1,1,12,3,4,1,10,2,2,10,7,9,9,True,False,False,False,True,False,False,False,False,False,True,False,False,False,True,False,False,False,False,1077.1818181818182,0.8181818181818182,2.0,1,271,Research & Development,Manager,0.97070307,High Risk
28,1158,9,3,4,1,94,3,1,4,2070,2613,1,0,23,4,4,1,5,3,2,5,2,0,4,True,False,False,False,False,False,False,True,False,False,True,False,False,True,False,False,True,False,False,345.0,0.0,3.25,0,272,Research & Development,Research Scientist,4.716564e-05,Low Risk
37,228,6,4,3,1,98,3,2,4,6502,22825,4,0,14,3,2,1,7,5,4,5,4,0,1,False,True,False,False,False,False,False,False,True,False,True,False,False,True,False,False,True,False,False,812.75,0.0,3.5,0,273,Sales,Sales Executive,0.0005133731,Low Risk
21,996,3,2,4,1,100,2,1,3,3230,10531,1,0,17,3,1,0,3,4,4,3,2,1,0,True,False,False,False,False,False,False,True,False,False,False,True,False,True,False,False,True,False,False,807.5,0.25,3.25,0,274,Research & Development,Research Scientist,0.05877265,Low Risk
37,728,1,4,1,0,80,3,3,4,13603,11677,2,1,18,3,1,2,15,2,3,5,2,0,2,True,False,False,False,False,False,True,False,False,False,False,False,False,False,False,False,True,False,False,850.1875,0.0,2.75,0,275,Research & Development,Research Director,8.542165e-05,Low Risk
35,1315,22,3,2,0,71,4,3,2,11996,19100,7,0,18,3,2,1,10,6,2,7,7,6,2,True,False,False,False,True,False,False,False,False,False,False,False,False,True,True,False,False,False,False,1090.5454545454545,0.75,2.5,0,276,Research & Development,Manager,9.384572e-06,Low Risk
38,322,7,2,1,0,44,4,2,1,5605,19191,1,1,24,4,3,1,8,3,3,8,0,7,7,False,True,False,False,False,False,False,False,True,False,False,False,False,True,False,False,True,False,False,622.7777777777778,0.7777777777777778,2.25,0,277,Sales,Sales Executive,0.002052367,Low Risk
26,1479,1,3,3,0,84,3,2,2,6397,26767,1,0,20,4,1,1,6,6,1,6,5,1,4,True,False,False,False,False,True,False,False,False,False,False,False,True,False,True,False,False,False,False,913.8571428571429,0.14285714285714285,2.25,0,278,Research & Development,Manufacturing Director,0.002295329,Low Risk
50,797,4,1,1,1,96,3,5,2,19144,15815,3,0,14,3,1,2,28,4,2,10,4,1,6,True,False,False,False,False,False,True,False,False,False,False,False,False,True,True,False,False,False,False,660.1379310344828,0.09090909090909091,2.0,0,279,Research & Development,Research Director,0.0022249299,Low Risk
53,1070,3,4,3,1,45,3,4,3,17584,21016,3,1,16,3,4,3,21,5,2,5,3,1,3,True,False,False,False,False,False,True,False,False,False,True,False,False,True,False,False,True,False,False,799.2727272727273,0.16666666666666666,2.75,1,280,Research & Development,Research Director,0.003659231,Low Risk
42,635,1,1,2,1,99,3,2,3,4907,24532,1,0,25,4,3,0,20,3,3,20,16,11,6,False,True,False,False,False,False,False,False,True,False,True,False,False,True,True,False,False,False,False,233.66666666666666,0.5238095238095238,2.75,0,281,Sales,Sales Executive,0.0001358112,Low Risk
29,442,2,2,2,1,44,3,2,4,4554,20260,1,0,18,3,1,0,10,3,2,10,7,0,9,False,True,False,False,False,False,False,False,True,False,False,True,True,False,True,False,False,False,False,414.0,0.0,2.75,0,282,Sales,Sales Executive,0.002712451,Low Risk
55,147,20,2,2,1,37,3,2,4,5415,15972,3,1,19,3,4,1,12,4,3,10,7,0,8,True,False,False,True,False,False,False,False,False,False,True,False,False,True,False,False,False,False,True,416.53846153846155,0.0,3.0,0,283,Research & Development,Laboratory Technician,0.0030995556,Low Risk
26,496,11,2,1,1,60,3,2,1,4741,22722,1,1,13,3,3,1,5,3,3,5,3,3,3,True,False,False,False,False,False,False,False,False,False,True,False,True,False,False,False,True,False,False,790.1666666666666,0.5,2.0,0,284,Research & Development,Human Resources,0.006969968,Low Risk
37,1372,1,3,4,0,42,3,1,4,2115,15881,1,0,12,3,2,0,17,3,3,17,12,5,7,True,False,False,False,False,False,False,True,False,False,False,True,False,True,True,False,False,False,False,117.5,0.2777777777777778,3.5,0,285,Research & Development,Research Scientist,5.6761794e-05,Low Risk
44,920,24,3,4,1,43,3,1,3,3161,19920,3,1,22,4,4,1,19,0,1,1,0,0,0,True,False,False,True,False,False,False,False,False,False,False,False,True,False,True,False,False,False,False,158.05,0.0,2.75,1,286,Research & Development,Laboratory Technician,0.9888354,High Risk
38,688,23,4,4,1,82,3,2,4,5745,18899,9,0,14,3,2,1,10,2,3,2,2,1,2,True,False,False,False,False,False,False,False,False,False,False,False,False,True,True,False,False,False,False,522.2727272727273,0.3333333333333333,3.5,0,287,Research & Development,Human Resources,5.4593336e-05,Low Risk
26,1449,16,4,1,1,45,3,1,2,2373,14180,2,1,13,3,4,1,5,2,3,3,2,0,2,True,False,False,True,False,False,False,False,False,False,False,False,False,True,False,False,True,False,False,395.5,0.0,2.25,0,288,Research & Development,Laboratory Technician,0.9851746,High Risk
28,1117,8,2,4,0,66,3,1,4,3310,4488,1,0,21,4,4,0,5,3,3,5,3,0,2,True,False,False,False,False,False,False,True,False,False,False,True,False,True,True,False,False,False,False,551.6666666666666,0.0,3.5,0,289,Research & Development,Research Scientist,5.486427e-06,Low Risk
49,636,10,4,3,0,35,3,5,1,18665,25594,9,1,11,3,4,0,22,4,3,3,2,1,2,True,False,False,False,False,False,True,False,False,False,False,True,True,False,True,False,False,False,False,811.5217391304348,0.25,2.5,0,290,Research & Development,Research Director,0.009404737,Low Risk
36,506,3,3,3,1,30,3,2,2,4485,26285,4,0,12,3,4,0,10,2,3,8,0,7,7,True,False,False,False,False,False,False,True,False,False,False,True,False,True,False,False,False,False,True,407.72727272727275,0.7777777777777778,2.75,0,291,Research & Development,Research Scientist,0.0022338948,Low Risk
31,444,5,3,4,0,84,3,1,2,2789,3909,1,0,11,3,3,1,2,5,2,2,2,2,2,False,True,False,False,False,False,False,False,False,True,False,False,True,False,False,True,False,False,False,929.6666666666666,0.6666666666666666,2.75,0,292,Sales,Sales Representative,0.3779049,Medium Risk
26,950,4,4,4,1,48,2,2,4,5828,8450,1,1,12,3,2,0,8,0,3,8,7,7,4,False,True,False,False,False,False,False,False,True,False,False,True,False,True,False,True,False,False,False,647.5555555555555,0.7777777777777778,3.25,0,293,Sales,Sales Executive,0.55975646,Medium Risk
37,889,9,3,2,1,53,3,1,4,2326,11411,1,1,12,3,3,3,4,3,2,4,2,1,2,True,False,False,False,False,False,False,True,False,False,True,False,True,False,False,False,True,False,False,465.2,0.2,2.75,1,294,Research & Development,Research Scientist,0.012140158,Low Risk
42,555,26,3,3,0,77,3,4,2,13525,14864,5,0,14,3,4,1,23,2,4,20,4,4,8,False,True,False,False,False,False,False,False,True,False,True,False,True,False,False,True,False,False,False,563.5416666666666,0.19047619047619047,3.0,0,295,Sales,Sales Executive,0.0038011977,Low Risk
18,230,3,3,3,1,54,3,1,3,1420,25233,1,0,13,3,3,0,0,2,3,0,0,0,0,True,False,False,True,False,False,False,False,False,False,False,True,False,True,True,False,False,False,False,1420.0,0.0,3.0,0,296,Research & Development,Laboratory Technician,0.98437345,High Risk
35,1232,16,3,3,1,96,3,3,2,8020,5100,0,0,15,3,3,2,12,3,2,11,9,6,9,False,True,False,False,False,False,False,False,True,False,True,False,False,True,False,True,False,False,False,616.9230769230769,0.5,2.5,0,297,Sales,Sales Executive,0.002919705,Low Risk
36,566,18,4,3,1,81,4,1,4,3688,7122,4,0,18,3,4,2,4,2,3,1,0,0,0,True,False,False,True,False,False,False,False,False,False,True,False,True,False,True,False,False,False,False,737.6,0.0,3.5,0,298,Research & Development,Laboratory Technician,0.0030594845,Low Risk
51,1302,2,3,4,1,84,1,2,2,5482,16321,5,0,18,3,4,1,13,3,3,4,1,1,2,True,False,False,False,False,True,False,False,False,False,False,False,False,True,False,False,True,False,False,391.57142857142856,0.2,2.5,0,299,Research & Development,Manufacturing Director,0.00021444216,Low Risk
41,334,2,4,4,1,88,3,4,2,16015,15896,1,0,19,3,2,0,22,2,3,22,10,0,4,False,True,False,False,True,False,False,False,False,False,False,True,False,True,True,False,False,False,False,696.304347826087,0.0,3.0,0,300,Sales,Manager,0.0010729097,Low Risk
18,812,10,3,4,0,69,2,1,3,1200,9724,1,0,12,3,1,0,0,2,3,0,0,0,0,False,True,False,False,False,False,False,False,False,True,False,True,False,True,False,False,True,False,False,1200.0,0.0,3.0,0,301,Sales,Sales Representative,0.970014,High Risk
28,1476,16,2,2,1,68,4,2,1,5661,4824,0,0,19,3,3,0,9,2,3,8,3,0,7,True,False,False,False,False,False,False,False,False,False,False,True,False,True,False,False,True,False,False,566.1,0.0,2.5,0,302,Research & Development,Human Resources,0.00056528405,Low Risk
31,218,7,3,2,1,100,4,2,4,6929,12241,4,0,11,3,2,1,10,3,2,8,7,7,7,False,True,False,False,False,False,False,False,True,False,True,False,False,True,False,False,False,False,True,629.9090909090909,0.7777777777777778,3.0,0,303,Sales,Sales Executive,0.011079597,Low Risk
39,1132,1,3,3,1,48,4,3,4,9613,10942,0,0,17,3,1,3,19,5,2,18,10,3,7,True,False,False,False,False,False,False,False,False,False,False,False,False,True,False,False,True,False,False,480.65,0.15789473684210525,3.25,0,304,Research & Development,Human Resources,0.00048003727,Low Risk
36,1105,24,4,2,0,47,3,2,2,5674,6927,7,0,15,3,3,1,11,3,3,9,8,0,8,True,False,False,True,False,False,False,False,False,False,True,False,False,False,True,False,False,False,False,472.8333333333333,0.0,2.5,0,305,Research & Development,Laboratory Technician,0.0005195559,Low Risk
32,906,7,3,4,1,91,2,2,3,5484,16985,1,0,14,3,3,1,13,3,2,13,8,4,8,False,True,False,False,False,False,False,False,True,False,True,False,False,True,True,False,False,False,False,391.7142857142857,0.2857142857142857,2.75,0,306,Sales,Sales Executive,0.00030478876,Low Risk
38,849,25,2,1,0,81,2,3,2,12061,26707,3,0,17,3,3,1,19,2,3,10,8,0,1,True,False,False,False,False,False,True,False,False,False,True,False,False,True,True,False,False,False,False,603.05,0.0,2.0,0,307,Research & Development,Research Director,0.0010761316,Low Risk
58,390,1,4,4,1,32,1,2,3,5660,17056,2,1,13,3,4,1,12,2,3,5,3,1,2,True,False,False,False,False,False,False,False,False,False,False,False,False,False,True,False,False,False,False,435.38461538461536,0.16666666666666666,2.75,0,308,Research & Development,Human Resources,0.0003042412,Low Risk
31,691,5,4,3,1,86,3,1,4,4821,10077,0,1,12,3,3,1,6,4,3,5,2,0,3,True,False,False,False,False,False,False,True,False,False,True,False,False,True,False,False,False,False,True,688.7142857142857,0.0,3.25,0,309,Research & Development,Research Scientist,0.0023331495,Low Risk
31,106,2,3,1,1,62,2,2,1,6410,17822,3,0,12,3,4,0,9,1,3,2,2,1,0,False,False,True,False,False,False,False,False,False,False,True,False,False,True,False,False,False,False,False,641.0,0.3333333333333333,1.75,0,310,Research & Development,Human Resources,0.25692114,Low Risk
45,1249,7,3,1,1,97,3,3,1,5210,20308,1,0,18,3,1,1,24,2,3,24,9,9,11,True,False,False,True,False,False,False,False,False,False,False,False,True,False,True,False,False,False,False,208.4,0.36,2.0,0,311,Research & Development,Laboratory Technician,0.004559885,Low Risk
31,192,2,4,3,1,32,3,1,4,2695,7747,0,1,18,3,2,1,3,2,1,2,2,2,2,True,False,False,False,False,False,False,True,False,False,False,False,False,True,True,False,False,False,False,673.75,0.6666666666666666,2.75,1,312,Research & Development,Research Scientist,0.0016732081,Low Risk
33,553,5,4,4,0,74,3,3,2,11878,23364,6,0,11,3,2,2,12,2,3,10,6,8,8,True,False,False,False,True,False,False,False,False,False,True,False,True,False,True,False,False,False,False,913.6923076923077,0.7272727272727273,3.0,0,313,Research & Development,Manager,0.0034648078,Low Risk
39,117,10,1,3,1,99,3,4,1,17068,5355,1,1,14,3,4,0,21,3,3,21,9,11,10,True,False,False,False,True,False,False,False,False,False,True,False,False,True,False,False,True,False,False,775.8181818181819,0.5,2.5,0,314,Research & Development,Manager,0.0008740216,Low Risk
43,185,10,4,3,0,33,3,1,4,2455,10675,0,0,19,3,1,0,9,5,3,8,7,1,7,True,False,False,True,False,False,False,False,False,False,False,True,True,False,True,False,False,False,False,245.5,0.1111111111111111,3.25,0,315,Research & Development,Laboratory Technician,0.0014277712,Low Risk
49,1091,1,2,3,0,90,2,4,3,13964,17810,7,1,12,3,4,0,25,2,3,7,1,0,7,True,False,False,False,False,False,False,False,False,False,False,True,False,True,False,False,False,False,True,537.0769230769231,0.0,2.75,0,316,Research & Development,Human Resources,0.0095493235,Low Risk
52,723,8,4,3,1,85,2,2,2,4941,17747,2,0,15,3,1,0,11,3,2,8,2,7,7,True,False,False,False,False,False,False,True,False,False,True,False,False,True,False,False,True,False,False,411.75,0.7777777777777778,2.25,0,317,Research & Development,Research Scientist,0.97804755,High Risk
27,1220,5,3,3,0,85,3,1,2,2478,20938,1,1,12,3,2,0,4,2,2,4,3,1,2,True,False,False,False,False,False,False,True,False,False,False,True,False,True,True,False,False,False,False,495.6,0.2,2.5,1,318,Research & Development,Research Scientist,0.6624846,High Risk
32,588,8,2,3,0,65,2,2,2,5228,24624,1,1,11,3,4,0,13,2,3,13,12,11,9,False,True,False,False,False,False,False,False,True,False,True,False,False,True,False,False,False,False,True,373.42857142857144,0.7857142857142857,2.5,0,319,Sales,Sales Executive,0.008525528,Low Risk
27,1377,2,3,4,1,74,3,2,3,4478,5242,1,1,11,3,1,0,5,3,3,5,4,0,4,False,True,False,False,False,False,False,False,True,False,False,True,False,True,True,False,False,False,False,746.3333333333334,0.0,3.25,0,320,Sales,Sales Executive,0.015067851,Low Risk
31,691,7,3,4,1,73,3,2,4,7547,7143,4,0,12,3,4,3,13,3,3,7,7,1,7,False,True,False,False,False,False,False,False,True,False,False,False,False,True,False,True,False,False,False,539.0714285714286,0.125,3.5,0,321,Sales,Sales Executive,0.0016907081,Low Risk
32,1018,2,4,1,0,74,4,2,4,5055,10557,7,0,16,3,3,0,10,0,2,7,7,0,7,True,False,False,False,False,False,False,True,False,False,False,True,False,True,False,False,True,False,False,459.54545454545456,0.0,2.75,0,322,Research & Development,Research Scientist,0.00046483873,Low Risk
28,1157,2,4,1,1,84,1,1,4,3464,24737,5,1,13,3,4,0,5,4,2,3,2,2,2,True,False,False,False,False,False,False,True,False,False,True,False,False,True,False,False,True,False,False,577.3333333333334,0.5,2.0,1,323,Research & Development,Research Scientist,0.99170035,High Risk
30,1275,28,2,4,0,64,3,2,4,5775,11934,1,0,13,3,4,2,11,2,3,10,8,1,9,True,False,False,False,False,False,False,True,False,False,True,False,False,True,False,False,True,False,False,481.25,0.09090909090909091,3.5,0,324,Research & Development,Research Scientist,1.384796e-05,Low Risk
31,798,7,2,3,0,48,2,3,3,8943,14034,1,0,24,4,1,1,10,2,3,10,9,8,9,True,False,False,False,False,True,False,False,False,False,True,False,True,False,True,False,False,False,False,813.0,0.7272727272727273,2.75,0,325,Research & Development,Manufacturing Director,0.0035559067,Low Risk
39,672,7,2,3,1,54,2,5,4,19272,21141,1,0,15,3,1,1,21,2,3,21,9,13,3,True,False,False,False,True,False,False,False,False,False,True,False,True,False,False,False,True,False,False,876.0,0.5909090909090909,3.0,0,326,Research & Development,Manager,0.0005816036,Low Risk
39,1162,3,2,4,0,41,3,2,3,5238,17778,4,1,18,3,1,0,12,3,2,1,0,0,0,False,True,False,False,False,False,False,False,True,False,True,False,False,True,False,False,True,False,False,402.9230769230769,0.0,3.0,1,327,Sales,Sales Executive,0.96321726,High Risk
33,508,10,3,2,1,46,2,2,4,4682,4317,3,0,14,3,3,0,9,6,2,7,7,0,1,False,True,False,False,False,False,False,False,True,False,False,True,True,False,False,True,False,False,False,468.2,0.0,2.5,0,328,Sales,Sales Executive,0.0025860143,Low Risk
47,1482,5,5,4,1,42,3,5,3,18300,16375,4,0,11,3,2,1,21,2,3,3,2,1,1,True,False,False,False,False,False,True,False,False,False,True,False,False,True,True,False,False,False,False,831.8181818181819,0.25,3.25,0,329,Research & Development,Research Director,1.9076379e-05,Low Risk
43,559,10,4,3,0,82,2,2,3,5257,6227,1,0,11,3,2,1,9,3,4,9,7,0,0,True,False,False,True,False,False,False,False,False,False,False,False,True,False,True,False,False,False,False,525.7,0.0,3.0,0,330,Research & Development,Laboratory Technician,0.02375904,Low Risk
27,210,1,1,3,1,73,3,2,2,6349,22107,0,1,13,3,4,1,6,0,3,5,4,1,4,False,True,False,False,False,False,False,False,True,False,True,False,False,False,False,True,False,False,False,907.0,0.16666666666666666,2.75,0,331,Sales,Sales Executive,0.0014663027,Low Risk
54,928,20,4,4,0,31,3,2,3,4869,16885,3,0,12,3,4,0,20,4,2,4,3,0,3,True,False,False,False,False,False,False,True,False,False,False,True,True,False,True,False,False,False,False,231.85714285714286,0.0,3.0,0,332,Research & Development,Research Scientist,0.000184294,Low Risk
43,1001,7,3,3,0,43,3,3,1,9985,9262,8,0,16,3,1,1,10,1,2,1,0,0,0,True,False,False,False,False,False,False,False,False,False,True,False,False,True,True,False,False,False,False,907.7272727272727,0.0,2.25,0,333,Research & Development,Human Resources,0.0022236418,Low Risk
45,549,8,4,4,1,75,3,2,4,3697,9278,9,0,14,3,1,2,12,3,3,10,9,9,8,True,False,False,False,False,False,False,True,False,False,True,False,False,True,False,False,False,True,False,284.38461538461536,0.8181818181818182,3.5,0,334,Research & Development,Research Scientist,0.0012952011,Low Risk
40,1124,1,2,2,1,57,1,2,4,7457,13273,2,1,22,4,3,3,6,2,2,4,3,0,2,False,True,False,False,False,False,False,False,True,False,True,False,False,True,False,False,True,False,False,1065.2857142857142,0.0,2.25,1,335,Sales,Sales Executive,0.0023832822,Low Risk
29,318,8,4,2,1,77,1,1,1,2119,4759,1,1,11,3,4,0,7,4,2,7,7,0,7,True,False,False,True,False,False,False,False,False,False,True,False,False,True,False,False,False,True,False,264.875,0.0,1.5,1,336,Research & Development,Laboratory Technician,0.9900567,High Risk
29,738,9,5,2,1,30,2,1,4,3983,7621,0,0,17,3,3,0,4,2,3,3,2,2,2,True,False,False,True,False,False,False,False,False,False,False,True,False,True,False,False,False,True,False,796.6,0.5,2.75,0,337,Research & Development,Laboratory Technician,0.0044567604,Low Risk
30,570,5,3,4,0,30,2,2,3,6118,5431,1,0,13,3,3,3,10,2,3,10,9,1,2,False,True,False,False,False,False,False,False,True,False,False,False,False,True,False,True,False,False,False,556.1818181818181,0.09090909090909091,3.0,0,338,Sales,Sales Executive,7.568634e-05,Low Risk
27,1130,8,4,2,0,56,3,2,2,6214,3415,1,0,18,3,1,1,8,3,3,8,7,0,7,False,True,False,False,False,False,False,False,True,False,True,False,False,True,False,True,False,False,False,690.4444444444445,0.0,2.5,0,339,Sales,Sales Executive,0.00058385025,Low Risk
37,1192,5,2,4,1,61,3,2,4,6347,23177,7,0,16,3,3,2,8,2,2,6,2,0,4,True,False,False,False,False,True,False,False,False,False,False,False,False,True,False,False,True,False,False,705.2222222222222,0.0,3.25,0,340,Research & Development,Manufacturing Director,0.00016020129,Low Risk
38,343,15,2,3,1,92,2,3,4,11510,15682,0,1,14,3,2,1,12,3,3,11,10,2,9,True,False,False,False,False,False,True,False,False,False,False,False,False,True,True,False,False,False,False,885.3846153846154,0.16666666666666666,3.0,0,341,Research & Development,Research Director,0.0010015906,Low Risk
31,1232,7,4,3,0,39,3,3,4,7143,25713,1,1,14,3,3,0,11,2,2,11,9,4,10,True,False,False,False,False,True,False,False,False,False,False,True,False,True,False,False,True,False,False,595.25,0.3333333333333333,3.0,1,342,Research & Development,Manufacturing Director,0.00048363442,Low Risk
29,144,10,1,4,0,39,2,2,2,8268,11866,1,1,14,3,1,2,7,2,3,7,7,1,7,False,True,False,False,False,False,False,False,True,False,False,False,False,True,False,True,False,False,False,1033.5,0.125,2.75,0,343,Sales,Sales Executive,0.019526828,Low Risk
35,1296,5,4,3,1,62,3,3,2,8095,18264,0,0,13,3,4,0,17,5,3,16,6,0,13,True,False,False,False,False,True,False,False,False,False,False,True,False,True,False,False,False,False,True,449.72222222222223,0.0,2.75,0,344,Research & Development,Manufacturing Director,1.6306265e-05,Low Risk
23,1309,26,1,3,1,83,3,1,4,2904,16092,1,0,12,3,3,2,4,2,2,4,2,0,2,True,False,False,False,False,False,False,True,False,False,False,False,False,True,True,False,False,False,False,580.8,0.0,3.0,0,345,Research & Development,Research Scientist,7.2366805e-05,Low Risk
41,483,6,3,4,1,95,2,2,2,6032,10110,6,1,15,3,4,0,8,3,3,5,4,1,2,True,False,False,False,False,True,False,False,False,False,False,True,False,True,False,False,True,False,False,670.2222222222222,0.16666666666666666,2.75,0,346,Research & Development,Manufacturing Director,0.014257848,Low Risk
47,1309,4,1,2,1,99,3,2,3,2976,25751,3,0,19,3,1,0,5,3,3,0,0,0,0,False,True,False,False,False,False,False,False,False,True,False,True,True,False,False,False,True,False,False,496.0,0.0,2.75,0,347,Sales,Sales Representative,0.04009546,Low Risk
42,810,23,5,1,0,44,3,4,4,15992,15901,2,0,14,3,2,0,16,2,3,1,0,0,0,True,False,False,False,False,False,True,False,False,False,False,True,False,True,True,False,False,False,False,940.7058823529412,0.0,2.75,0,348,Research & Development,Research Director,0.0006478877,Low Risk
29,746,2,3,4,1,61,3,2,3,4649,16928,1,0,14,3,1,1,4,3,2,4,3,0,2,False,True,False,False,False,False,False,False,True,False,True,False,False,False,True,False,False,False,False,929.8,0.0,3.0,0,349,Sales,Sales Executive,0.00034370198,Low Risk
42,544,2,1,3,1,52,3,1,3,2696,24017,0,1,11,3,3,1,4,5,3,3,2,1,0,False,False,True,False,False,False,False,False,False,False,False,False,False,True,False,False,False,False,True,539.2,0.25,3.0,0,350,Research & Development,Human Resources,0.010343463,Low Risk
32,1062,2,3,3,0,75,3,1,2,2370,3956,1,0,13,3,3,1,8,4,3,8,0,0,7,True,False,False,True,False,False,False,False,False,False,True,False,False,True,False,False,True,False,False,263.3333333333333,0.0,2.75,0,351,Research & Development,Laboratory Technician,0.0011100988,Low Risk
48,530,29,1,1,0,91,3,3,3,12504,23978,3,0,21,4,2,1,15,3,1,0,0,0,0,False,True,False,False,True,False,False,False,False,False,True,False,False,True,False,False,True,False,False,781.5,0.0,2.0,0,352,Sales,Manager,0.0028887389,Low Risk
37,1319,6,3,3,1,51,4,2,1,5974,17001,4,1,13,3,1,2,13,2,3,7,7,6,7,True,False,False,False,False,False,False,True,False,False,False,False,False,True,False,False,True,False,False,426.7142857142857,0.75,2.75,0,353,Research & Development,Research Scientist,0.0019097788,Low Risk
30,641,25,2,4,0,85,3,2,3,4736,6069,7,1,12,3,2,1,4,2,4,2,2,2,2,False,True,False,False,False,False,False,False,True,False,True,False,False,False,False,False,False,False,True,947.2,0.6666666666666666,3.5,0,354,Sales,Sales Executive,0.010610585,Low Risk
26,933,1,3,3,1,57,3,2,3,5296,20156,1,0,17,3,2,1,8,3,3,8,7,7,7,False,True,False,False,False,False,False,False,True,False,True,False,False,True,True,False,False,False,False,588.4444444444445,0.7777777777777778,3.0,0,355,Sales,Sales Executive,0.001037176,Low Risk
42,1332,2,4,1,1,98,2,2,4,6781,17078,3,0,23,4,2,0,14,6,3,1,0,0,0,True,False,False,False,False,False,False,False,False,False,False,True,False,True,False,False,False,True,False,452.06666666666666,0.0,2.5,0,356,Research & Development,Human Resources,0.000687939,Low Risk
21,756,1,1,1,0,99,2,1,2,2174,9150,1,1,11,3,3,0,3,3,3,3,2,1,2,False,True,False,False,False,False,False,False,False,True,False,True,True,False,False,False,False,False,True,543.5,0.25,2.0,0,357,Sales,Sales Representative,0.9889292,High Risk
36,845,1,5,4,0,45,3,2,4,6653,15276,4,0,15,3,2,0,7,6,3,1,0,0,0,False,True,False,False,False,False,False,False,True,False,False,True,False,False,False,False,True,False,False,831.625,0.0,3.5,0,358,Sales,Sales Executive,3.9847913e-05,Low Risk
36,541,3,4,1,1,48,2,3,4,9699,7246,4,0,11,3,1,1,16,2,3,13,9,1,12,False,True,False,False,False,False,False,False,True,False,True,False,True,False,False,False,True,False,False,570.5294117647059,0.07142857142857142,2.5,0,359,Sales,Sales Executive,0.008083446,Low Risk
57,593,1,4,4,1,88,3,2,3,6755,2967,2,0,11,3,3,0,15,2,3,3,2,1,2,True,False,False,False,False,False,False,False,False,False,True,False,False,True,False,False,True,False,False,422.1875,0.25,3.25,0,360,Research & Development,Human Resources,8.112732e-06,Low Risk
40,1171,10,4,4,0,46,4,1,3,2213,22495,3,1,13,3,3,1,10,3,3,7,7,1,7,True,False,False,True,False,False,False,False,False,False,True,False,False,True,True,False,False,False,False,201.1818181818182,0.125,3.5,0,361,Research & Development,Laboratory Technician,0.0018727562,Low Risk
21,895,9,2,1,1,39,3,1,4,2610,2851,1,0,24,4,3,0,3,3,2,3,2,2,2,False,True,False,False,False,False,False,False,False,True,False,True,False,False,False,False,True,False,False,652.5,0.5,2.5,0,362,Sales,Sales Representative,0.006407287,Low Risk
33,350,5,3,4,0,34,3,1,3,2851,9150,1,1,13,3,2,0,1,2,3,1,0,0,0,False,True,False,False,False,False,False,False,False,True,False,True,False,True,False,True,False,False,False,1425.5,0.0,3.25,0,363,Sales,Sales Representative,0.99477553,High Risk
37,921,10,3,3,0,98,3,1,1,3452,17663,6,0,20,4,2,1,17,3,3,5,4,0,3,True,False,False,True,False,False,False,False,False,False,True,False,False,True,False,False,True,False,False,191.77777777777777,0.0,2.5,0,364,Research & Development,Laboratory Technician,0.004121805,Low Risk
46,1144,7,4,3,0,30,3,2,3,5258,16044,2,0,14,3,3,0,7,2,4,1,0,0,0,True,False,False,False,False,True,False,False,False,False,True,False,False,False,False,False,True,False,False,657.25,0.0,3.25,0,365,Research & Development,Manufacturing Director,0.00014630749,Low Risk
41,143,4,3,1,1,56,3,2,2,9355,9558,1,0,18,3,3,0,8,5,3,8,7,7,7,False,True,False,False,False,False,False,False,True,False,False,True,True,False,False,True,False,False,False,1039.4444444444443,0.7777777777777778,2.25,0,366,Sales,Sales Executive,0.9693563,High Risk
50,1046,10,3,4,1,100,2,3,4,10496,2755,6,0,15,3,4,0,20,2,3,4,3,1,3,True,False,False,False,False,False,False,False,False,False,False,True,False,True,False,False,False,False,True,499.8095238095238,0.2,3.25,0,367,Research & Development,Human Resources,0.00028503788,Low Risk
40,575,22,2,3,1,68,2,2,3,6380,6110,2,1,12,3,1,2,8,6,3,6,4,1,0,False,True,False,False,False,False,False,False,True,False,True,False,False,True,False,True,False,False,False,708.8888888888889,0.14285714285714285,2.75,0,368,Sales,Sales Executive,0.98401296,High Risk
31,408,9,4,3,1,42,2,1,2,2657,7551,0,1,16,3,4,0,3,5,3,2,2,2,2,True,False,False,False,False,False,False,True,False,False,False,True,False,True,True,False,False,False,False,664.25,0.6666666666666666,2.5,0,369,Research & Development,Research Scientist,0.013059637,Low Risk
21,156,12,3,3,0,90,4,1,2,2716,25422,1,0,15,3,4,0,1,0,3,1,0,0,0,False,True,False,False,False,False,False,False,False,True,False,True,False,True,True,False,False,False,False,1358.0,0.0,3.0,0,370,Sales,Sales Representative,0.9860989,High Risk
29,1283,23,3,4,1,54,3,1,4,2201,18168,9,0,16,3,4,0,6,4,3,3,2,1,2,True,False,False,False,False,False,False,True,False,False,False,True,False,True,True,False,False,False,False,314.42857142857144,0.25,3.5,0,371,Research & Development,Research Scientist,0.00025754314,Low Risk
35,755,9,4,3,1,97,2,2,2,6540,19394,9,0,19,3,3,0,10,5,3,1,1,0,0,True,False,False,False,False,False,False,False,False,False,False,True,False,True,True,False,False,False,False,594.5454545454545,0.0,2.5,0,372,Research & Development,Human Resources,0.014708871,Low Risk
27,1469,1,2,4,1,82,3,1,2,3816,17881,1,0,11,3,2,1,5,2,3,5,2,0,4,True,False,False,True,False,False,False,False,False,False,False,False,False,True,False,False,True,False,False,636.0,0.0,3.0,0,373,Research & Development,Laboratory Technician,0.004016494,Low Risk
28,304,9,4,2,1,92,3,2,4,5253,20750,1,0,16,3,4,0,7,1,3,7,5,0,7,False,True,False,False,False,False,False,False,True,False,False,True,False,True,True,False,False,False,False,656.625,0.0,3.0,0,374,Sales,Sales Executive,0.014382356,Low Risk
49,1261,7,3,2,1,31,2,3,3,10965,12066,8,0,24,4,3,0,26,2,3,5,2,0,0,True,False,False,False,False,False,False,False,False,False,False,True,False,True,False,False,False,True,False,406.1111111111111,0.0,2.5,0,375,Research & Development,Human Resources,0.00040449094,Low Risk
51,1178,14,2,3,0,87,3,2,4,4936,14862,4,0,11,3,3,1,18,2,2,7,7,0,7,False,True,False,False,False,False,False,False,True,False,True,False,False,True,True,False,False,False,False,259.7894736842105,0.0,3.0,0,376,Sales,Sales Executive,0.0005836505,Low Risk
36,329,2,3,4,0,96,3,1,3,2543,11868,4,0,13,3,2,1,6,3,3,2,2,2,2,True,False,False,False,False,False,False,True,False,False,True,False,False,True,True,False,False,False,False,363.2857142857143,0.6666666666666666,3.25,0,377,Research & Development,Research Scientist,3.0022278e-05,Low Risk
34,1362,19,3,1,1,67,4,2,4,5304,4652,8,1,13,3,2,0,9,3,2,5,2,0,4,False,True,False,False,False,False,False,False,True,False,False,True,False,False,False,True,False,False,False,530.4,0.0,2.75,1,378,Sales,Sales Executive,0.9915105,High Risk
55,1311,2,3,3,0,97,3,4,4,16659,23258,2,1,13,3,3,0,30,2,3,5,4,1,2,True,False,False,False,True,False,False,False,False,False,False,True,False,True,True,False,False,False,False,537.3870967741935,0.16666666666666666,3.25,0,379,Research & Development,Manager,6.733157e-05,Low Risk
24,1371,10,4,4,0,77,3,2,3,4260,5915,1,1,12,3,4,1,5,2,4,5,2,0,3,False,True,False,False,False,False,False,False,True,False,False,False,False,True,False,True,False,False,False,710.0,0.0,3.5,0,380,Sales,Sales Executive,0.0012746019,Low Risk
30,202,2,1,3,1,72,3,1,2,2476,17434,1,0,18,3,1,1,1,3,3,1,0,0,0,False,True,False,False,False,False,False,False,False,True,True,False,False,True,False,False,False,False,True,1238.0,0.0,2.75,0,381,Sales,Sales Representative,0.009250721,Low Risk
26,575,3,1,3,1,73,3,1,1,3102,6582,0,0,22,4,3,0,7,2,3,6,4,0,4,True,False,False,False,False,False,False,True,False,False,False,True,True,False,False,False,False,False,True,387.75,0.0,2.5,0,382,Research & Development,Research Scientist,0.008170039,Low Risk
22,253,11,3,1,0,43,3,1,2,2244,24440,1,0,13,3,4,1,2,1,3,2,1,1,2,True,False,False,False,False,False,False,True,False,False,True,False,False,True,False,False,True,False,False,748.0,0.3333333333333333,2.25,0,383,Research & Development,Research Scientist,0.008364139,Low Risk
36,164,2,2,2,1,61,2,3,3,7596,3809,1,0,13,3,2,2,10,2,3,10,9,9,0,False,True,False,False,False,False,False,False,True,False,True,False,False,True,False,False,True,False,False,690.5454545454545,0.8181818181818182,2.5,0,384,Sales,Sales Executive,0.0049553816,Low Risk
30,464,4,3,3,1,40,3,1,4,2285,3427,9,1,23,4,3,0,3,4,3,1,0,0,0,True,False,False,False,False,False,False,True,False,False,False,True,True,False,False,False,False,False,True,571.25,0.0,3.25,0,385,Research & Development,Research Scientist,0.9865108,High Risk
37,1107,14,3,4,0,95,3,1,1,3034,26914,1,0,12,3,3,1,18,2,2,18,7,12,17,True,False,False,True,False,False,False,False,False,False,False,False,False,True,True,False,False,False,False,159.68421052631578,0.631578947368421,2.5,0,386,Research & Development,Laboratory Technician,0.00073346903,Low Risk
40,759,2,2,4,0,46,3,2,2,5715,22553,7,0,12,3,3,2,8,5,3,5,4,1,3,False,True,False,False,False,False,False,False,True,False,False,False,False,True,False,True,False,False,False,635.0,0.16666666666666666,3.0,0,387,Sales,Sales Executive,0.00018731422,Low Risk
42,201,1,4,2,0,95,3,1,1,2576,20490,3,0,16,3,2,1,8,5,3,5,2,1,2,True,False,False,True,False,False,False,False,False,False,False,False,False,True,True,False,False,False,False,286.22222222222223,0.16666666666666666,2.25,0,388,Research & Development,Laboratory Technician,0.0002476599,Low Risk
37,1305,10,4,3,1,49,3,2,2,4197,21123,2,1,12,3,4,0,18,2,2,1,0,0,1,True,False,False,False,False,True,False,False,False,False,False,True,False,True,True,False,False,False,False,220.89473684210526,0.0,2.5,1,389,Research & Development,Manufacturing Director,0.0053211977,Low Risk
43,982,12,3,1,1,59,2,4,2,14336,4345,1,0,11,3,3,1,25,3,3,25,10,3,9,True,False,False,False,False,False,True,False,False,False,False,False,False,True,True,False,False,False,False,551.3846153846154,0.11538461538461539,2.0,0,390,Research & Development,Research Director,0.0013497703,Low Risk
40,555,2,3,2,0,78,2,2,3,3448,13436,6,0,22,4,2,1,20,3,3,1,0,0,0,True,False,False,True,False,False,False,False,False,False,True,False,False,True,False,False,True,False,False,164.1904761904762,0.0,2.5,0,391,Research & Development,Laboratory Technician,0.0005970488,Low Risk
54,821,5,2,1,1,86,3,5,1,19406,8509,4,0,11,3,3,1,24,4,2,4,2,1,2,True,False,False,False,False,False,True,False,False,False,True,False,False,True,False,False,True,False,False,776.24,0.2,1.75,0,392,Research & Development,Research Director,0.0013761674,Low Risk
34,1381,4,4,3,0,72,3,2,3,6538,12740,9,0,15,3,1,1,6,3,3,3,2,1,2,False,True,False,False,False,False,False,False,True,False,True,False,False,False,False,True,False,False,False,934.0,0.25,3.0,0,393,Sales,Sales Executive,5.8486647e-05,Low Risk
31,480,7,2,2,0,31,3,2,1,4306,4156,1,0,12,3,2,1,13,5,1,13,10,3,12,True,False,False,False,False,True,False,False,False,False,True,False,False,True,False,False,True,False,False,307.57142857142856,0.21428571428571427,1.75,0,394,Research & Development,Manufacturing Director,0.004325536,Low Risk
43,313,21,3,4,1,61,3,1,4,2258,15238,7,0,20,4,1,1,8,1,3,3,2,1,2,True,False,False,True,False,False,False,False,False,False,True,False,True,False,False,False,True,False,False,250.88888888888889,0.25,3.5,0,395,Research & Development,Laboratory Technician,0.002046463,Low Risk
43,1473,8,4,3,0,74,3,2,3,4522,2227,4,1,14,3,4,0,8,3,3,5,2,0,2,True,False,False,False,False,False,False,False,False,False,False,False,False,True,False,False,False,True,False,502.44444444444446,0.0,3.0,0,396,Research & Development,Human Resources,0.00029496808,Low Risk
25,891,4,2,2,0,99,2,2,4,4487,12090,1,1,11,3,2,0,5,3,3,5,4,1,3,False,True,False,False,False,False,False,False,True,False,False,True,False,True,True,False,False,False,False,747.8333333333334,0.16666666666666666,2.75,0,397,Sales,Sales Executive,0.51722497,Medium Risk
37,1063,25,5,2,0,72,3,2,3,4449,23866,3,1,15,3,1,2,15,2,3,13,11,10,7,True,False,False,False,False,False,False,True,False,False,True,False,False,False,False,False,True,False,False,278.0625,0.7142857142857143,2.75,0,398,Research & Development,Research Scientist,9.4606316e-05,Low Risk
31,329,1,2,4,1,98,2,1,1,2218,16193,1,0,12,3,3,1,4,3,3,4,2,3,2,True,False,False,True,False,False,False,False,False,False,True,False,False,True,True,False,False,False,False,443.6,0.6,2.5,0,399,Research & Development,Laboratory Technician,0.00071240356,Low Risk
39,1218,1,1,2,1,52,3,5,3,19197,8213,1,1,14,3,3,1,21,3,3,21,8,1,6,True,False,False,False,True,False,False,False,False,False,False,False,True,False,True,False,False,False,False,872.5909090909091,0.045454545454545456,2.75,0,400,Research & Development,Manager,0.00027995568,Low Risk
56,906,6,3,3,0,86,4,4,1,13212,18256,9,0,11,3,4,3,36,0,2,7,7,7,7,False,True,False,False,False,False,False,False,True,False,True,False,True,False,True,False,False,False,False,357.0810810810811,0.875,2.5,0,401,Sales,Sales Executive,0.0039723828,Low Risk
30,1082,12,3,2,0,83,3,2,3,6577,19558,0,0,11,3,2,0,6,6,3,5,4,4,4,False,True,False,False,False,False,False,False,True,False,False,True,False,True,False,False,False,False,True,939.5714285714286,0.6666666666666666,2.75,0,402,Sales,Sales Executive,0.000883846,Low Risk
41,645,1,3,2,1,49,4,3,1,8392,19566,1,0,16,3,3,1,10,2,3,10,7,0,7,False,True,False,False,False,False,False,False,True,False,True,False,False,True,False,True,False,False,False,762.9090909090909,0.0,2.5,0,403,Sales,Sales Executive,0.006723846,Low Risk
28,1300,17,2,3,1,79,3,2,1,4558,13535,1,0,12,3,4,1,10,2,3,10,0,1,8,True,False,False,True,False,False,False,False,False,False,False,False,False,True,False,False,True,False,False,414.3636363636364,0.09090909090909091,2.5,0,404,Research & Development,Laboratory Technician,0.0008952219,Low Risk
25,688,3,3,1,1,91,3,1,1,4031,9396,5,0,13,3,3,1,6,5,3,2,2,0,2,True,False,False,True,False,False,False,False,False,False,True,False,False,True,False,False,True,False,False,575.8571428571429,0.0,2.0,0,405,Research & Development,Laboratory Technician,0.98453784,High Risk
52,319,3,3,4,1,39,2,3,3,7969,19609,2,1,14,3,3,0,28,4,3,5,4,0,4,True,False,False,False,False,True,False,False,False,False,True,False,False,True,False,False,True,False,False,274.7931034482759,0.0,3.0,0,406,Research & Development,Manufacturing Director,0.0037774225,Low Risk
45,192,10,2,1,1,69,3,1,4,2654,9655,3,0,21,4,4,2,8,3,2,2,2,0,2,True,False,False,False,False,False,False,True,False,False,True,False,False,True,True,False,False,False,False,294.8888888888889,0.0,2.5,0,407,Research & Development,Research Scientist,4.341946e-05,Low Risk
52,1490,4,2,4,0,30,3,4,4,16555,10310,2,0,13,3,4,0,31,2,1,5,2,1,4,True,False,False,False,True,False,False,False,False,False,True,False,False,True,True,False,False,False,False,517.34375,0.16666666666666666,3.0,0,408,Research & Development,Manager,7.7123375e-05,Low Risk
42,532,29,2,1,0,92,3,2,3,4556,12932,2,0,11,3,2,1,19,3,3,5,4,0,2,True,False,False,False,False,False,False,True,False,False,False,False,True,False,True,False,False,False,False,227.8,0.0,2.5,0,409,Research & Development,Research Scientist,0.0029185195,Low Risk
30,317,2,3,3,0,43,1,2,4,6091,24793,2,0,20,4,3,0,11,2,3,5,4,0,2,True,False,False,False,False,True,False,False,False,False,False,True,False,True,True,False,False,False,False,507.5833333333333,0.0,2.75,0,410,Research & Development,Manufacturing Director,0.00014706656,Low Risk
60,422,7,3,1,0,41,3,5,1,19566,3854,5,0,11,3,4,0,33,5,1,29,8,11,10,True,False,False,False,True,False,False,False,False,False,True,False,False,True,True,False,False,False,False,575.4705882352941,0.36666666666666664,1.5,0,411,Research & Development,Manager,0.024894468,Low Risk
46,1485,18,3,3,0,87,3,2,3,4810,26314,2,0,14,3,3,1,19,5,2,10,7,0,8,True,False,False,False,False,True,False,False,False,False,False,False,False,True,False,False,True,False,False,240.5,0.0,2.75,0,412,Research & Development,Manufacturing Director,2.5853844e-05,Low Risk
42,1368,28,4,4,0,88,2,2,4,4523,4386,0,0,11,3,4,3,7,4,4,6,5,0,4,True,False,False,False,False,False,False,False,False,False,True,False,True,False,False,False,False,False,True,565.375,0.0,3.5,0,413,Research & Development,Human Resources,0.000696764,Low Risk
24,1448,1,1,1,0,62,3,1,2,3202,21972,1,1,16,3,2,0,6,4,3,5,3,1,4,False,True,False,False,False,False,False,False,False,True,False,True,False,True,False,False,False,False,True,457.42857142857144,0.16666666666666666,2.25,0,414,Sales,Sales Representative,0.9891627,High Risk
34,296,6,2,4,0,33,1,1,3,2351,12253,0,0,16,3,4,1,3,3,2,2,2,1,0,False,True,False,False,False,False,False,False,False,True,False,False,True,False,False,True,False,False,False,587.75,0.3333333333333333,2.5,0,415,Sales,Sales Representative,0.99445975,High Risk
38,1490,2,2,4,1,42,3,1,4,1702,12106,1,1,23,4,3,1,1,3,3,1,0,0,0,True,False,False,True,False,False,False,False,False,False,True,False,True,False,True,False,False,False,False,851.0,0.0,3.5,0,416,Research & Development,Laboratory Technician,0.012917007,Low Risk
40,1398,2,4,3,0,79,3,5,3,18041,13022,0,0,14,3,4,0,21,2,3,20,15,1,12,False,True,False,False,True,False,False,False,False,False,True,False,False,True,True,False,False,False,False,820.0454545454545,0.047619047619047616,3.0,0,417,Sales,Manager,3.7965605e-05,Low Risk
26,1349,23,3,1,0,90,3,1,4,2886,3032,1,0,22,4,2,2,3,3,1,3,2,0,2,True,False,False,False,False,False,False,True,False,False,False,False,False,True,True,False,False,False,False,721.5,0.0,2.25,0,418,Research & Development,Research Scientist,0.000179029,Low Risk
30,1400,3,3,3,1,53,3,1,4,2097,16734,4,0,15,3,3,1,9,3,1,5,3,1,4,True,False,False,True,False,False,False,False,False,False,True,False,False,False,True,False,False,False,False,209.7,0.16666666666666666,2.75,0,419,Research & Development,Laboratory Technician,0.003909008,Low Risk
29,986,3,4,2,1,93,2,3,3,11935,21526,1,0,18,3,3,0,10,2,3,10,2,0,7,True,False,False,False,False,False,True,False,False,False,True,False,False,True,False,False,True,False,False,1085.0,0.0,2.5,0,420,Research & Development,Research Director,0.0003188222,Low Risk
29,408,25,5,3,0,71,2,1,2,2546,18300,5,0,16,3,2,0,6,2,4,2,2,1,1,True,False,False,False,False,False,False,True,False,False,True,False,False,True,False,False,False,False,True,363.7142857142857,0.3333333333333333,2.75,0,421,Research & Development,Research Scientist,0.9773841,High Risk
19,489,2,2,1,1,52,2,1,4,2564,18437,1,0,12,3,3,0,1,3,4,1,0,0,0,False,False,True,False,False,False,False,False,False,False,False,True,False,True,False,False,False,False,True,1282.0,0.0,2.75,0,422,Research & Development,Human Resources,0.98238075,High Risk
30,1398,22,4,3,0,69,3,3,1,8412,2890,0,0,11,3,3,0,10,3,3,9,8,7,8,False,True,False,False,False,False,False,False,True,False,True,False,False,False,False,False,False,True,False,764.7272727272727,0.7,2.5,0,423,Sales,Sales Executive,0.008180145,Low Risk
57,210,29,3,1,1,56,2,4,4,14118,22102,3,0,12,3,3,1,32,3,2,1,0,0,0,False,True,False,False,True,False,False,False,False,False,False,False,False,True,False,True,False,False,False,427.8181818181818,0.0,2.25,0,424,Sales,Manager,0.0062132613,Low Risk
50,1099,29,4,2,1,88,2,4,3,17046,9314,0,0,15,3,2,1,28,2,3,27,10,15,7,True,False,False,False,True,False,False,False,False,False,True,False,False,True,True,False,False,False,False,587.7931034482758,0.5357142857142857,2.5,0,425,Research & Development,Manager,0.00024116333,Low Risk
30,1116,2,3,3,0,49,3,1,4,2564,7181,0,0,14,3,3,0,12,2,2,11,7,6,7,True,False,False,True,False,False,False,False,False,False,False,True,False,False,False,False,True,False,False,197.23076923076923,0.5,3.0,0,426,Research & Development,Laboratory Technician,0.0012634257,Low Risk
60,1499,28,3,3,0,80,2,3,1,10266,2845,4,0,19,3,4,0,22,5,4,18,13,13,11,False,True,False,False,False,False,False,False,True,False,True,False,True,False,False,True,False,False,False,446.3478260869565,0.6842105263157895,2.5,0,427,Sales,Sales Executive,0.0058653965,Low Risk
47,983,2,2,1,0,65,3,2,4,5070,7389,5,0,13,3,3,3,20,2,3,5,0,0,4,True,False,False,False,False,True,False,False,False,False,False,False,False,True,False,False,True,False,False,241.42857142857142,0.0,2.75,0,428,Research & Development,Manufacturing Director,0.00046362044,Low Risk
46,1009,2,3,1,1,51,3,4,3,17861,2288,6,0,13,3,3,0,26,2,1,3,2,0,1,True,False,False,False,False,False,True,False,False,False,True,False,False,True,True,False,False,False,False,661.5185185185185,0.0,2.0,0,429,Research & Development,Research Director,0.003446936,Low Risk
35,144,22,3,4,1,46,1,1,3,4230,19225,0,0,15,3,3,0,6,2,3,5,4,4,3,True,False,False,True,False,False,False,False,False,False,False,True,False,True,True,False,False,False,False,604.2857142857143,0.6666666666666666,2.75,0,430,Research & Development,Laboratory Technician,0.007829642,Low Risk
54,548,8,4,3,0,42,3,2,3,3780,23428,7,0,11,3,3,0,19,3,3,1,0,0,0,True,False,False,True,False,False,False,False,False,False,False,True,False,True,True,False,False,False,False,189.0,0.0,3.0,0,431,Research & Development,Laboratory Technician,0.00022512831,Low Risk
34,1303,2,4,4,1,62,2,1,3,2768,8416,3,0,12,3,3,1,14,3,3,7,3,5,7,True,False,False,False,False,False,False,True,False,False,False,False,False,True,True,False,False,False,False,184.53333333333333,0.625,3.0,0,432,Research & Development,Research Scientist,2.7449983e-05,Low Risk
46,1125,10,3,3,0,94,2,3,4,9071,11563,2,1,19,3,3,1,15,3,3,3,2,1,2,False,True,False,False,False,False,False,False,True,False,True,False,False,True,False,True,False,False,False,566.9375,0.25,3.0,0,433,Sales,Sales Executive,8.148078e-05,Low Risk
31,1274,9,1,3,1,33,3,3,2,10648,14394,1,0,25,4,4,1,13,6,4,13,8,0,8,True,False,False,False,False,True,False,False,False,False,False,False,False,True,True,False,False,False,False,760.5714285714286,0.0,3.0,0,434,Research & Development,Manufacturing Director,8.351181e-05,Low Risk
33,1277,15,1,2,1,56,3,3,3,13610,24619,7,1,12,3,4,0,15,2,4,7,6,7,7,True,False,False,False,True,False,False,False,False,False,True,False,False,True,False,False,True,False,False,850.625,0.875,3.0,0,435,Research & Development,Manager,0.98532814,High Risk
33,587,10,1,1,1,38,1,1,4,3408,6705,7,0,13,3,1,3,8,2,3,4,3,1,3,True,False,False,True,False,False,False,False,False,False,False,False,False,True,False,False,True,False,False,378.6666666666667,0.2,2.25,0,436,Research & Development,Laboratory Technician,0.97288245,High Risk
30,413,7,1,4,1,57,3,1,2,2983,18398,0,0,14,3,1,0,4,3,3,3,2,1,2,False,True,False,False,False,False,False,False,False,True,False,True,False,True,False,True,False,False,False,596.6,0.25,3.0,0,437,Sales,Sales Representative,0.0021857666,Low Risk
35,1276,16,3,4,1,72,3,3,3,7632,14295,4,1,12,3,3,0,10,2,3,8,7,0,0,True,False,False,False,False,False,False,False,False,False,True,False,False,True,True,False,False,False,False,693.8181818181819,0.0,3.25,0,438,Research & Development,Human Resources,0.0067332787,Low Risk
31,534,20,3,1,1,66,3,3,3,9824,22908,3,0,12,3,1,0,12,2,3,1,0,0,0,True,False,False,False,False,False,False,False,False,False,True,False,True,False,True,False,False,False,False,755.6923076923077,0.0,2.5,0,439,Research & Development,Human Resources,0.9971609,High Risk
34,988,23,3,2,0,43,3,3,1,9950,11533,9,1,15,3,3,3,11,2,3,3,2,0,2,False,False,True,False,False,False,False,False,False,False,False,False,True,False,False,False,False,False,False,829.1666666666666,0.0,2.25,0,440,Research & Development,Human Resources,0.98773277,High Risk
42,1474,5,2,2,1,97,3,1,3,2093,9260,4,0,17,3,4,1,8,4,3,2,2,2,0,True,False,False,True,False,False,False,False,False,False,True,False,True,False,False,False,False,True,False,232.55555555555554,0.6666666666666666,2.75,0,441,Research & Development,Laboratory Technician,0.009186885,Low Risk
36,635,10,4,2,1,32,3,3,4,9980,15318,1,0,14,3,4,0,10,3,2,10,3,9,7,False,True,False,False,False,False,False,False,True,False,False,True,False,False,False,False,True,False,False,907.2727272727273,0.8181818181818182,2.75,0,442,Sales,Sales Executive,0.009740822,Low Risk
22,1368,4,1,3,1,99,2,1,3,3894,9129,5,0,16,3,3,0,4,3,3,2,2,1,2,True,False,False,True,False,False,False,False,False,False,False,True,True,False,False,False,False,False,True,778.8,0.3333333333333333,2.75,0,443,Research & Development,Laboratory Technician,0.9850336,High Risk
48,163,2,5,2,0,37,3,2,4,4051,19658,2,0,14,3,1,1,14,2,3,9,7,6,7,False,True,False,False,False,False,False,False,True,False,True,False,False,True,False,True,False,False,False,270.06666666666666,0.6,3.0,0,444,Sales,Sales Executive,0.0029196953,Low Risk
55,1117,18,5,1,0,83,3,4,2,16835,9873,3,0,23,4,4,0,37,2,3,10,9,7,7,False,True,False,False,True,False,False,False,False,False,False,True,False,True,True,False,False,False,False,443.0263157894737,0.6363636363636364,2.25,0,445,Sales,Manager,0.0064995512,Low Risk
41,267,10,2,4,1,56,3,2,4,6230,13430,7,0,14,3,4,0,16,3,3,14,3,1,10,False,True,False,False,False,False,False,False,True,False,False,True,False,False,True,False,False,False,False,366.47058823529414,0.06666666666666667,3.5,0,446,Sales,Sales Executive,0.00033837516,Low Risk
35,619,1,3,2,1,85,3,2,3,4717,18659,9,0,11,3,3,0,15,2,3,11,9,6,9,False,True,False,False,False,False,False,False,True,False,True,False,False,True,False,True,False,False,False,294.8125,0.5,2.75,0,447,Sales,Sales Executive,0.006726563,Low Risk
40,302,6,3,2,0,75,3,4,3,13237,20364,7,0,15,3,3,0,22,3,3,20,6,5,13,True,False,False,False,False,True,False,False,False,False,False,True,False,True,True,False,False,False,False,575.5217391304348,0.23809523809523808,2.75,0,448,Research & Development,Manufacturing Director,0.00023181878,Low Risk
39,443,8,1,3,0,48,3,1,3,3755,17872,1,0,11,3,1,1,8,3,3,8,3,0,7,True,False,False,True,False,False,False,False,False,False,True,False,True,False,True,False,False,False,False,417.22222222222223,0.0,3.0,0,449,Research & Development,Laboratory Technician,0.0018661409,Low Risk
31,828,2,1,2,1,77,3,2,4,6582,8346,4,1,13,3,3,0,10,2,4,6,5,0,5,False,True,False,False,False,False,False,False,True,False,False,True,False,True,True,False,False,False,False,598.3636363636364,0.0,3.25,0,450,Sales,Sales Executive,0.0050914492,Low Risk
42,319,24,3,4,1,56,3,3,1,7406,6950,1,1,21,4,4,1,10,5,2,10,9,5,8,True,False,False,False,False,True,False,False,False,False,True,False,False,True,False,False,True,False,False,673.2727272727273,0.45454545454545453,2.5,1,451,Research & Development,Manufacturing Director,0.0105681,Low Risk
45,561,2,3,4,1,61,3,2,2,4805,16177,0,0,19,3,2,1,9,3,4,8,7,3,7,False,True,False,False,False,False,False,False,True,False,True,False,False,True,False,False,False,True,False,480.5,0.3333333333333333,3.25,0,452,Sales,Sales Executive,0.0019426284,Low Risk
26,426,17,4,2,0,58,3,1,3,2741,22808,0,1,11,3,2,1,8,2,2,7,7,1,0,False,False,True,False,False,False,False,False,False,False,False,False,True,False,True,False,False,False,False,304.55555555555554,0.125,2.5,1,453,Research & Development,Human Resources,0.9974948,High Risk
29,232,19,3,4,1,34,3,2,4,4262,22645,4,0,12,3,2,2,8,2,4,3,2,1,2,True,False,False,False,False,True,False,False,False,False,False,False,False,True,False,False,False,False,True,473.55555555555554,0.25,3.75,0,454,Research & Development,Manufacturing Director,0.0009945442,Low Risk
33,922,1,5,1,0,95,4,4,3,16184,22578,4,0,19,3,3,1,10,2,3,6,1,0,5,True,False,False,False,False,False,True,False,False,False,False,False,False,True,False,False,True,False,False,1471.2727272727273,0.0,2.75,0,455,Research & Development,Research Director,2.798635e-05,Low Risk
31,688,7,3,3,1,44,2,3,4,11557,25291,9,0,21,4,3,1,10,3,2,5,4,0,1,False,True,False,False,True,False,False,False,False,False,False,False,False,True,True,False,False,False,False,1050.6363636363637,0.0,2.75,0,456,Sales,Manager,0.00064525,Low Risk
18,1306,5,3,2,1,69,3,1,2,1878,8059,1,1,14,3,4,0,0,3,3,0,0,0,0,False,True,False,False,False,False,False,False,False,True,False,True,True,False,False,True,False,False,False,1878.0,0.0,2.5,0,457,Sales,Sales Representative,0.9990277,High Risk
40,1094,28,3,3,1,58,1,3,1,10932,11373,3,0,15,3,3,1,20,2,3,1,0,0,1,False,True,False,False,False,False,False,False,True,False,False,False,False,False,False,False,False,True,False,520.5714285714286,0.0,2.0,0,458,Sales,Sales Executive,0.0017712303,Low Risk
41,509,2,4,1,0,62,2,2,3,6811,2112,2,1,17,3,1,0,10,3,3,8,7,0,7,True,False,False,False,False,False,False,False,False,False,False,True,False,False,False,False,False,True,False,619.1818181818181,0.0,2.25,0,459,Research & Development,Human Resources,0.023393098,Low Risk
26,775,29,2,1,1,45,3,2,3,4306,4267,5,0,12,3,1,2,8,5,3,0,0,0,0,False,True,False,False,False,False,False,False,True,False,False,False,False,True,False,False,True,False,False,478.44444444444446,0.0,2.5,0,460,Sales,Sales Executive,0.026205378,Low Risk
35,195,1,3,1,0,80,3,2,3,4859,6698,1,0,16,3,4,0,5,3,3,5,4,0,3,False,True,False,False,False,False,False,False,True,False,False,True,False,True,False,False,True,False,False,809.8333333333334,0.0,2.5,0,461,Sales,Sales Executive,0.00024551176,Low Risk
34,258,21,4,4,1,74,4,2,4,5337,19921,1,0,12,3,4,0,10,3,3,10,7,5,7,False,True,False,False,False,False,False,False,True,False,False,True,False,True,True,False,False,False,False,485.1818181818182,0.45454545454545453,3.75,0,462,Sales,Sales Executive,0.004845697,Low Risk
26,471,24,3,3,1,66,1,1,4,2340,23213,1,1,18,3,2,0,1,3,1,1,0,0,0,True,False,False,True,False,False,False,False,False,False,False,True,False,True,False,False,False,False,True,1170.0,0.0,2.25,1,463,Research & Development,Laboratory Technician,0.9998888,High Risk
37,799,1,3,2,0,59,3,3,4,7491,23848,4,0,17,3,4,0,12,3,4,6,5,1,2,True,False,False,False,False,True,False,False,False,False,False,True,False,True,False,False,False,False,True,576.2307692307693,0.14285714285714285,3.25,0,464,Research & Development,Manufacturing Director,0.0001352978,Low Risk
46,1034,18,1,1,0,86,3,3,3,10527,8984,5,0,11,3,4,0,28,3,2,2,2,1,2,True,False,False,False,False,False,False,False,False,False,True,False,True,False,False,False,True,False,False,363.0,0.3333333333333333,2.25,0,465,Research & Development,Human Resources,0.0018725173,Low Risk
41,1276,2,5,2,0,91,3,4,1,16595,5626,7,0,16,3,2,1,22,2,3,18,16,11,8,False,True,False,False,True,False,False,False,False,False,True,False,False,True,True,False,False,False,False,721.5217391304348,0.5789473684210527,2.25,0,466,Sales,Manager,0.00022444312,Low Risk
37,142,9,4,1,1,69,3,3,2,8834,24666,1,0,13,3,4,1,9,6,3,9,5,7,7,False,True,False,False,False,False,False,False,True,False,False,False,False,False,False,False,True,False,False,883.4,0.7,2.25,0,467,Sales,Sales Executive,0.00087609317,Low Risk
52,956,6,2,4,1,78,3,2,1,5577,22087,3,1,12,3,2,2,18,3,3,10,9,6,9,True,False,False,False,False,False,False,True,False,False,False,False,False,True,False,False,False,False,True,293.5263157894737,0.5454545454545454,2.75,0,468,Research & Development,Research Scientist,0.00021031639,Low Risk
32,1474,11,4,4,1,60,4,2,3,4707,23914,8,0,12,3,4,0,6,2,3,4,2,1,2,False,True,False,False,False,False,False,False,True,False,True,False,False,False,False,False,False,True,False,672.4285714285714,0.2,3.5,0,469,Sales,Sales Executive,0.96822774,High Risk
24,535,24,3,4,1,38,3,1,4,2400,5530,0,0,13,3,3,2,3,3,3,2,2,2,1,False,True,False,False,False,False,False,False,False,True,True,False,True,False,False,False,True,False,False,600.0,0.6666666666666666,3.5,0,470,Sales,Sales Representative,0.0070462776,Low Risk
38,1495,10,3,3,0,76,3,2,3,9824,22174,3,0,19,3,3,1,18,4,3,1,0,0,0,True,False,False,False,False,False,False,False,False,False,True,False,False,True,False,False,True,False,False,517.0526315789474,0.0,3.0,0,471,Research & Development,Human Resources,2.1505732e-05,Low Risk
37,446,1,4,2,0,65,3,2,2,6447,15701,6,0,12,3,2,1,8,2,2,6,5,4,3,True,False,False,False,False,True,False,False,False,False,True,False,False,True,True,False,False,False,False,716.3333333333334,0.5714285714285714,2.25,0,472,Research & Development,Manufacturing Director,0.00025875703,Low Risk
49,1245,18,4,4,1,58,2,5,3,19502,2125,1,1,17,3,3,1,31,5,3,31,9,0,9,True,False,False,False,False,False,True,False,False,False,False,False,False,True,True,False,False,False,False,609.4375,0.0,3.0,0,473,Research & Development,Research Director,7.257815e-05,Low Risk
24,691,23,3,2,1,89,4,1,4,2725,21630,1,1,11,3,2,2,6,3,3,6,5,1,4,True,False,False,False,False,False,False,True,False,False,True,False,False,True,False,False,True,False,False,389.2857142857143,0.14285714285714285,3.25,0,474,Research & Development,Research Scientist,0.08400942,Low Risk
26,703,28,2,1,1,66,3,2,2,6272,7428,1,0,20,4,4,2,6,5,4,5,3,1,4,False,True,False,False,False,False,False,False,True,False,True,False,False,True,False,True,False,False,False,896.0,0.16666666666666666,2.5,0,475,Sales,Sales Executive,0.017757189,Low Risk
24,823,17,2,4,1,94,2,1,2,2127,9100,1,0,21,4,4,1,1,2,3,1,0,0,0,True,False,False,True,False,False,False,False,False,False,True,False,False,True,False,False,False,True,False,1063.5,0.0,2.75,0,476,Research & Development,Laboratory Technician,0.5312763,Medium Risk
50,1246,3,3,1,1,99,3,5,2,18200,7999,1,0,11,3,3,1,32,2,3,32,5,10,7,False,False,False,False,True,False,False,False,False,False,True,False,True,False,False,False,True,False,False,551.5151515151515,0.30303030303030304,2.25,0,477,Research & Development,Manager,0.0063013243,Low Risk
25,622,13,1,2,1,40,3,1,3,2096,26376,1,0,11,3,3,0,7,1,3,7,4,0,6,False,True,False,False,False,False,False,False,False,True,True,False,False,True,False,False,True,False,False,262.0,0.0,2.75,0,478,Sales,Sales Representative,0.010698712,Low Risk
24,1287,7,3,1,0,55,3,1,3,2886,14168,1,1,16,3,4,1,6,4,3,6,3,1,2,True,False,False,True,False,False,False,False,False,False,True,False,True,False,True,False,False,False,False,412.2857142857143,0.14285714285714285,2.5,0,479,Research & Development,Laboratory Technician,0.98973453,High Risk
30,448,12,4,2,1,74,2,1,1,2033,14470,1,0,18,3,3,1,1,2,4,1,0,0,0,False,True,False,False,False,False,False,False,False,True,True,False,True,False,True,False,False,False,False,1016.5,0.0,2.25,0,480,Sales,Sales Representative,0.99032086,High Risk
34,254,1,2,2,1,83,2,1,4,3622,22794,1,1,13,3,4,1,6,3,3,6,5,1,3,True,False,False,False,False,False,False,True,False,False,True,False,False,True,True,False,False,False,False,517.4285714285714,0.14285714285714285,2.75,0,481,Research & Development,Research Scientist,0.001077127,Low Risk
31,1365,13,4,2,1,46,3,2,1,4233,11512,2,0,17,3,3,0,9,2,1,3,1,1,2,False,True,False,False,False,False,False,False,True,False,False,False,False,True,False,False,True,False,False,423.3,0.25,1.75,0,482,Sales,Sales Executive,0.9858947,High Risk
35,538,25,2,1,1,54,2,2,4,3681,14004,4,0,14,3,4,0,9,3,3,3,2,0,2,True,False,False,True,False,False,False,False,False,False,False,True,False,True,False,False,False,True,False,368.1,0.0,2.5,0,483,Research & Development,Laboratory Technician,0.0044655004,Low Risk
31,525,6,4,1,1,66,4,2,4,5460,6219,4,0,22,4,4,2,13,4,4,7,7,5,7,False,True,False,False,False,False,False,False,True,False,False,False,False,True,False,False,True,False,False,390.0,0.625,3.25,0,484,Sales,Sales Executive,0.00090480666,Low Risk
27,798,6,4,1,0,66,2,1,3,2187,5013,0,0,12,3,3,2,6,5,2,5,3,0,3,True,False,False,False,False,False,False,True,False,False,False,False,False,True,False,False,True,False,False,312.42857142857144,0.0,2.0,0,485,Research & Development,Research Scientist,0.00043043087,Low Risk
37,558,2,3,4,1,75,3,2,3,9602,3010,4,1,11,3,3,1,17,3,2,3,0,1,0,False,True,False,False,False,False,False,False,True,False,True,False,False,True,False,True,False,False,False,533.4444444444445,0.25,3.0,1,486,Sales,Sales Executive,0.0105245765,Low Risk
20,959,1,3,4,0,83,2,1,2,2836,11757,1,0,13,3,4,0,1,0,4,1,0,0,0,True,False,False,False,False,False,False,True,False,False,False,True,False,True,True,False,False,False,False,1418.0,0.0,3.0,0,487,Research & Development,Research Scientist,0.0022602677,Low Risk
42,622,2,4,3,0,81,3,2,4,4089,5718,1,0,13,3,2,2,10,4,3,10,2,2,2,True,False,False,False,False,False,False,False,False,False,True,False,False,True,True,False,False,False,False,371.72727272727275,0.18181818181818182,3.25,0,488,Research & Development,Human Resources,5.0941104e-05,Low Risk
43,782,6,4,2,1,50,2,4,4,16627,2671,4,1,14,3,3,1,21,3,2,1,0,0,0,True,False,False,False,False,False,True,False,False,False,False,False,False,True,False,False,False,True,False,755.7727272727273,0.0,2.5,1,489,Research & Development,Research Director,0.00079256255,Low Risk
38,362,1,1,3,0,43,3,1,1,2619,14561,3,0,17,3,4,0,8,3,2,0,0,0,0,True,False,False,False,False,False,False,True,False,False,False,True,False,True,True,False,False,False,False,291.0,0.0,2.25,0,490,Research & Development,Research Scientist,0.0048302514,Low Risk
43,1001,9,5,4,1,72,3,2,3,5679,19627,3,1,13,3,2,1,10,3,3,8,7,4,7,True,False,False,True,False,False,False,False,False,False,False,False,True,False,False,False,True,False,False,516.2727272727273,0.4444444444444444,3.25,0,491,Research & Development,Laboratory Technician,0.00069539977,Low Risk
48,1236,1,4,4,0,40,2,4,1,15402,17997,7,0,11,3,1,1,21,3,1,3,2,0,2,True,False,False,False,True,False,False,False,False,False,True,False,False,True,True,False,False,False,False,700.0909090909091,0.0,2.0,0,492,Research & Development,Manager,0.00015455838,Low Risk
44,1112,1,4,1,0,50,2,2,3,5985,26894,4,0,11,3,2,0,10,1,4,2,2,0,2,False,False,True,False,False,False,False,False,False,False,False,True,False,True,True,False,False,False,False,544.0909090909091,0.0,2.5,0,493,Research & Development,Human Resources,0.00027469106,Low Risk
34,204,14,3,3,0,31,3,1,3,2579,2912,1,1,18,3,4,2,8,3,3,8,2,0,6,False,True,False,False,False,False,False,False,False,True,False,False,False,True,False,False,False,False,True,286.55555555555554,0.0,3.0,0,494,Sales,Sales Representative,0.00902357,Low Risk
27,1420,2,1,3,1,85,3,1,1,3041,16346,0,0,11,3,2,1,5,3,3,4,3,0,2,False,True,False,False,False,False,False,False,False,True,False,False,False,True,False,True,False,False,False,506.8333333333333,0.0,2.5,0,495,Sales,Sales Representative,0.9249238,High Risk
21,1343,22,1,3,1,49,3,1,3,3447,24444,1,0,11,3,3,0,3,2,3,3,2,1,2,False,True,False,False,False,False,False,False,False,True,False,True,False,True,False,False,False,False,True,861.75,0.25,3.0,0,496,Sales,Sales Representative,0.22221243,Low Risk
44,1315,3,4,4,1,35,3,5,4,19513,9358,4,1,12,3,1,1,26,2,4,2,2,0,1,True,False,False,False,True,False,False,False,False,False,True,False,False,True,False,False,False,True,False,722.7037037037037,0.0,3.75,0,497,Research & Development,Manager,0.000811543,Low Risk
22,604,6,1,1,1,69,3,1,3,2773,12145,0,0,20,4,4,0,3,3,3,2,2,2,2,True,False,False,False,False,False,False,True,False,False,True,False,False,True,False,False,True,False,False,693.25,0.6666666666666666,2.5,0,498,Research & Development,Research Scientist,0.00023445996,Low Risk
33,1216,8,4,3,1,39,3,2,3,7104,20431,0,0,12,3,4,0,6,3,3,5,0,1,2,False,True,False,False,False,False,False,False,True,False,False,False,False,True,False,True,False,False,False,1014.8571428571429,0.16666666666666666,3.0,0,499,Sales,Sales Executive,0.0008320913,Low Risk
32,646,9,4,1,0,92,3,2,4,6322,18089,1,1,12,3,4,1,6,2,2,6,4,0,5,True,False,False,False,False,False,False,True,False,False,True,False,False,True,True,False,False,False,False,903.1428571428571,0.0,2.5,1,500,Research & Development,Research Scientist,0.0048733638,Low Risk
30,160,3,3,3,0,71,3,1,3,2083,22653,1,0,20,4,3,1,1,2,3,1,0,0,0,True,False,False,False,False,False,False,True,False,False,False,False,True,False,False,False,True,False,False,1041.5,0.0,3.0,0,501,Research & Development,Research Scientist,0.010005377,Low Risk
53,238,1,1,4,0,34,3,2,1,8381,7507,7,0,20,4,4,0,18,2,4,14,7,8,10,False,True,False,False,False,False,False,False,True,False,False,True,False,True,False,False,True,False,False,441.10526315789474,0.5333333333333333,3.0,0,502,Sales,Sales Executive,0.009367516,Low Risk
34,1397,1,5,2,1,42,3,1,4,2691,7660,1,0,12,3,4,1,10,4,2,10,9,8,8,True,False,False,False,False,False,False,True,False,False,True,False,False,True,True,False,False,False,False,244.63636363636363,0.7272727272727273,2.75,0,503,Research & Development,Research Scientist,0.00020869337,Low Risk
45,306,26,4,1,0,100,3,2,1,4286,5630,2,0,14,3,4,2,5,4,3,1,1,0,0,False,True,False,False,False,False,False,False,True,False,True,False,True,False,True,False,False,False,False,714.3333333333334,0.0,2.0,0,504,Sales,Sales Executive,0.9658918,High Risk
26,991,6,3,3,0,71,3,1,4,2659,17759,1,1,13,3,3,1,3,2,3,3,2,0,2,True,False,False,True,False,False,False,False,False,False,True,False,False,True,True,False,False,False,False,664.75,0.0,3.25,0,505,Research & Development,Laboratory Technician,0.0048430697,Low Risk
37,482,3,3,3,1,36,3,3,3,9434,9606,1,0,15,3,3,1,10,2,3,10,7,7,8,True,False,False,False,False,True,False,False,False,False,True,False,False,True,False,False,False,True,False,857.6363636363636,0.6363636363636364,3.0,0,506,Research & Development,Manufacturing Director,0.0017991029,Low Risk
29,1176,3,2,2,0,62,3,2,3,5561,3487,1,0,14,3,1,1,6,5,2,6,0,1,2,False,True,False,False,False,False,False,False,True,False,True,False,False,True,False,False,True,False,False,794.4285714285714,0.14285714285714285,2.5,0,507,Sales,Sales Executive,0.0004974882,Low Risk
35,1017,6,4,2,1,82,1,2,4,6646,19368,1,0,13,3,2,0,17,3,3,17,11,11,8,True,False,False,False,False,False,False,True,False,False,False,True,False,True,True,False,False,False,False,369.22222222222223,0.6111111111111112,2.5,0,508,Research & Development,Research Scientist,0.00034336204,Low Risk
33,1296,6,3,3,1,30,3,2,4,7725,5335,3,0,23,4,3,1,15,2,1,13,11,4,7,True,False,False,False,False,False,False,False,False,False,False,False,True,False,True,False,False,False,False,482.8125,0.2857142857142857,2.75,0,509,Research & Development,Human Resources,0.00048623825,Low Risk
54,397,19,4,3,1,88,3,3,2,10725,6729,2,0,15,3,3,1,16,1,4,9,7,7,1,False,False,True,False,False,False,False,False,False,False,True,False,False,True,False,False,True,False,False,630.8823529411765,0.7,3.0,0,510,Research & Development,Human Resources,0.005621969,Low Risk
36,913,9,2,2,1,48,2,2,2,8847,13934,2,1,11,3,3,1,13,2,3,3,2,0,2,True,False,False,False,False,True,False,False,False,False,False,False,False,True,False,False,True,False,False,631.9285714285714,0.0,2.25,0,511,Research & Development,Manufacturing Director,0.0008207052,Low Risk
27,1115,3,4,1,1,54,2,1,4,2045,15174,0,0,13,3,4,0,5,0,3,4,2,1,1,True,False,False,False,False,False,False,True,False,False,False,True,False,True,False,False,True,False,False,340.8333333333333,0.2,2.5,0,512,Research & Development,Research Scientist,0.002412251,Low Risk
20,1362,10,1,4,1,32,3,1,3,1009,26999,1,1,11,3,4,0,1,5,3,1,0,1,1,True,False,False,False,False,False,False,True,False,False,False,True,False,True,False,False,True,False,False,504.5,0.5,3.25,0,513,Research & Development,Research Scientist,0.9733011,High Risk
33,1076,3,3,1,1,70,3,1,1,3348,3164,1,1,11,3,1,0,10,3,3,10,8,9,7,True,False,False,False,False,False,False,True,False,False,False,True,True,False,True,False,False,False,False,304.3636363636364,0.8181818181818182,2.0,0,514,Research & Development,Research Scientist,0.98736644,High Risk
35,727,3,3,3,1,41,2,1,3,1281,16900,1,0,18,3,3,2,1,3,3,1,0,0,0,True,False,False,True,False,False,False,False,False,False,True,False,False,False,True,False,False,False,False,640.5,0.0,2.75,0,515,Research & Development,Laboratory Technician,0.010688306,Low Risk
23,885,4,3,1,1,58,4,1,1,2819,8544,2,0,16,3,1,1,5,3,4,3,2,0,2,True,False,False,False,False,False,False,True,False,False,True,False,False,True,False,False,True,False,False,469.8333333333333,0.0,2.5,0,516,Research & Development,Research Scientist,0.0030454423,Low Risk
25,810,8,3,4,1,57,4,2,2,4851,15678,0,0,22,4,3,1,4,4,3,3,2,1,2,False,True,False,False,False,False,False,False,True,False,True,False,False,True,True,False,False,False,False,970.2,0.25,3.25,0,517,Sales,Sales Executive,4.5860543e-05,Low Risk
38,243,7,4,4,0,46,2,2,4,4028,7791,0,0,20,4,1,0,8,2,3,7,7,0,5,False,True,False,False,False,False,False,False,True,False,False,True,False,True,False,True,False,False,False,447.55555555555554,0.0,3.25,0,518,Sales,Sales Executive,0.000129118,Low Risk
29,806,1,4,2,1,76,1,1,4,2720,18959,1,0,18,3,4,1,10,5,3,10,7,2,8,True,False,False,False,False,False,False,True,False,False,False,False,True,False,True,False,False,False,False,247.27272727272728,0.18181818181818182,2.5,0,519,Research & Development,Research Scientist,0.0014883094,Low Risk
48,817,2,1,2,1,56,4,2,2,8120,18597,3,0,12,3,4,0,12,3,3,2,2,2,2,False,True,False,False,False,False,False,False,True,False,True,False,False,True,False,True,False,False,False,624.6153846153846,0.6666666666666666,2.75,0,520,Sales,Sales Executive,0.00085681985,Low Risk
27,1410,3,1,4,0,71,4,2,4,4647,16673,1,1,20,4,2,2,6,3,3,6,5,0,4,False,True,False,False,False,False,False,False,True,False,False,False,True,False,False,False,True,False,False,663.8571428571429,0.0,3.75,0,521,Sales,Sales Executive,0.00015605525,Low Risk
37,1225,10,2,4,1,80,4,1,4,4680,15232,3,0,17,3,1,0,4,2,3,1,0,0,0,True,False,False,False,False,False,False,True,False,False,False,True,False,True,True,False,False,False,False,936.0,0.0,3.75,0,522,Research & Development,Research Scientist,0.00048686782,Low Risk
50,1207,28,1,4,1,74,4,1,3,3221,3297,1,1,11,3,3,3,20,3,3,20,8,3,8,True,False,False,True,False,False,False,False,False,False,True,False,False,True,False,False,True,False,False,153.38095238095238,0.14285714285714285,3.5,0,523,Research & Development,Laboratory Technician,0.0028314267,Low Risk
34,1442,9,3,4,0,46,2,3,2,8621,17654,1,0,14,3,2,0,9,3,4,8,7,7,7,True,False,False,False,False,False,False,False,False,False,False,True,False,True,False,False,True,False,False,862.1,0.7777777777777778,3.0,0,524,Research & Development,Human Resources,0.0019416275,Low Risk
24,693,3,2,1,0,65,3,2,3,4577,24785,9,0,14,3,1,0,4,3,3,2,2,2,0,False,True,False,False,False,False,False,False,True,False,False,True,False,True,True,False,False,False,False,915.4,0.6666666666666666,2.5,0,525,Sales,Sales Executive,0.13301812,Low Risk
39,408,2,4,4,0,80,2,2,3,4553,20978,1,0,11,3,1,0,20,4,3,20,7,11,10,True,False,False,False,False,False,False,False,False,False,False,True,False,True,False,False,False,False,True,216.8095238095238,0.5238095238095238,3.0,0,526,Research & Development,Human Resources,0.001802588,Low Risk
32,929,10,3,4,1,55,3,2,4,5396,21703,1,0,12,3,4,0,10,2,2,10,7,0,8,False,True,False,False,False,False,False,False,True,False,False,True,False,True,False,True,False,False,False,490.54545454545456,0.0,3.25,0,527,Sales,Sales Executive,0.00059207476,Low Risk
50,562,8,2,2,1,50,3,2,3,6796,23452,3,1,14,3,1,1,18,4,3,4,3,1,3,False,True,False,False,False,False,False,False,True,False,True,False,True,False,False,False,False,False,True,357.6842105263158,0.2,2.75,0,528,Sales,Sales Executive,0.97287345,High Risk
38,827,1,4,2,0,33,4,2,4,7625,19383,0,0,13,3,3,0,10,4,2,9,7,1,8,True,False,False,False,False,False,False,False,False,False,False,True,False,True,True,False,False,False,False,693.1818181818181,0.1,3.0,0,529,Research & Development,Human Resources,1.8389606e-05,Low Risk
27,608,1,2,3,0,68,3,3,1,7412,6009,1,0,11,3,4,0,9,3,3,9,7,0,7,True,False,False,False,False,True,False,False,False,False,True,False,False,True,True,False,False,False,False,741.2,0.0,2.5,0,530,Research & Development,Manufacturing Director,0.00035553097,Low Risk
32,1018,3,2,3,0,39,3,3,4,11159,19373,3,0,15,3,4,0,10,6,3,7,7,7,7,True,False,False,False,False,False,True,False,False,False,False,True,False,True,True,False,False,False,False,1014.4545454545455,0.875,3.25,0,531,Research & Development,Research Director,0.00049345207,Low Risk
47,703,14,4,4,1,42,3,2,1,4960,11825,2,0,12,3,4,0,20,2,3,7,7,1,7,False,True,False,False,False,False,False,False,True,False,False,True,False,True,False,True,False,False,False,236.1904761904762,0.125,2.75,0,532,Sales,Sales Executive,0.0011059447,Low Risk
40,580,5,4,4,1,48,2,3,1,10475,23772,5,1,21,4,3,1,20,2,3,18,13,1,12,False,True,False,False,False,False,False,False,True,False,True,False,True,False,True,False,False,False,False,498.8095238095238,0.05263157894736842,2.5,0,533,Sales,Sales Executive,0.011275702,Low Risk
53,970,7,3,3,1,59,4,4,3,14814,13514,3,0,19,3,3,0,32,3,3,5,1,1,3,True,False,False,False,False,False,True,False,False,False,True,False,False,True,True,False,False,False,False,448.90909090909093,0.16666666666666666,3.25,0,534,Research & Development,Research Director,1.2976897e-05,Low Risk
41,427,10,4,2,1,73,2,5,4,19141,8861,3,0,15,3,2,3,23,2,2,21,6,12,6,False,False,False,False,True,False,False,False,False,False,False,False,False,True,False,False,False,False,False,797.5416666666666,0.5454545454545454,2.5,0,535,Research & Development,Manager,0.0019207232,Low Risk
60,1179,16,4,1,1,84,3,2,1,5405,11924,8,0,14,3,4,0,10,1,3,2,2,2,2,False,True,False,False,False,False,False,False,True,False,False,True,False,True,False,True,False,False,False,491.3636363636364,0.6666666666666666,2.0,0,536,Sales,Sales Executive,0.019982897,Low Risk
27,294,10,2,4,1,32,3,3,1,8793,4809,1,0,21,4,3,2,9,4,2,9,7,1,7,True,False,False,False,False,True,False,False,False,False,False,False,True,False,True,False,False,False,False,879.3,0.1,2.5,0,537,Research & Development,Manufacturing Director,0.005437893,Low Risk
41,314,1,3,4,1,59,2,5,3,19189,19562,1,0,12,3,2,1,22,3,3,22,7,2,10,False,False,False,False,True,False,False,False,False,False,True,False,False,True,False,False,False,False,False,834.304347826087,0.08695652173913043,3.0,0,538,Research & Development,Manager,0.0001621942,Low Risk
50,316,8,4,4,1,54,3,1,2,3875,9983,7,0,15,3,4,1,4,2,3,2,2,2,2,False,True,False,False,False,False,False,False,False,True,True,False,False,True,False,True,False,False,False,775.0,0.6666666666666666,3.0,0,539,Sales,Sales Representative,0.0027832333,Low Risk
28,654,1,2,1,0,67,1,1,2,2216,3872,7,1,13,3,4,0,10,4,3,7,7,3,7,True,False,False,False,False,False,False,True,False,False,False,True,False,True,True,False,False,False,False,201.45454545454547,0.375,1.75,0,540,Research & Development,Research Scientist,0.9974789,High Risk
36,427,8,3,1,0,63,4,3,1,11713,20335,9,0,14,3,1,1,10,2,3,8,7,0,5,True,False,False,False,False,False,True,False,False,False,True,False,False,False,True,False,False,False,False,1064.8181818181818,0.0,2.25,0,541,Research & Development,Research Director,0.0013360019,Low Risk
38,168,1,3,3,0,81,3,3,3,7861,15397,4,1,14,3,4,0,10,4,4,1,0,0,0,True,False,False,False,False,True,False,False,False,False,False,True,False,True,True,False,False,False,False,714.6363636363636,0.0,3.25,0,542,Research & Development,Manufacturing Director,0.0018256832,Low Risk
44,381,24,3,1,1,49,1,1,3,3708,2104,2,0,14,3,3,0,9,5,3,5,2,1,4,True,False,False,True,False,False,False,False,False,False,False,True,False,False,False,False,True,False,False,370.8,0.16666666666666666,2.0,0,543,Research & Development,Laboratory Technician,0.65619266,High Risk
47,217,3,3,4,0,49,3,4,3,13770,10225,9,1,12,3,4,2,28,2,2,22,2,11,13,False,True,False,False,False,False,False,False,True,False,False,False,True,False,False,False,True,False,False,474.82758620689657,0.4782608695652174,3.0,1,544,Sales,Sales Executive,0.01889318,Low Risk
30,501,27,5,3,1,99,3,2,4,5304,25275,7,0,23,4,4,1,10,2,2,8,7,7,7,False,True,False,False,False,False,False,False,True,False,False,False,False,True,False,True,False,False,False,482.1818181818182,0.7777777777777778,3.0,0,545,Sales,Sales Executive,0.00073128066,Low Risk
29,1396,10,3,3,1,99,3,1,3,2642,2755,1,0,11,3,3,0,1,6,3,1,0,0,0,False,True,False,False,False,False,False,False,False,True,False,True,False,True,True,False,False,False,False,1321.0,0.0,3.0,0,546,Sales,Sales Representative,0.032197505,Low Risk
42,933,19,3,3,1,57,4,1,3,2759,20366,6,1,12,3,4,0,7,2,3,2,2,2,2,True,False,False,False,False,False,False,True,False,False,False,False,True,False,False,False,True,False,False,344.875,0.6666666666666666,3.25,0,547,Research & Development,Research Scientist,0.61026245,High Risk
43,775,15,3,4,1,47,2,2,4,6804,23683,3,0,18,3,3,1,7,5,3,2,2,2,2,False,True,False,False,False,False,False,False,True,False,True,False,True,False,True,False,False,False,False,850.5,0.6666666666666666,3.25,0,548,Sales,Sales Executive,0.0010011137,Low Risk
34,970,8,2,2,0,96,3,2,3,6142,7360,3,0,11,3,4,0,10,2,3,5,1,4,3,True,False,False,False,False,False,False,False,False,False,False,True,False,True,False,False,True,False,False,558.3636363636364,0.6666666666666666,2.75,0,549,Research & Development,Human Resources,0.00038745193,Low Risk
23,650,9,1,2,1,37,3,1,1,2500,4344,1,0,14,3,4,1,5,2,4,4,3,0,2,True,False,False,True,False,False,False,False,False,False,True,False,False,True,False,False,True,False,False,416.6666666666667,0.0,2.5,0,550,Research & Development,Laboratory Technician,0.0015691941,Low Risk
39,141,3,3,3,0,44,4,2,2,6389,18767,9,0,15,3,3,1,12,3,1,8,3,3,6,False,False,True,False,False,False,False,False,False,False,True,False,False,True,False,False,False,False,False,491.46153846153845,0.3333333333333333,2.5,0,551,Research & Development,Human Resources,0.0025491985,Low Risk
56,832,9,3,3,1,81,3,4,4,11103,20420,7,0,11,3,3,0,30,1,2,10,7,1,1,True,False,False,False,False,False,False,False,False,False,True,False,False,True,False,False,True,False,False,358.16129032258067,0.09090909090909091,3.0,0,552,Research & Development,Human Resources,0.0016701571,Low Risk
40,804,2,1,4,0,86,2,1,4,2342,22929,0,1,20,4,4,0,5,2,2,4,2,2,3,True,False,False,False,False,False,False,True,False,False,False,True,False,True,False,False,True,False,False,390.3333333333333,0.4,3.0,1,553,Research & Development,Research Scientist,0.0031367126,Low Risk
27,975,7,3,4,0,55,2,2,1,6811,23398,8,0,19,3,1,0,9,2,1,7,6,0,7,True,False,False,False,False,False,False,False,False,False,False,True,False,True,False,False,True,False,False,681.1,0.0,2.0,0,554,Research & Development,Human Resources,0.014612374,Low Risk
29,1090,10,3,4,1,83,3,1,2,2297,17967,1,0,14,3,4,2,2,2,3,2,2,2,2,False,True,False,False,False,False,False,False,False,True,False,False,False,True,False,True,False,False,False,765.6666666666666,0.6666666666666666,3.0,0,555,Sales,Sales Representative,0.0010197981,Low Risk
53,346,6,3,4,1,86,3,2,4,2450,10919,2,0,17,3,4,0,19,4,3,2,2,2,2,True,False,False,True,False,False,False,False,False,False,False,True,False,True,True,False,False,False,False,122.5,0.6666666666666666,3.5,0,556,Research & Development,Laboratory Technician,0.00025205957,Low Risk
35,1225,2,4,4,0,61,3,2,1,5093,4761,2,0,11,3,1,1,16,2,4,1,0,0,0,True,False,False,False,False,False,False,False,False,False,False,False,False,False,True,False,False,False,False,299.5882352941176,0.0,3.0,0,557,Research & Development,Human Resources,0.00067712006,Low Risk
32,430,24,4,1,1,80,3,2,4,5309,21146,1,0,15,3,4,2,10,2,3,10,8,4,7,True,False,False,True,False,False,False,False,False,False,True,False,True,False,True,False,False,False,False,482.6363636363636,0.36363636363636365,2.75,0,558,Research & Development,Laboratory Technician,0.0064085014,Low Risk
38,268,2,5,4,1,92,3,1,3,3057,20471,6,1,13,3,2,1,6,0,1,1,0,0,1,True,False,False,False,False,False,False,True,False,False,True,False,False,True,False,False,True,False,False,436.7142857142857,0.0,2.75,1,559,Research & Development,Research Scientist,0.48391306,Medium Risk
34,167,8,5,2,0,32,3,2,1,5121,4187,3,0,14,3,3,1,7,3,3,0,0,0,0,True,False,False,False,False,True,False,False,False,False,False,False,False,True,True,False,False,False,False,640.125,0.0,2.25,0,560,Research & Development,Manufacturing Director,0.000132607,Low Risk
52,621,3,4,3,1,31,2,4,1,16856,10084,1,0,11,3,1,0,34,3,4,34,6,1,16,False,True,False,False,True,False,False,False,False,False,True,False,False,True,False,True,False,False,False,481.6,0.02857142857142857,2.5,0,561,Sales,Manager,0.002453231,Low Risk
33,527,1,4,4,1,63,3,1,4,2686,5207,1,1,13,3,3,0,10,2,2,10,9,7,8,True,False,False,False,False,False,False,True,False,False,False,True,False,True,False,False,False,True,False,244.1818181818182,0.6363636363636364,3.25,1,562,Research & Development,Research Scientist,0.1192212,Low Risk
25,883,26,1,3,0,32,3,2,4,6180,22807,1,0,23,4,2,0,6,5,2,6,5,1,4,False,True,False,False,False,False,False,False,True,False,False,True,False,True,False,False,True,False,False,882.8571428571429,0.14285714285714285,3.0,0,563,Sales,Sales Executive,0.0009961795,Low Risk
45,954,2,2,2,1,46,1,2,3,6632,12388,0,0,13,3,1,0,9,3,3,8,7,3,1,False,True,False,False,False,False,False,False,False,True,False,True,False,True,False,False,False,False,True,663.2,0.3333333333333333,2.25,0,564,Sales,Sales Representative,0.0063205967,Low Risk
23,310,10,1,1,1,79,4,1,3,3505,19630,1,0,18,3,4,0,2,3,3,2,2,0,2,True,False,False,False,False,False,False,True,False,False,False,True,False,True,False,False,True,False,False,1168.3333333333333,0.0,2.75,0,565,Research & Development,Research Scientist,0.003368536,Low Risk
47,719,27,2,2,0,77,4,2,3,6397,10339,4,1,12,3,4,0,8,2,3,5,4,1,3,False,True,False,False,False,False,False,False,True,False,False,True,True,False,True,False,False,False,False,710.7777777777778,0.16666666666666666,3.0,0,566,Sales,Sales Executive,0.9934876,High Risk
34,304,2,3,4,1,60,3,2,4,6274,18686,1,0,22,4,3,0,6,5,3,6,5,1,4,False,True,False,False,False,False,False,False,True,False,False,True,False,True,False,False,False,True,False,896.2857142857143,0.14285714285714285,3.5,0,567,Sales,Sales Executive,0.00027533318,Low Risk
55,725,2,3,4,1,78,3,5,1,19859,21199,5,1,13,3,4,1,24,2,3,5,2,1,4,True,False,False,False,True,False,False,False,False,False,True,False,False,True,False,False,True,False,False,794.36,0.16666666666666666,2.75,0,568,Research & Development,Manager,0.9483282,High Risk
36,1434,8,4,1,1,76,2,3,1,7587,14229,1,0,15,3,2,0,10,1,3,10,7,0,9,False,True,False,False,False,False,False,False,True,False,False,True,False,False,True,False,False,False,False,689.7272727272727,0.0,1.75,0,569,Sales,Sales Executive,0.008516141,Low Risk
52,715,19,4,4,1,41,3,1,4,4258,26589,0,0,18,3,1,1,5,3,3,4,3,1,2,True,False,False,False,False,False,False,True,False,False,True,False,False,False,False,False,True,False,False,709.6666666666666,0.2,3.5,0,570,Research & Development,Research Scientist,9.2678834e-05,Low Risk
26,575,1,2,1,0,71,1,1,4,4364,5288,3,0,14,3,1,1,5,2,3,2,2,2,0,True,False,False,True,False,False,False,False,False,False,False,False,True,False,True,False,False,False,False,727.3333333333334,0.6666666666666666,2.25,0,571,Research & Development,Laboratory Technician,0.015707003,Low Risk
29,657,27,3,2,0,66,3,2,3,4335,25549,4,0,12,3,1,1,11,3,2,8,7,1,1,True,False,False,False,False,False,False,False,False,False,True,False,False,True,False,False,True,False,False,361.25,0.1111111111111111,2.5,0,572,Research & Development,Human Resources,0.025365233,Low Risk
26,1146,8,3,4,1,38,2,2,1,5326,3064,6,0,17,3,3,0,6,2,2,4,3,1,2,False,True,False,False,False,False,False,False,True,False,False,True,False,True,False,False,False,False,True,760.8571428571429,0.2,2.25,0,573,Sales,Sales Executive,0.9857846,High Risk
34,182,1,4,2,0,72,4,1,4,3280,13551,2,0,16,3,3,0,10,2,3,4,2,1,3,True,False,False,False,False,False,False,True,False,False,False,True,False,True,True,False,False,False,False,298.1818181818182,0.2,3.25,0,574,Research & Development,Research Scientist,6.515672e-06,Low Risk
54,376,19,4,4,0,95,3,2,1,5485,22670,9,1,11,3,2,2,9,4,3,5,3,1,4,True,False,False,False,False,True,False,False,False,False,False,False,False,True,False,False,True,False,False,548.5,0.16666666666666666,2.75,0,575,Research & Development,Manufacturing Director,0.001632897,Low Risk
27,829,8,1,3,1,84,3,2,4,4342,24008,0,0,19,3,2,1,5,3,3,4,2,1,1,False,True,False,False,False,False,False,False,True,False,True,False,True,False,False,True,False,False,False,723.6666666666666,0.2,3.25,0,576,Sales,Sales Executive,0.0031577009,Low Risk
37,571,10,1,4,0,82,3,1,1,2782,19905,0,1,13,3,2,2,6,3,2,5,3,4,3,True,False,False,False,False,False,False,True,False,False,False,False,False,True,True,False,False,False,False,397.42857142857144,0.6666666666666666,2.5,1,577,Research & Development,Research Scientist,0.0031847626,Low Risk
38,240,2,4,1,0,75,4,2,1,5980,26085,6,1,12,3,4,0,17,2,3,15,7,4,12,True,False,False,False,False,True,False,False,False,False,False,True,True,False,True,False,False,False,False,332.22222222222223,0.25,2.25,0,578,Research & Development,Manufacturing Director,0.021582594,Low Risk
34,121,2,4,3,0,86,2,1,1,4381,7530,1,0,11,3,3,0,6,3,3,6,5,1,3,True,False,False,False,False,False,False,True,False,False,False,True,False,True,False,False,True,False,False,625.8571428571429,0.14285714285714285,2.25,0,579,Research & Development,Research Scientist,0.0020278783,Low Risk
35,384,8,4,1,0,72,3,1,4,2572,20317,1,0,16,3,2,1,3,1,2,3,2,0,2,False,True,False,False,False,False,False,False,False,True,True,False,False,True,True,False,False,False,False,643.0,0.0,2.5,0,580,Sales,Sales Representative,0.0007634087,Low Risk
30,921,1,3,4,1,38,1,1,3,3833,24375,3,0,21,4,3,2,7,2,3,2,2,0,2,True,False,False,True,False,False,False,False,False,False,True,False,False,True,True,False,False,False,False,479.125,0.0,2.75,0,581,Research & Development,Laboratory Technician,0.00023520533,Low Risk
40,791,2,2,3,0,38,4,2,2,4244,9931,1,0,24,4,4,1,8,2,3,8,7,3,7,True,False,False,False,False,False,False,False,False,False,True,False,True,False,False,False,True,False,False,471.55555555555554,0.3333333333333333,3.0,0,582,Research & Development,Human Resources,0.0006166735,Low Risk
34,1111,8,2,3,0,93,3,2,1,6500,13305,5,0,17,3,2,1,6,1,3,3,2,1,2,False,True,False,False,False,False,False,False,True,False,True,False,False,True,True,False,False,False,False,928.5714285714286,0.25,2.5,0,583,Sales,Sales Executive,0.00048582893,Low Risk
42,570,8,3,2,1,66,3,5,4,18430,16225,1,0,13,3,2,1,24,4,2,24,7,14,9,True,False,False,False,True,False,False,False,False,False,False,False,True,False,True,False,False,False,False,737.2,0.56,2.75,0,584,Research & Development,Manager,0.0005546633,Low Risk
23,1243,6,3,3,1,63,4,1,1,1601,3445,1,1,21,4,3,2,1,2,3,0,0,0,0,True,False,False,True,False,False,False,False,False,False,True,False,False,True,True,False,False,False,False,800.5,0.0,2.75,0,585,Research & Development,Laboratory Technician,0.98868716,High Risk
24,1092,9,3,3,1,60,2,1,2,2694,26551,1,0,11,3,3,3,1,4,3,1,0,0,0,True,False,False,True,False,False,False,False,False,False,False,False,False,False,True,False,False,False,False,1347.0,0.0,2.5,0,586,Research & Development,Laboratory Technician,0.0106172655,Low Risk
52,1325,11,4,4,0,82,3,2,3,3149,21821,8,0,20,4,2,1,9,3,3,5,2,1,4,True,False,False,True,False,False,False,False,False,False,True,False,False,True,True,False,False,False,False,314.9,0.16666666666666666,3.25,0,587,Research & Development,Laboratory Technician,0.00023480538,Low Risk
50,691,2,3,3,1,64,3,4,3,17639,6881,5,0,16,3,4,0,30,3,3,4,3,0,3,True,False,False,False,False,False,True,False,False,False,True,False,False,True,False,False,True,False,False,569.0,0.0,3.0,0,588,Research & Development,Research Director,0.00043354902,Low Risk
29,805,1,2,2,0,36,2,1,1,2319,6689,1,1,11,3,4,1,1,1,3,1,0,0,0,True,False,False,True,False,False,False,False,False,False,True,False,False,True,True,False,False,False,False,1159.5,0.0,2.0,0,589,Research & Development,Laboratory Technician,0.9984848,High Risk
33,213,7,3,3,1,49,3,3,3,11691,25995,0,0,11,3,4,0,14,3,4,13,9,3,7,True,False,False,False,False,False,True,False,False,False,True,False,False,True,False,False,True,False,False,779.4,0.21428571428571427,3.25,0,590,Research & Development,Research Director,0.00067521224,Low Risk
33,118,16,3,1,0,69,3,2,1,5324,26507,5,0,15,3,3,0,6,3,3,3,2,0,2,False,True,False,False,False,False,False,False,True,False,False,True,False,True,False,True,False,False,False,760.5714285714286,0.0,2.0,0,591,Sales,Sales Executive,0.9941802,High Risk
47,202,2,2,3,0,33,3,4,4,16752,12982,1,1,11,3,3,1,26,3,2,26,14,3,0,True,False,False,False,True,False,False,False,False,False,True,False,False,True,False,False,False,True,False,620.4444444444445,0.1111111111111111,3.0,1,592,Research & Development,Manager,0.00010242704,Low Risk
36,676,1,3,3,0,35,3,2,2,5228,23361,0,0,15,3,1,1,10,2,3,9,7,0,5,True,False,False,False,False,True,False,False,False,False,True,False,False,True,False,False,False,True,False,475.27272727272725,0.0,2.75,0,593,Research & Development,Manufacturing Director,0.00010247022,Low Risk
29,1252,23,2,3,1,81,4,1,3,2700,23779,1,0,24,4,3,1,10,3,3,10,7,0,7,True,False,False,False,False,False,False,True,False,False,True,False,False,True,True,False,False,False,False,245.45454545454547,0.0,3.25,0,594,Research & Development,Research Scientist,2.9717261e-05,Low Risk
58,286,2,4,4,1,31,3,5,2,19246,25761,7,1,12,3,4,0,40,2,3,31,15,13,8,True,False,False,False,False,False,True,False,False,False,False,True,False,True,True,False,False,False,False,469.4146341463415,0.40625,3.0,0,595,Research & Development,Research Director,0.9504377,High Risk
35,1258,1,4,4,0,40,4,1,3,2506,13301,3,0,13,3,3,0,7,0,3,2,2,2,2,True,False,False,False,False,False,False,True,False,False,False,True,False,True,True,False,False,False,False,313.25,0.6666666666666666,3.5,0,596,Research & Development,Research Scientist,2.687405e-05,Low Risk
42,932,1,2,4,0,43,2,2,4,6062,4051,9,1,13,3,4,1,8,4,3,4,3,0,2,True,False,False,False,False,True,False,False,False,False,True,False,False,True,True,False,False,False,False,673.5555555555555,0.0,3.25,0,597,Research & Development,Manufacturing Director,7.117113e-05,Low Risk
28,890,2,4,3,1,46,3,1,3,4382,16374,6,0,17,3,4,0,5,3,2,2,2,2,1,True,False,False,False,False,False,False,True,False,False,False,True,False,True,False,False,True,False,False,730.3333333333334,0.6666666666666666,2.75,0,598,Research & Development,Research Scientist,0.9677017,High Risk
36,1041,13,3,3,1,36,3,1,2,2143,25527,4,0,13,3,2,1,8,2,3,5,2,0,4,False,False,True,False,False,False,False,False,False,False,True,False,False,True,False,False,False,False,False,238.11111111111111,0.0,2.75,0,599,Research & Development,Human Resources,0.0011220131,Low Risk
32,859,4,3,3,0,98,2,2,3,6162,19124,1,0,12,3,3,1,14,3,3,14,13,6,8,True,False,False,False,False,True,False,False,False,False,True,False,False,True,True,False,False,False,False,410.8,0.4,2.75,0,600,Research & Development,Manufacturing Director,8.17924e-05,Low Risk
40,720,16,4,1,1,51,2,2,3,5094,11983,6,0,14,3,4,0,10,6,3,1,0,0,0,True,False,False,True,False,False,False,False,False,False,False,True,True,False,False,False,True,False,False,463.09090909090907,0.0,2.25,0,601,Research & Development,Laboratory Technician,0.026054233,Low Risk
30,946,2,3,3,0,52,2,2,4,6877,20234,5,1,24,4,2,0,12,4,2,0,0,0,0,True,False,False,False,False,True,False,False,False,False,False,True,False,True,False,False,True,False,False,529.0,0.0,2.75,1,602,Research & Development,Manufacturing Director,0.09285556,Low Risk
45,252,2,3,2,0,95,2,1,3,2274,6153,1,0,14,3,4,0,1,3,3,1,0,0,0,True,False,False,False,False,False,False,True,False,False,False,True,False,True,True,False,False,False,False,1137.0,0.0,2.5,0,603,Research & Development,Research Scientist,0.0062970743,Low Risk
42,933,29,3,2,1,98,3,2,2,4434,11806,1,0,13,3,4,1,10,3,2,9,8,7,8,True,False,False,False,False,True,False,False,False,False,True,False,False,True,True,False,False,False,False,403.09090909090907,0.7,2.25,0,604,Research & Development,Manufacturing Director,0.00018740335,Low Risk
38,471,12,3,1,1,45,2,2,1,6288,4284,2,0,15,3,3,1,13,3,2,4,3,1,2,True,False,False,False,False,False,False,False,False,False,False,False,True,False,True,False,False,False,False,449.14285714285717,0.2,1.5,0,605,Research & Development,Human Resources,0.005540243,Low Risk
34,702,16,4,3,0,100,2,1,4,2553,8306,1,0,16,3,3,0,6,3,3,5,2,1,3,True,False,False,False,False,False,False,True,False,False,False,True,True,False,True,False,False,False,False,364.7142857142857,0.16666666666666666,3.0,0,606,Research & Development,Research Scientist,0.0018112556,Low Risk
49,1184,11,3,3,0,43,3,3,4,7654,5860,1,0,18,3,1,2,9,3,4,9,8,7,7,False,True,False,False,False,False,False,False,True,False,True,False,False,True,False,True,False,False,False,765.4,0.7,3.5,0,607,Sales,Sales Executive,0.96123034,High Risk
55,436,2,1,3,1,37,3,2,4,5160,21519,4,0,16,3,3,0,12,3,2,9,7,7,3,False,True,False,False,False,False,False,False,True,False,False,True,False,True,False,False,True,False,False,396.9230769230769,0.7,3.0,0,608,Sales,Sales Executive,0.9733079,High Risk
43,589,14,2,2,1,94,3,4,1,17159,5200,6,0,24,4,3,1,22,3,3,4,1,1,0,True,False,False,False,False,False,True,False,False,False,True,False,False,True,True,False,False,False,False,746.0434782608696,0.2,2.25,0,609,Research & Development,Research Director,0.0010929072,Low Risk
27,269,5,1,3,1,42,2,3,4,12808,8842,1,1,16,3,2,1,9,3,3,9,8,0,8,True,False,False,False,False,False,True,False,False,False,False,False,False,True,False,False,False,False,True,1280.8,0.0,3.0,0,610,Research & Development,Research Director,0.0016762017,Low Risk
35,950,7,3,3,1,59,3,3,3,10221,18869,3,0,21,4,2,0,17,3,4,8,5,1,6,True,False,False,False,False,True,False,False,False,False,False,True,False,True,False,False,False,True,False,567.8333333333334,0.1111111111111111,3.25,0,611,Research & Development,Manufacturing Director,0.00056769274,Low Risk
28,760,2,4,2,0,81,3,2,2,4779,3698,1,1,20,4,1,0,8,2,3,8,7,7,5,False,True,False,False,False,False,False,False,True,False,True,False,False,True,False,True,False,False,False,531.0,0.7777777777777778,2.5,0,612,Sales,Sales Executive,0.015564187,Low Risk
34,829,3,2,3,1,88,3,1,4,3737,2243,0,0,19,3,3,1,4,1,1,3,2,0,2,False,False,True,False,False,False,False,False,False,False,True,False,False,True,False,False,False,False,False,747.4,0.0,2.75,0,613,Research & Development,Human Resources,0.00014581447,Low Risk
26,887,5,2,3,0,88,2,1,3,2366,20898,1,1,14,3,1,1,8,2,3,8,7,1,7,True,False,False,False,False,False,False,True,False,False,True,False,True,False,False,False,True,False,False,262.8888888888889,0.1111111111111111,2.75,0,614,Research & Development,Research Scientist,0.9830361,High Risk
27,443,3,3,4,1,50,3,1,4,1706,16571,1,0,11,3,3,3,0,6,2,0,0,0,0,True,False,False,False,False,False,False,True,False,False,True,False,False,False,False,False,True,False,False,1706.0,0.0,3.25,0,615,Research & Development,Research Scientist,0.004589531,Low Risk
51,1318,26,4,1,0,66,3,4,3,16307,5594,2,0,14,3,3,1,29,2,2,20,6,4,17,False,True,False,False,True,False,False,False,False,False,True,False,False,True,False,True,False,False,False,543.5666666666667,0.19047619047619047,2.25,0,616,Sales,Manager,0.00085197826,Low Risk
44,625,4,3,4,1,50,3,2,2,5933,5197,9,0,12,3,4,0,10,2,2,5,2,2,3,True,False,False,False,False,False,False,False,False,False,False,True,False,True,False,False,True,False,False,539.3636363636364,0.3333333333333333,2.75,0,617,Research & Development,Human Resources,0.0072587393,Low Risk
25,180,2,1,1,1,65,4,1,1,3424,21632,7,0,13,3,3,0,6,3,2,4,3,0,1,True,False,False,False,False,False,False,True,False,False,False,True,False,True,False,False,True,False,False,489.14285714285717,0.0,2.0,0,618,Research & Development,Research Scientist,0.01778348,Low Risk
33,586,1,3,1,1,48,4,2,1,4037,21816,1,0,22,4,1,1,9,5,3,9,8,0,8,False,True,False,False,False,False,False,False,True,False,False,False,False,True,False,False,True,False,False,403.7,0.0,2.25,0,619,Sales,Sales Executive,0.0014630605,Low Risk
35,1343,27,1,3,0,53,2,1,1,2559,17852,1,0,11,3,4,0,6,3,2,6,5,1,1,True,False,False,False,False,False,False,True,False,False,False,True,False,True,False,False,True,False,False,365.57142857142856,0.14285714285714285,2.0,0,620,Research & Development,Research Scientist,0.0015045704,Low Risk
36,928,1,2,2,1,56,3,2,4,6201,2823,1,1,14,3,4,1,18,1,2,18,14,4,11,False,True,False,False,False,False,False,False,True,False,True,False,False,True,True,False,False,False,False,326.36842105263156,0.21052631578947367,2.75,1,621,Sales,Sales Executive,0.0002993357,Low Risk
32,117,13,4,2,1,73,3,2,4,4403,9250,2,0,11,3,3,1,8,3,2,5,2,0,3,False,True,False,False,False,False,False,False,True,False,False,False,False,True,True,False,False,False,False,489.22222222222223,0.0,2.75,0,622,Sales,Sales Executive,0.0026728725,Low Risk
30,1012,5,4,2,1,75,2,1,4,3761,2373,9,0,12,3,2,1,10,3,2,5,4,0,3,True,False,False,False,False,False,False,True,False,False,False,False,True,False,True,False,False,False,False,341.90909090909093,0.0,2.5,0,623,Research & Development,Research Scientist,0.002952008,Low Risk
53,661,7,2,1,0,78,2,3,4,10934,20715,7,1,18,3,4,1,35,3,3,5,2,0,4,False,True,False,False,False,False,False,False,True,False,True,False,False,True,False,True,False,False,False,303.72222222222223,0.0,2.5,0,624,Sales,Sales Executive,0.009208622,Low Risk
45,930,9,3,4,1,74,3,3,1,10761,19239,4,1,12,3,3,1,18,2,3,5,4,0,2,False,True,False,False,False,False,False,False,True,False,False,False,False,True,False,True,False,False,False,566.3684210526316,0.0,2.75,0,625,Sales,Sales Executive,0.00395034,Low Risk
32,638,8,2,3,0,91,4,2,3,5175,22162,5,0,12,3,3,1,9,3,2,5,3,1,3,True,False,False,False,False,False,False,True,False,False,True,False,False,True,False,False,True,False,False,517.5,0.16666666666666666,3.0,0,626,Research & Development,Research Scientist,0.0016138179,Low Risk
52,890,25,4,3,0,81,2,4,4,13826,19028,3,0,22,4,3,0,31,3,3,9,8,0,0,True,False,False,False,False,True,False,False,False,False,True,False,True,False,False,False,True,False,False,432.0625,0.0,3.0,0,627,Research & Development,Manufacturing Director,7.61817e-05,Low Risk
37,342,16,4,4,1,66,2,2,3,6334,24558,4,0,19,3,4,2,9,2,3,1,0,0,0,False,True,False,False,False,False,False,False,True,False,False,False,False,True,False,True,False,False,False,633.4,0.0,3.0,0,628,Sales,Sales Executive,0.0022227913,Low Risk
28,1169,8,2,2,1,63,2,1,4,4936,23965,1,0,13,3,4,1,6,6,3,5,1,0,4,False,False,True,False,False,False,False,False,False,False,False,False,False,True,False,False,True,False,False,705.1428571428571,0.0,2.75,0,629,Research & Development,Human Resources,0.00020403325,Low Risk
22,1230,1,2,4,1,33,2,2,4,4775,19146,6,0,22,4,1,2,4,2,1,2,2,2,2,True,False,False,False,False,True,False,False,False,False,True,False,False,True,True,False,False,False,False,955.0,0.6666666666666666,2.75,0,630,Research & Development,Manufacturing Director,0.0015931589,Low Risk
44,986,8,4,1,1,62,4,1,4,2818,5044,2,1,24,4,3,1,10,2,2,3,2,0,2,True,False,False,True,False,False,False,False,False,False,True,False,False,True,True,False,False,False,False,256.1818181818182,0.0,2.75,1,631,Research & Development,Laboratory Technician,0.00629362,Low Risk
42,1271,2,1,2,1,35,3,1,4,2515,9068,5,1,14,3,4,0,8,2,3,2,1,2,2,True,False,False,False,False,False,False,True,False,False,False,True,True,False,False,False,True,False,False,279.44444444444446,0.6666666666666666,3.0,0,632,Research & Development,Research Scientist,0.00403104,Low Risk
36,1278,8,3,1,1,77,2,1,1,2342,8635,0,0,21,4,3,0,6,3,3,5,4,0,3,False,False,True,False,False,False,False,False,False,False,True,False,False,True,True,False,False,False,False,334.57142857142856,0.0,1.75,0,633,Research & Development,Human Resources,0.0034597947,Low Risk
25,141,3,1,3,1,98,3,2,1,4194,14363,1,1,18,3,4,0,5,3,3,5,3,0,3,False,True,False,False,False,False,False,False,True,False,True,False,False,True,False,False,False,True,False,699.0,0.0,2.5,0,634,Sales,Sales Executive,0.007415474,Low Risk
35,607,9,3,4,0,66,2,3,3,10685,23457,1,1,20,4,2,1,17,2,3,17,14,5,15,True,False,False,False,False,True,False,False,False,False,True,False,False,True,True,False,False,False,False,593.6111111111111,0.2777777777777778,3.0,0,635,Research & Development,Manufacturing Director,0.00047095682,Low Risk
35,130,25,4,4,0,96,3,1,2,2022,16612,1,1,19,3,1,1,10,3,2,10,2,7,8,True,False,False,False,False,False,False,True,False,False,False,False,True,False,True,False,False,False,False,183.8181818181818,0.6363636363636364,2.75,1,636,Research & Development,Research Scientist,0.9900205,High Risk
32,300,1,3,4,1,61,3,1,4,2314,9148,0,0,12,3,2,1,4,2,3,3,0,0,2,True,False,False,True,False,False,False,False,False,False,False,False,False,False,True,False,False,False,False,462.8,0.0,3.5,0,637,Research & Development,Laboratory Technician,3.246239e-05,Low Risk
25,583,4,1,3,1,87,2,2,1,4256,18154,1,0,12,3,1,0,5,1,4,5,2,0,3,False,True,False,False,False,False,False,False,True,False,True,False,False,True,False,True,False,False,False,709.3333333333334,0.0,2.5,0,638,Sales,Sales Executive,0.064601324,Low Risk
49,1418,1,3,3,0,36,3,1,1,3580,10554,2,0,16,3,2,1,7,2,3,4,2,0,2,True,False,False,False,False,False,False,True,False,False,True,False,False,True,False,False,False,False,True,447.5,0.0,2.5,0,639,Research & Development,Research Scientist,2.6508307e-05,Low Risk
24,1269,4,1,1,1,46,2,1,4,3162,10778,0,0,17,3,4,0,6,2,2,5,2,3,4,True,False,False,True,False,False,False,False,False,False,True,False,False,False,True,False,False,False,False,451.7142857142857,0.5,2.25,0,640,Research & Development,Laboratory Technician,0.0011653996,Low Risk
32,379,5,2,2,1,48,3,2,2,6524,8891,1,0,14,3,4,1,10,3,3,10,8,5,3,False,True,False,False,False,False,False,False,True,False,True,False,True,False,True,False,False,False,False,593.0909090909091,0.45454545454545453,2.5,0,641,Sales,Sales Executive,0.004626533,Low Risk
38,395,9,3,2,1,98,2,1,2,2899,12102,0,0,19,3,4,1,3,3,3,2,2,1,2,False,True,False,False,False,False,False,False,False,True,True,False,False,True,False,True,False,False,False,724.75,0.3333333333333333,2.25,0,642,Sales,Sales Representative,0.0015327572,Low Risk
42,1265,3,3,3,0,95,4,2,4,5231,23726,2,1,13,3,2,1,17,1,2,5,3,1,3,True,False,False,True,False,False,False,False,False,False,True,False,False,True,True,False,False,False,False,290.6111111111111,0.16666666666666666,3.25,1,643,Research & Development,Laboratory Technician,0.000113513735,Low Risk
31,1222,11,4,4,1,48,3,1,4,2356,14871,3,1,19,3,2,1,8,2,3,6,4,0,2,True,False,False,False,False,False,False,True,False,False,True,False,False,True,True,False,False,False,False,261.77777777777777,0.0,3.5,0,644,Research & Development,Research Scientist,0.00075273996,Low Risk
29,341,1,3,2,0,48,2,1,3,2800,23522,6,1,19,3,3,3,5,3,3,3,2,0,2,False,True,False,False,False,False,False,False,False,True,False,False,False,True,False,False,True,False,False,466.6666666666667,0.0,2.5,0,645,Sales,Sales Representative,0.3429732,Medium Risk
53,868,8,3,1,1,73,3,4,4,11836,22789,5,0,14,3,3,1,28,3,3,2,0,2,2,False,True,False,False,False,False,False,False,True,False,True,False,False,True,False,True,False,False,False,408.13793103448273,0.6666666666666666,2.75,0,646,Sales,Sales Executive,0.005045421,Low Risk
35,672,25,3,4,1,78,2,3,2,10903,9129,3,0,16,3,1,0,16,2,3,13,10,4,8,True,False,False,False,False,True,False,False,False,False,True,False,False,True,False,False,False,False,True,641.3529411764706,0.2857142857142857,2.75,0,647,Research & Development,Manufacturing Director,0.009801233,Low Risk
37,1231,21,2,3,0,54,3,1,4,2973,21222,5,0,15,3,2,1,10,3,3,5,4,0,0,False,True,False,False,False,False,False,False,False,True,True,False,True,False,False,False,True,False,False,270.27272727272725,0.0,3.25,0,648,Sales,Sales Representative,0.0015195437,Low Risk
53,102,23,4,4,0,72,3,4,4,14275,20206,6,0,18,3,3,0,33,0,3,12,9,3,8,True,False,False,False,False,False,True,False,False,False,False,True,False,True,True,False,False,False,False,419.8529411764706,0.23076923076923078,3.5,0,649,Research & Development,Research Director,0.0003191035,Low Risk
43,422,1,3,4,0,33,3,2,4,5562,21782,4,0,13,3,2,1,12,2,2,5,2,2,2,True,False,False,False,False,False,False,False,False,False,True,False,True,False,True,False,False,False,False,427.84615384615387,0.3333333333333333,3.25,0,650,Research & Development,Human Resources,0.00010641039,Low Risk
47,249,2,2,3,0,35,3,2,4,4537,17783,0,1,22,4,1,1,8,2,3,7,6,7,7,False,True,False,False,False,False,False,False,True,False,True,False,False,True,False,True,False,False,False,504.1111111111111,0.875,3.25,0,651,Sales,Sales Executive,0.009706523,Low Risk
37,1252,19,2,1,1,32,3,3,2,7642,4814,1,1,13,3,4,0,10,2,3,10,0,0,9,False,True,False,False,False,False,False,False,True,False,False,True,False,False,False,False,True,False,False,694.7272727272727,0.0,2.25,0,652,Sales,Sales Executive,0.020670796,Low Risk
50,881,2,4,1,1,98,3,4,1,17924,4544,1,0,11,3,4,1,31,3,3,31,6,14,7,True,False,False,False,True,False,False,False,False,False,False,False,False,False,True,False,False,False,False,560.125,0.4375,2.0,0,653,Research & Development,Manager,0.002410591,Low Risk
39,1383,2,3,4,0,42,2,2,4,5204,7790,8,0,11,3,3,2,13,2,3,5,4,0,4,False,False,True,False,False,False,False,False,False,False,True,False,False,True,True,False,False,False,False,371.7142857142857,0.0,3.25,0,654,Research & Development,Human Resources,6.2307365e-05,Low Risk
33,1075,3,2,4,1,57,3,1,2,2277,22650,3,1,11,3,3,1,7,4,4,4,3,0,3,False,False,True,False,False,False,False,False,False,False,False,False,False,True,False,False,False,False,False,284.625,0.0,3.25,0,655,Research & Development,Human Resources,0.16471025,Low Risk
32,374,25,4,1,1,87,3,1,4,2795,18016,1,1,24,4,3,0,1,2,1,1,0,0,1,True,False,False,True,False,False,False,False,False,False,False,True,False,True,True,False,False,False,False,1397.5,0.0,2.25,1,656,Research & Development,Laboratory Technician,0.9979596,High Risk
29,1086,7,1,1,0,62,2,1,4,2532,6054,6,0,14,3,3,3,8,5,3,4,3,0,3,True,False,False,True,False,False,False,False,False,False,False,False,False,True,False,False,True,False,False,281.3333333333333,0.0,2.5,0,657,Research & Development,Laboratory Technician,0.0075022154,Low Risk
44,661,9,2,2,1,61,3,1,1,2559,7508,1,1,13,3,4,0,8,0,3,8,7,7,1,True,False,False,False,False,False,False,True,False,False,True,False,False,True,True,False,False,False,False,284.3333333333333,0.7777777777777778,2.25,0,658,Research & Development,Research Scientist,0.018465947,Low Risk
28,821,5,4,1,1,98,3,2,4,4908,24252,1,0,14,3,2,0,4,3,3,4,2,0,2,False,True,False,False,False,False,False,False,True,False,False,True,False,True,False,False,True,False,False,981.6,0.0,2.75,0,659,Sales,Sales Executive,0.00043792074,Low Risk
58,781,2,1,4,1,57,2,1,4,2380,13384,9,1,14,3,4,1,3,3,2,1,0,0,0,True,False,False,True,False,False,False,False,False,False,False,False,True,False,True,False,False,False,False,595.0,0.0,3.0,1,660,Research & Development,Laboratory Technician,0.9912049,High Risk
43,177,8,3,1,0,55,3,2,2,4765,23814,4,0,21,4,3,1,4,2,4,1,0,0,0,True,False,False,False,False,True,False,False,False,False,False,False,False,True,True,False,False,False,False,953.0,0.0,2.5,0,661,Research & Development,Manufacturing Director,0.001261198,Low Risk
20,500,2,3,3,0,49,2,1,3,2044,22052,1,0,13,3,4,0,2,3,2,2,2,0,2,False,True,False,False,False,False,False,False,False,True,False,True,False,True,False,False,True,False,False,681.3333333333334,0.0,2.5,0,662,Sales,Sales Representative,0.9708265,High Risk
21,1427,18,1,4,0,65,3,1,4,2693,8870,1,0,19,3,1,0,1,3,2,1,0,0,0,True,False,False,False,False,False,False,True,False,False,False,True,False,True,False,False,False,True,False,1346.5,0.0,3.25,0,663,Research & Development,Research Scientist,0.009120641,Low Risk
36,1425,14,1,3,1,68,3,2,4,6586,4821,0,1,17,3,1,1,17,2,2,16,8,4,11,True,False,False,False,False,False,False,False,False,False,True,False,False,True,True,False,False,False,False,365.8888888888889,0.23529411764705882,3.0,1,664,Research & Development,Human Resources,0.00036981748,Low Risk
47,1454,2,4,4,0,65,2,1,4,3294,13137,1,1,18,3,1,0,3,3,2,3,2,1,2,False,True,False,False,False,False,False,False,False,True,False,True,False,True,True,False,False,False,False,823.5,0.25,3.0,1,665,Sales,Sales Representative,0.08899329,Low Risk
22,617,3,1,2,0,34,3,2,3,4171,10022,0,1,19,3,1,1,4,3,4,3,2,0,2,True,False,False,False,False,True,False,False,False,False,True,False,False,True,True,False,False,False,False,834.2,0.0,3.0,0,666,Research & Development,Manufacturing Director,0.9428673,High Risk
41,1085,2,4,2,0,57,1,1,4,2778,17725,4,1,13,3,3,1,10,1,2,7,7,1,0,True,False,False,True,False,False,False,False,False,False,False,False,False,True,True,False,False,False,False,252.54545454545453,0.125,2.25,1,667,Research & Development,Laboratory Technician,0.97260046,High Risk
28,995,9,3,3,0,77,3,1,3,2377,9834,5,0,18,3,2,1,6,2,3,2,2,2,2,True,False,False,False,False,False,False,True,False,False,False,False,False,True,False,False,True,False,False,339.57142857142856,0.6666666666666666,3.0,0,668,Research & Development,Research Scientist,0.00012603118,Low Risk
39,1122,6,3,4,1,70,3,1,1,2404,4303,7,1,21,4,4,0,8,2,1,2,2,2,2,True,False,False,True,False,False,False,False,False,False,True,False,False,True,False,False,True,False,False,267.1111111111111,0.6666666666666666,2.25,1,669,Research & Development,Laboratory Technician,0.9894549,High Risk
27,618,4,3,2,0,76,3,1,3,2318,17808,1,0,19,3,3,0,1,2,3,1,1,0,0,True,False,False,False,False,False,False,True,False,False,False,True,False,True,True,False,False,False,False,1159.0,0.0,2.75,0,670,Research & Development,Research Scientist,0.017795427,Low Risk
34,546,10,3,2,1,83,3,1,2,2008,6896,1,0,14,3,2,2,1,3,3,1,0,1,0,True,False,False,True,False,False,False,False,False,False,False,False,False,True,True,False,False,False,False,1004.0,0.5,2.5,0,671,Research & Development,Laboratory Technician,0.05677084,Low Risk
42,462,14,2,3,0,68,2,2,3,6244,7824,7,0,17,3,1,0,10,6,3,5,4,0,3,False,True,False,False,False,False,False,False,True,False,False,True,False,True,False,False,True,False,False,567.6363636363636,0.0,2.75,0,672,Sales,Sales Executive,0.00640992,Low Risk
33,1198,1,4,3,1,100,2,1,1,2799,3339,3,1,11,3,2,0,6,1,3,3,2,0,2,True,False,False,False,False,False,False,True,False,False,False,True,False,True,False,False,False,True,False,399.85714285714283,0.0,2.25,0,673,Research & Development,Research Scientist,0.031012602,Low Risk
58,1272,5,3,3,0,37,2,3,2,10552,9255,2,1,13,3,4,1,24,3,3,6,0,0,4,True,False,False,False,False,False,False,False,False,False,False,False,False,True,False,False,False,False,True,422.08,0.0,2.5,0,674,Research & Development,Human Resources,8.901095e-05,Low Risk
31,154,7,4,2,1,41,2,1,3,2329,11737,3,0,15,3,2,0,13,2,4,7,7,5,2,False,True,False,False,False,False,False,False,False,True,True,False,False,True,True,False,False,False,False,166.35714285714286,0.625,2.75,0,675,Sales,Sales Representative,0.015101736,Low Risk
35,1137,21,1,4,0,51,3,2,4,4014,19170,1,1,25,4,4,1,10,2,1,10,6,0,7,True,False,False,False,False,False,False,False,False,False,True,False,False,True,True,False,False,False,False,364.90909090909093,0.0,3.0,1,676,Research & Development,Human Resources,7.95234e-05,Low Risk
49,527,8,2,1,0,51,3,3,2,7403,22477,4,0,11,3,3,1,29,3,2,26,9,1,7,True,False,False,True,False,False,False,False,False,False,True,False,False,True,False,False,False,True,False,246.76666666666668,0.037037037037037035,2.0,0,677,Research & Development,Laboratory Technician,0.0016755037,Low Risk
48,1469,20,4,4,1,51,3,1,3,2259,5543,4,0,17,3,1,2,13,2,2,0,0,0,0,True,False,False,False,False,False,False,True,False,False,True,False,False,True,False,False,True,False,False,161.35714285714286,0.0,3.0,0,678,Research & Development,Research Scientist,0.0070189503,Low Risk
31,1188,20,2,4,0,45,3,2,3,6932,24406,1,0,13,3,4,1,9,2,2,9,8,0,0,False,True,False,False,False,False,False,False,True,False,True,False,False,False,False,True,False,False,False,693.2,0.0,3.0,0,679,Sales,Sales Executive,0.00091912405,Low Risk
36,188,7,4,2,1,65,3,1,4,4678,23293,2,0,18,3,3,0,8,6,3,6,2,0,1,True,False,False,False,False,False,False,True,False,False,False,True,False,True,False,False,False,True,False,519.7777777777778,0.0,3.0,0,680,Research & Development,Research Scientist,0.00012487143,Low Risk
38,1333,1,3,4,0,80,3,3,1,13582,16292,1,0,13,3,2,1,15,3,3,15,12,5,11,True,False,False,False,False,False,True,False,False,False,True,False,False,True,False,False,False,False,True,848.875,0.3125,2.75,0,681,Research & Development,Research Director,2.1118663e-05,Low Risk
32,1184,1,3,3,0,70,2,1,2,2332,3974,6,0,20,4,3,0,5,3,3,3,0,0,2,True,False,False,True,False,False,False,False,False,False,True,False,False,False,True,False,False,False,False,388.6666666666667,0.0,2.5,0,682,Research & Development,Laboratory Technician,0.00035439394,Low Risk
25,867,19,2,3,1,36,2,1,2,2413,18798,1,1,18,3,3,3,1,2,3,1,0,0,0,False,True,False,False,False,False,False,False,False,True,True,False,False,True,False,True,False,False,False,1206.5,0.0,2.5,0,683,Sales,Sales Representative,0.997273,High Risk
40,658,10,4,1,1,67,2,3,2,9705,20652,2,0,12,3,2,1,11,2,2,1,0,0,0,False,True,False,False,False,False,False,False,True,False,False,False,False,True,False,True,False,False,False,808.75,0.0,1.75,0,684,Sales,Sales Executive,0.27382123,Low Risk
26,1283,1,3,3,1,52,2,2,1,4294,11148,1,0,12,3,2,0,7,2,3,7,7,0,7,False,True,False,False,False,False,False,False,True,False,False,True,True,False,False,False,True,False,False,536.75,0.0,2.25,0,685,Sales,Sales Executive,0.0041122586,Low Risk
41,263,6,3,4,1,59,3,1,1,4721,3119,2,1,13,3,3,0,20,3,3,18,13,2,17,True,False,False,True,False,False,False,False,False,False,False,True,False,True,False,False,True,False,False,224.8095238095238,0.10526315789473684,2.75,0,686,Research & Development,Laboratory Technician,0.01564307,Low Risk
36,938,2,4,3,1,79,3,1,3,2519,12287,4,0,21,4,3,0,16,6,3,11,8,3,9,True,False,False,True,False,False,False,False,False,False,False,True,False,True,False,False,True,False,False,148.1764705882353,0.25,3.0,0,687,Research & Development,Laboratory Technician,0.0017347041,Low Risk
19,419,21,3,4,1,37,2,1,2,2121,9947,1,1,13,3,2,0,1,3,4,1,0,0,0,False,True,False,False,False,False,False,False,False,True,False,True,False,True,False,False,False,True,False,1060.5,0.0,3.0,0,688,Sales,Sales Representative,0.99980825,High Risk
20,129,4,3,1,1,84,3,1,1,2973,13008,1,0,19,3,2,0,1,2,3,1,0,0,0,True,False,False,True,False,False,False,False,False,False,False,True,False,True,False,False,False,False,True,1486.5,0.0,2.0,0,689,Research & Development,Laboratory Technician,0.9980709,High Risk
31,616,12,3,4,0,41,3,2,4,5855,17369,0,1,11,3,3,2,10,2,1,9,7,8,5,True,False,False,False,False,False,False,False,False,False,True,False,False,True,False,False,True,False,False,532.2727272727273,0.8,3.0,1,690,Research & Development,Human Resources,0.0013252673,Low Risk
40,1469,9,4,4,1,35,3,1,2,3617,25063,8,1,14,3,4,1,3,2,3,1,1,0,0,True,False,False,False,False,False,False,True,False,False,False,False,True,False,False,False,True,False,False,904.25,0.0,3.0,0,691,Research & Development,Research Scientist,0.0028153504,Low Risk
32,498,3,4,3,0,93,3,2,1,6725,13554,1,0,12,3,3,1,8,2,4,8,7,6,3,True,False,False,False,False,True,False,False,False,False,True,False,False,True,False,False,True,False,False,747.2222222222222,0.6666666666666666,2.75,0,692,Research & Development,Manufacturing Director,0.0007708527,Low Risk
36,530,3,1,3,1,51,2,3,4,10325,5518,1,1,11,3,1,1,16,6,3,16,7,3,7,False,True,False,False,False,False,False,False,True,False,True,False,False,True,True,False,False,False,False,607.3529411764706,0.17647058823529413,3.0,0,693,Sales,Sales Executive,0.9620473,High Risk
33,1069,1,3,2,0,42,2,2,4,6949,12291,0,0,14,3,1,0,6,3,3,5,0,1,4,True,False,False,False,False,False,False,False,False,False,False,True,False,True,True,False,False,False,False,992.7142857142857,0.16666666666666666,2.75,0,694,Research & Development,Human Resources,2.103553e-05,Low Risk
37,625,1,4,1,1,46,2,3,3,10609,14922,5,0,11,3,3,0,17,2,1,14,1,11,7,False,True,False,False,False,False,False,False,True,False,True,False,False,True,True,False,False,False,False,589.3888888888889,0.7333333333333333,1.75,0,695,Sales,Sales Executive,0.99345714,High Risk
45,805,4,2,3,1,57,3,2,2,4447,23163,1,0,12,3,2,0,9,5,2,9,7,0,8,True,False,False,True,False,False,False,False,False,False,True,False,False,False,True,False,False,False,False,444.7,0.0,2.5,0,696,Research & Development,Laboratory Technician,8.1484584e-05,Low Risk
29,1404,20,3,3,0,84,3,1,4,2157,18203,1,0,15,3,2,1,3,5,3,3,1,0,2,False,True,False,False,False,False,False,False,False,True,True,False,True,False,False,False,False,False,True,539.25,0.0,3.25,0,697,Sales,Sales Representative,0.35844064,Medium Risk
35,1219,18,3,3,0,86,3,2,3,4601,6179,1,0,16,3,2,0,5,3,3,5,2,1,0,False,True,False,False,False,False,False,False,True,False,True,False,False,True,False,False,True,False,False,766.8333333333334,0.16666666666666666,3.0,0,698,Sales,Sales Executive,0.010803023,Low Risk
52,1053,1,2,4,1,70,3,4,4,17099,13829,2,0,15,3,2,1,26,2,2,9,8,7,8,True,False,False,False,True,False,False,False,False,False,True,False,False,True,True,False,False,False,False,633.2962962962963,0.7,3.25,0,699,Research & Development,Manager,0.00031824035,Low Risk
58,289,2,3,4,1,51,3,1,3,2479,26227,4,0,24,4,1,0,7,4,3,1,0,0,0,True,False,False,False,False,False,False,True,False,False,False,True,False,True,False,False,False,False,True,309.875,0.0,3.25,0,700,Research & Development,Research Scientist,0.024126908,Low Risk
53,1376,2,2,3,1,45,3,4,3,14852,13938,6,0,13,3,3,1,22,3,4,17,13,15,2,False,True,False,False,True,False,False,False,False,False,False,False,False,True,False,False,True,False,False,645.7391304347826,0.8333333333333334,3.25,0,701,Sales,Manager,0.002599968,Low Risk
30,231,8,2,3,1,62,3,3,3,7264,9977,5,0,11,3,1,1,10,2,4,8,4,7,7,False,True,False,False,False,False,False,False,True,False,False,False,False,True,False,False,False,True,False,660.3636363636364,0.7777777777777778,3.25,0,702,Sales,Sales Executive,0.01575367,Low Risk
38,152,10,3,3,0,85,3,2,4,5666,19899,1,1,13,3,2,0,6,1,3,5,3,1,3,False,True,False,False,False,False,False,False,True,False,False,True,False,False,False,False,False,False,True,809.4285714285714,0.16666666666666666,3.25,0,703,Sales,Sales Executive,0.0069539035,Low Risk
35,882,3,4,4,1,92,3,3,4,7823,6812,6,0,13,3,2,1,12,2,3,10,9,0,8,False,True,False,False,False,False,False,False,True,False,False,False,False,True,True,False,False,False,False,601.7692307692307,0.0,3.5,0,704,Sales,Sales Executive,0.0023173608,Low Risk
39,903,2,5,1,1,41,4,3,3,7880,2560,0,0,18,3,4,0,9,3,3,8,7,0,7,False,True,False,False,False,False,False,False,True,False,False,True,False,True,True,False,False,False,False,788.0,0.0,2.75,0,705,Sales,Sales Executive,0.0004080229,Low Risk
40,1479,24,3,2,0,100,4,4,2,13194,17071,4,1,16,3,4,0,22,2,2,1,0,0,0,False,True,False,False,False,False,False,False,True,False,False,True,False,False,True,False,False,False,False,573.6521739130435,0.0,2.5,1,706,Sales,Sales Executive,0.97902554,High Risk
47,1379,16,4,3,1,64,4,2,3,5067,6759,1,1,19,3,3,0,20,3,4,19,10,2,7,True,False,False,False,False,True,False,False,False,False,False,False,True,False,False,False,True,False,False,241.28571428571428,0.1,3.5,0,707,Research & Development,Manufacturing Director,0.0011681569,Low Risk
36,1229,8,4,1,1,84,3,2,4,5079,25952,4,0,13,3,4,2,12,3,3,7,7,0,7,False,True,False,False,False,False,False,False,True,False,False,False,False,False,False,False,False,False,True,390.6923076923077,0.0,2.75,0,708,Sales,Sales Executive,3.1008476e-05,Low Risk
31,335,9,2,3,1,46,2,1,1,2321,10322,0,1,22,4,1,0,4,0,3,3,2,1,2,True,False,False,False,False,False,False,True,False,False,False,True,False,False,False,False,True,False,False,464.2,0.25,2.25,0,709,Research & Development,Research Scientist,0.3859861,Medium Risk
33,722,17,3,4,1,38,3,4,3,17444,20489,1,0,11,3,4,0,10,2,3,10,8,6,0,False,True,False,False,True,False,False,False,False,False,False,True,False,False,True,False,False,False,False,1585.8181818181818,0.5454545454545454,3.25,0,710,Sales,Manager,0.0055731717,Low Risk
29,906,10,3,4,0,92,2,1,1,2404,11479,6,1,20,4,3,0,3,5,3,0,0,0,0,True,False,False,False,False,False,False,True,False,False,False,True,False,True,True,False,False,False,False,601.0,0.0,2.5,0,711,Research & Development,Research Scientist,0.9951024,High Risk
33,461,13,1,2,0,53,3,1,4,3452,17241,3,0,18,3,1,0,5,4,3,3,2,0,2,True,False,False,False,False,False,False,True,False,False,False,True,False,True,True,False,False,False,False,575.3333333333334,0.0,3.0,0,712,Research & Development,Research Scientist,7.010503e-05,Low Risk
45,974,1,4,4,0,91,3,1,4,2270,11005,3,0,14,3,4,2,8,2,3,5,3,0,2,True,False,False,True,False,False,False,False,False,False,False,False,False,True,False,False,True,False,False,252.22222222222223,0.0,3.5,0,713,Research & Development,Laboratory Technician,1.8067045e-05,Low Risk
50,1126,1,2,4,1,66,3,4,4,17399,6615,9,0,22,4,3,1,32,1,2,5,4,1,3,True,False,False,False,False,False,True,False,False,False,False,False,False,True,False,False,True,False,False,527.2424242424242,0.16666666666666666,3.25,0,714,Research & Development,Research Director,2.5822204e-05,Low Risk
33,827,1,4,3,0,84,4,2,2,5488,20161,1,1,13,3,1,1,6,2,3,6,5,1,2,True,False,False,False,False,False,False,False,False,False,True,False,True,False,False,False,False,True,False,784.0,0.14285714285714285,3.0,0,715,Research & Development,Human Resources,0.009453935,Low Risk
41,840,9,3,1,1,64,3,5,3,19419,3735,2,0,17,3,2,1,21,2,4,18,16,0,11,True,False,False,False,False,False,True,False,False,False,False,False,True,False,False,False,True,False,False,882.6818181818181,0.0,2.75,0,716,Research & Development,Research Director,0.0012819354,Low Risk
27,1134,16,4,3,0,37,3,1,2,2811,12086,9,0,14,3,2,1,4,2,3,2,2,2,2,True,False,False,True,False,False,False,False,False,False,True,False,False,True,False,False,False,False,True,562.2,0.6666666666666666,2.75,0,717,Research & Development,Laboratory Technician,0.006538196,Low Risk
45,248,23,2,4,1,42,3,2,1,3633,14039,1,1,15,3,3,1,9,2,3,9,8,0,8,True,False,False,True,False,False,False,False,False,False,True,False,False,False,True,False,False,False,False,363.3,0.0,2.75,0,718,Research & Development,Laboratory Technician,0.00081247964,Low Risk
47,955,4,2,4,0,83,3,2,4,4163,8571,1,1,17,3,3,0,9,0,3,9,0,0,7,False,True,False,False,False,False,False,False,True,False,False,True,False,True,True,False,False,False,False,416.3,0.0,3.5,0,719,Sales,Sales Executive,0.0015200612,Low Risk
30,138,22,3,1,0,48,3,1,3,2132,11539,4,1,11,3,2,0,7,2,3,5,2,0,1,True,False,False,False,False,False,False,True,False,False,True,False,False,True,True,False,False,False,False,266.5,0.0,2.5,0,720,Research & Development,Research Scientist,0.99668294,High Risk
50,939,24,3,4,1,95,3,4,3,13973,4161,3,1,18,3,4,1,22,2,3,12,11,1,5,True,False,False,False,False,True,False,False,False,False,True,False,False,True,True,False,False,False,False,607.5217391304348,0.07692307692307693,3.25,0,721,Research & Development,Manufacturing Director,0.0010552267,Low Risk
38,1391,10,1,3,1,66,3,1,3,2684,12127,0,0,17,3,2,1,3,0,2,2,1,0,2,True,False,False,False,False,False,False,True,False,False,True,False,True,False,False,False,True,False,False,671.0,0.0,2.75,0,722,Research & Development,Research Scientist,0.0006543002,Low Risk
46,566,7,2,4,1,75,3,3,3,10845,24208,6,0,13,3,2,1,13,3,3,8,7,0,7,True,False,False,False,False,True,False,False,False,False,False,False,False,True,False,False,True,False,False,774.6428571428571,0.0,3.25,0,723,Research & Development,Manufacturing Director,0.00052397494,Low Risk
24,1206,17,1,4,0,41,2,2,3,4377,24117,1,0,15,3,2,2,5,6,3,4,2,3,2,True,False,False,False,False,True,False,False,False,False,False,False,False,True,False,False,True,False,False,729.5,0.6,3.0,0,724,Research & Development,Manufacturing Director,0.00051107176,Low Risk
35,622,14,4,3,1,39,2,1,2,3743,10074,1,1,24,4,4,1,5,2,1,4,2,0,2,True,False,False,True,False,False,False,False,False,False,False,False,False,True,False,False,False,True,False,623.8333333333334,0.0,2.0,1,725,Research & Development,Laboratory Technician,0.9863219,High Risk
31,853,1,1,3,0,96,3,2,1,4148,11275,1,0,12,3,3,1,4,1,3,4,3,0,3,True,False,False,False,False,True,False,False,False,False,True,False,True,False,True,False,False,False,False,829.6,0.0,2.5,0,726,Research & Development,Manufacturing Director,0.004358368,Low Risk
18,287,5,2,2,1,73,3,1,4,1051,13493,1,0,15,3,4,0,0,2,3,0,0,0,0,True,False,False,False,False,False,False,True,False,False,False,True,False,False,True,False,False,False,False,1051.0,0.0,3.0,0,727,Research & Development,Research Scientist,0.0085777575,Low Risk
54,1441,17,3,3,0,56,3,3,3,10739,13943,8,0,11,3,3,1,22,2,3,10,7,0,8,True,False,False,False,False,True,False,False,False,False,True,False,False,True,False,False,False,False,True,466.9130434782609,0.0,3.0,0,728,Research & Development,Manufacturing Director,0.0005608182,Low Risk
35,583,25,4,3,0,57,3,3,3,10388,6975,1,1,11,3,3,1,16,3,2,16,10,10,1,True,False,False,False,False,False,False,False,False,False,False,False,False,True,False,False,True,False,False,611.0588235294117,0.5882352941176471,2.75,1,729,Research & Development,Human Resources,0.012804104,Low Risk
30,153,8,2,2,0,73,4,3,1,11416,17802,0,1,12,3,3,3,9,4,2,8,7,1,7,True,False,False,False,False,False,True,False,False,False,True,False,False,True,True,False,False,False,False,1141.6,0.1111111111111111,2.25,1,730,Research & Development,Research Director,0.00081263913,Low Risk
20,1097,11,3,4,0,98,2,1,1,2600,18275,1,1,15,3,1,0,1,2,3,1,0,0,0,True,False,False,False,False,False,False,True,False,False,False,True,False,True,False,False,True,False,False,1300.0,0.0,2.5,0,731,Research & Development,Research Scientist,0.99850166,High Risk
30,109,5,3,2,0,60,3,1,2,2422,25725,0,0,17,3,1,0,4,3,3,3,2,1,2,True,False,False,True,False,False,False,False,False,False,False,True,True,False,False,False,True,False,False,484.4,0.25,2.5,0,732,Research & Development,Laboratory Technician,0.023619145,Low Risk
26,1066,2,2,4,1,32,4,2,4,5472,3334,1,0,12,3,2,0,8,2,3,8,7,1,3,True,False,False,False,False,True,False,False,False,False,True,False,False,True,False,False,True,False,False,608.0,0.1111111111111111,3.75,0,733,Research & Development,Manufacturing Director,8.3454885e-05,Low Risk
22,217,8,1,2,1,94,1,1,1,2451,6881,1,0,15,3,1,1,4,3,2,4,3,1,1,True,False,False,True,False,False,False,False,False,False,True,False,False,True,True,False,False,False,False,490.2,0.2,1.5,0,734,Research & Development,Laboratory Technician,0.018667636,Low Risk
48,277,6,3,1,1,97,2,2,3,4240,13119,2,0,13,3,4,0,19,0,3,2,2,2,2,True,False,False,False,False,False,False,False,False,False,False,True,False,True,True,False,False,False,False,212.0,0.6666666666666666,2.25,0,735,Research & Development,Human Resources,0.0006617593,Low Risk
48,1355,4,4,3,1,78,2,3,3,10999,22245,7,0,14,3,2,0,27,3,3,15,11,4,8,True,False,False,False,False,False,False,False,False,False,False,True,False,True,True,False,False,False,False,392.82142857142856,0.25,2.75,0,736,Research & Development,Human Resources,0.00034055597,Low Risk
41,549,7,2,4,0,42,3,2,3,5003,23371,6,0,14,3,2,0,8,6,3,2,2,2,1,True,False,False,False,False,True,False,False,False,False,False,True,False,True,False,False,True,False,False,555.8888888888889,0.6666666666666666,3.25,0,737,Research & Development,Manufacturing Director,0.00027771384,Low Risk
39,466,1,1,4,0,65,2,4,4,12742,7060,1,0,16,3,3,1,21,3,3,21,6,11,8,True,False,False,False,False,True,False,False,False,False,True,False,False,True,True,False,False,False,False,579.1818181818181,0.5,3.25,0,738,Research & Development,Manufacturing Director,0.00038450223,Low Risk
27,1055,2,4,1,0,47,3,2,4,4227,4658,0,0,18,3,2,1,4,2,3,3,2,2,2,True,False,False,False,False,True,False,False,False,False,True,False,False,True,True,False,False,False,False,845.4,0.5,2.75,0,739,Research & Development,Manufacturing Director,2.0645895e-05,Low Risk
35,802,10,3,2,1,45,3,1,4,3917,9541,1,0,20,4,1,1,3,4,2,3,2,1,2,True,False,False,True,False,False,False,False,False,False,False,False,False,True,False,False,False,True,False,979.25,0.25,2.75,0,740,Research & Development,Laboratory Technician,0.0064139813,Low Risk
42,265,5,2,4,1,90,3,5,3,18303,7770,6,0,13,3,2,0,21,3,4,1,0,0,0,False,True,False,False,True,False,False,False,False,False,True,False,False,True,False,True,False,False,False,831.9545454545455,0.0,3.5,0,741,Sales,Manager,0.0014976249,Low Risk
50,804,9,3,1,1,64,3,1,4,2380,20165,4,0,18,3,2,0,8,5,3,1,0,0,0,True,False,False,True,False,False,False,False,False,False,True,False,False,True,True,False,False,False,False,264.44444444444446,0.0,2.75,0,742,Research & Development,Laboratory Technician,0.27335942,Low Risk
59,715,2,3,3,0,69,2,4,4,13726,21829,3,1,13,3,1,0,30,4,3,5,3,4,3,True,False,False,False,False,True,False,False,False,False,False,True,False,True,True,False,False,False,False,442.7741935483871,0.6666666666666666,3.0,0,743,Research & Development,Manufacturing Director,0.0053491434,Low Risk
37,1141,11,2,1,0,61,1,2,2,4777,14382,5,0,15,3,1,0,15,2,1,1,0,0,0,True,False,False,False,False,False,False,False,False,False,True,False,False,True,False,False,True,False,False,298.5625,0.0,1.25,0,744,Research & Development,Human Resources,0.98636836,High Risk
55,135,18,4,3,1,62,3,2,2,6385,12992,3,1,14,3,4,2,17,3,3,8,7,6,7,True,False,False,False,False,False,False,False,False,False,True,False,True,False,False,False,True,False,False,354.72222222222223,0.6666666666666666,2.75,0,745,Research & Development,Human Resources,0.0006624824,Low Risk
41,247,7,1,2,0,55,1,5,3,19973,20284,1,0,22,4,2,2,21,3,3,21,16,5,10,True,False,False,False,False,False,True,False,False,False,False,False,False,False,True,False,False,False,False,907.8636363636364,0.22727272727272727,2.25,0,746,Research & Development,Research Director,0.00064835104,Low Risk
38,1035,3,4,2,1,42,3,2,4,6861,4981,8,1,12,3,3,0,19,1,3,1,0,0,0,False,True,False,False,False,False,False,False,True,False,False,True,False,True,True,False,False,False,False,343.05,0.0,3.0,0,747,Sales,Sales Executive,0.020983687,Low Risk
26,265,29,2,2,1,79,1,2,1,4969,21813,8,0,18,3,4,0,7,6,3,2,2,2,2,False,True,False,False,False,False,False,False,True,False,False,True,False,False,False,False,True,False,False,621.125,0.6666666666666666,1.75,0,748,Sales,Sales Executive,0.97294307,High Risk
52,266,2,1,1,0,57,1,5,4,19845,25846,1,0,15,3,4,1,33,3,3,32,14,6,9,False,True,False,False,True,False,False,False,False,False,True,False,False,True,False,True,False,False,False,583.6764705882352,0.18181818181818182,2.25,0,749,Sales,Manager,0.9612617,High Risk
44,1448,28,3,4,0,53,4,4,4,13320,11737,3,1,18,3,3,1,23,2,3,12,11,11,11,False,True,False,False,False,False,False,False,True,False,True,False,False,True,False,False,True,False,False,555.0,0.8461538461538461,3.75,0,750,Sales,Sales Executive,0.00077395485,Low Risk
50,145,1,3,4,0,95,3,2,3,6347,24920,0,0,12,3,1,1,19,3,3,18,7,0,13,False,True,False,False,False,False,False,False,True,False,True,False,False,False,True,False,False,False,False,317.35,0.0,3.25,0,751,Sales,Sales Executive,0.00024253906,Low Risk
36,885,16,4,3,0,43,4,1,1,2743,8269,1,0,16,3,3,0,18,1,3,17,13,15,14,True,False,False,True,False,False,False,False,False,False,False,True,False,True,True,False,False,False,False,144.3684210526316,0.8333333333333334,2.75,0,752,Research & Development,Laboratory Technician,0.9774802,High Risk
39,945,22,3,4,0,82,3,3,1,10880,5083,1,1,13,3,3,0,21,2,3,21,6,2,8,True,False,False,False,False,True,False,False,False,False,False,True,True,False,False,False,True,False,False,494.54545454545456,0.09090909090909091,2.75,0,753,Research & Development,Manufacturing Director,0.0030268924,Low Risk
33,1038,8,1,2,0,88,2,1,4,2342,21437,0,0,19,3,4,0,3,2,2,2,2,2,2,False,True,False,False,False,False,False,False,False,True,False,True,False,False,True,False,False,False,False,585.5,0.6666666666666666,2.5,0,754,Sales,Sales Representative,0.0017628494,Low Risk
45,1234,11,2,4,0,90,3,4,4,17650,5404,3,0,13,3,2,1,26,4,4,9,3,1,1,False,True,False,False,True,False,False,False,False,False,True,False,False,True,True,False,False,False,False,653.7037037037037,0.1,3.75,0,755,Sales,Manager,0.00084588066,Low Risk
32,1109,29,4,4,0,69,3,1,3,4025,11135,9,0,12,3,2,0,10,2,3,8,7,7,7,True,False,False,True,False,False,False,False,False,False,False,True,False,False,False,False,True,False,False,365.90909090909093,0.7777777777777778,3.25,0,756,Research & Development,Laboratory Technician,0.008229763,Low Risk
34,216,1,4,2,1,75,4,2,4,9725,12278,0,0,11,3,4,1,16,2,2,15,1,0,9,False,True,False,False,False,False,False,False,True,False,False,False,False,True,False,True,False,False,False,572.0588235294117,0.0,3.0,0,757,Sales,Sales Executive,0.0005656004,Low Risk
59,1089,1,2,2,1,66,3,3,4,11904,11038,3,1,14,3,3,1,14,1,1,6,4,0,4,False,True,False,False,True,False,False,False,False,False,True,False,False,True,False,False,False,False,True,793.6,0.0,2.5,1,758,Sales,Manager,0.0019421227,Low Risk
45,788,24,4,2,1,36,3,1,2,2177,8318,1,0,16,3,1,0,6,3,3,6,3,0,4,False,False,True,False,False,False,False,False,False,False,False,True,False,True,False,False,True,False,False,311.0,0.0,2.5,0,759,Research & Development,Human Resources,0.01402971,Low Risk
53,124,2,3,3,0,38,2,3,2,7525,23537,2,0,12,3,1,1,30,2,3,15,7,6,12,False,True,False,False,False,False,False,False,True,False,True,False,True,False,False,True,False,False,False,242.74193548387098,0.375,2.5,0,760,Sales,Sales Executive,0.0015376946,Low Risk
36,660,15,3,1,1,81,3,2,3,4834,7858,7,0,14,3,2,1,9,3,2,1,0,0,0,True,False,False,True,False,False,False,False,False,False,False,False,False,True,False,False,False,True,False,483.4,0.0,2.25,0,761,Research & Development,Laboratory Technician,0.9658483,High Risk
26,342,2,3,1,1,57,3,1,1,2042,15346,6,1,14,3,2,1,6,2,3,3,2,1,2,True,False,False,False,False,False,False,True,False,False,True,False,True,False,True,False,False,False,False,291.7142857142857,0.25,2.0,0,762,Research & Development,Research Scientist,0.9387611,High Risk
34,1333,10,4,3,0,87,3,1,3,2220,18410,1,1,19,3,4,1,1,2,3,1,1,0,0,False,True,False,False,False,False,False,False,False,True,True,False,False,True,True,False,False,False,False,1110.0,0.0,3.0,0,763,Sales,Sales Representative,0.021414101,Low Risk
28,1144,10,1,4,1,74,3,1,2,1052,23384,1,0,22,4,2,0,1,5,3,1,0,0,0,False,True,False,False,False,False,False,False,False,True,True,False,False,True,False,False,True,False,False,526.0,0.0,3.0,0,764,Sales,Sales Representative,0.58154196,Medium Risk
38,1186,3,4,3,1,44,3,1,3,2821,2997,3,0,16,3,1,1,8,2,3,2,2,2,2,True,False,False,False,False,False,False,True,False,False,True,False,True,False,False,False,False,True,False,313.44444444444446,0.6666666666666666,3.0,0,765,Research & Development,Research Scientist,9.2658425e-05,Low Risk
50,1464,2,4,2,1,62,3,5,3,19237,12853,2,1,11,3,4,1,29,2,2,8,1,7,7,True,False,False,False,False,False,True,False,False,False,True,False,False,True,False,False,True,False,False,641.2333333333333,0.7777777777777778,2.5,1,766,Research & Development,Research Director,0.0015078427,Low Risk
37,124,3,3,4,0,35,3,2,2,4107,13848,3,0,15,3,1,0,8,3,2,4,3,0,1,True,False,False,False,False,False,False,False,False,False,False,True,False,True,False,False,False,True,False,456.3333333333333,0.0,2.75,0,767,Research & Development,Human Resources,0.060466837,Low Risk
40,300,26,3,3,1,74,3,2,1,8396,22217,1,0,14,3,2,1,8,3,2,7,7,7,5,False,True,False,False,False,False,False,False,True,False,True,False,False,True,False,True,False,False,False,932.8888888888889,0.875,2.25,0,768,Sales,Sales Executive,0.0057143243,Low Risk
26,921,1,1,1,0,66,2,1,3,2007,25265,1,0,13,3,3,2,5,5,3,5,3,1,3,True,False,False,False,False,False,False,True,False,False,False,False,True,False,False,False,True,False,False,334.5,0.16666666666666666,2.25,0,769,Research & Development,Research Scientist,0.00073187606,Low Risk
46,430,1,4,4,1,40,3,5,4,19627,21445,9,0,17,3,4,2,23,0,3,2,2,2,2,True,False,False,False,False,False,True,False,False,False,False,False,False,True,False,False,True,False,False,817.7916666666666,0.6666666666666666,3.5,0,770,Research & Development,Research Director,0.00010958055,Low Risk
54,1082,2,4,3,0,41,2,3,3,10686,8392,6,0,11,3,2,1,13,4,3,9,4,7,0,False,True,False,False,False,False,False,False,True,False,True,False,False,True,True,False,False,False,False,763.2857142857143,0.7,2.75,0,771,Sales,Sales Executive,0.020353302,Low Risk
56,1240,9,3,1,0,63,3,1,3,2942,12154,2,0,19,3,2,1,18,4,3,5,4,0,3,True,False,False,False,False,False,False,True,False,False,True,False,True,False,False,False,True,False,False,154.8421052631579,0.0,2.5,0,772,Research & Development,Research Scientist,0.0016259932,Low Risk
36,796,12,5,4,0,51,2,3,4,8858,15669,0,0,11,3,2,0,15,2,2,14,8,7,8,True,False,False,False,False,True,False,False,False,False,False,True,False,True,False,False,True,False,False,553.625,0.4666666666666667,3.0,0,773,Research & Development,Manufacturing Director,0.0115003735,Low Risk
55,444,2,1,3,1,40,2,4,1,16756,17323,7,0,15,3,2,0,31,3,4,9,7,6,2,True,False,False,False,True,False,False,False,False,False,False,True,False,False,False,False,True,False,False,523.625,0.6,2.5,0,774,Research & Development,Manager,0.0027893903,Low Risk
43,415,25,3,3,1,79,2,3,4,10798,5268,5,0,13,3,3,1,18,5,3,1,0,0,0,False,True,False,False,False,False,False,False,True,False,False,False,False,True,False,False,True,False,False,568.3157894736842,0.0,3.0,0,775,Sales,Sales Executive,0.00060261943,Low Risk
20,769,9,3,4,0,54,3,1,4,2323,17205,1,1,14,3,2,0,2,3,3,2,2,0,2,False,True,False,False,False,False,False,False,False,True,False,True,True,False,False,True,False,False,False,774.3333333333334,0.0,3.5,0,776,Sales,Sales Representative,0.99686396,High Risk
21,1334,10,3,3,0,36,2,1,1,1416,17258,1,0,13,3,1,0,1,6,2,1,0,1,0,True,False,False,True,False,False,False,False,False,False,False,True,False,True,True,False,False,False,False,708.0,0.5,2.0,0,777,Research & Development,Laboratory Technician,0.9972748,High Risk
46,1003,8,4,4,0,74,2,2,1,4615,21029,8,1,23,4,1,3,19,2,3,16,13,1,7,True,False,False,False,False,False,False,True,False,False,False,False,False,True,True,False,False,False,False,230.75,0.058823529411764705,2.5,0,778,Research & Development,Research Scientist,0.0002787779,Low Risk
51,1323,4,4,1,1,34,3,1,3,2461,10332,9,1,12,3,3,3,18,2,4,10,0,2,7,True,False,False,False,False,False,False,True,False,False,True,False,False,True,True,False,False,False,False,129.52631578947367,0.18181818181818182,2.75,0,779,Research & Development,Research Scientist,0.17823632,Low Risk
28,1366,24,2,2,1,72,2,3,1,8722,12355,1,0,12,3,1,0,10,2,2,10,7,1,9,True,False,False,False,False,False,False,False,False,False,False,True,False,False,False,False,False,False,True,792.9090909090909,0.09090909090909091,1.75,0,780,Research & Development,Human Resources,0.010634695,Low Risk
26,192,1,2,1,1,59,2,1,1,3955,11141,1,0,16,3,1,2,6,2,3,5,3,1,3,True,False,False,True,False,False,False,False,False,False,True,False,False,True,False,False,True,False,False,565.0,0.16666666666666666,1.75,0,781,Research & Development,Laboratory Technician,0.002836488,Low Risk
30,1176,20,3,3,1,85,3,2,1,9957,9096,0,0,15,3,3,1,7,1,2,6,2,0,2,True,False,False,False,False,True,False,False,False,False,True,False,False,True,False,False,False,True,False,1244.625,0.0,2.25,0,782,Research & Development,Manufacturing Director,0.0009918143,Low Risk
41,509,7,2,2,0,43,4,1,3,3376,18863,1,0,13,3,3,0,10,3,3,10,6,0,8,True,False,False,False,False,False,False,True,False,False,True,False,False,True,False,False,False,False,True,306.90909090909093,0.0,3.0,0,783,Research & Development,Research Scientist,4.1345964e-05,Low Risk
38,330,17,1,3,0,65,2,3,3,8823,24608,0,0,18,3,1,1,20,4,2,19,9,1,9,True,False,False,False,False,False,False,False,False,False,True,False,False,True,True,False,False,False,False,420.14285714285717,0.05,2.5,0,784,Research & Development,Human Resources,0.0042773415,Low Risk
40,1492,20,4,1,1,61,3,3,4,10322,26542,4,0,20,4,4,1,14,6,3,11,10,11,1,True,False,False,False,False,False,False,False,False,False,True,False,False,True,False,False,False,False,True,688.1333333333333,0.9166666666666666,2.75,0,785,Research & Development,Human Resources,0.002678,Low Risk
27,1277,8,5,1,1,87,1,1,3,4621,5869,1,0,19,3,4,3,3,4,3,3,2,1,2,True,False,False,True,False,False,False,False,False,False,True,False,False,False,True,False,False,False,False,1155.25,0.25,2.0,0,786,Research & Development,Laboratory Technician,0.0012035124,Low Risk
55,1091,2,1,4,1,65,3,3,2,10976,15813,3,0,18,3,2,1,23,4,3,3,2,1,2,True,False,False,False,False,True,False,False,False,False,True,False,True,False,True,False,False,False,False,457.3333333333333,0.25,3.0,0,787,Research & Development,Manufacturing Director,7.9993515e-05,Low Risk
28,857,10,3,3,0,59,3,2,3,3660,7909,3,0,13,3,4,0,10,4,4,8,7,1,7,True,False,False,False,False,False,False,True,False,False,False,True,False,True,False,False,False,True,False,332.72727272727275,0.1111111111111111,3.25,0,788,Research & Development,Research Scientist,0.00069350796,Low Risk
44,1376,1,2,2,1,91,2,3,1,10482,2326,9,0,14,3,4,1,24,1,3,20,6,3,6,False,False,True,False,False,False,False,False,False,False,True,False,False,True,False,False,True,False,False,419.28,0.14285714285714285,2.0,0,789,Research & Development,Human Resources,0.001057363,Low Risk
33,654,5,3,4,1,34,2,3,4,7119,21214,4,0,15,3,3,1,9,2,3,3,2,1,2,True,False,False,False,False,False,False,False,False,False,False,False,False,True,True,False,False,False,False,711.9,0.25,3.25,0,790,Research & Development,Human Resources,3.3863707e-05,Low Risk
35,1204,4,3,4,1,86,3,3,1,9582,10333,0,1,22,4,1,0,9,2,3,8,7,4,7,False,True,False,False,False,False,False,False,True,False,False,True,False,True,False,False,False,False,True,958.2,0.4444444444444444,2.75,0,791,Sales,Sales Executive,0.9840941,High Risk
33,827,29,4,1,0,54,2,2,3,4508,3129,1,0,22,4,2,0,14,4,3,13,7,3,8,True,False,False,False,False,False,False,True,False,False,False,True,True,False,False,False,True,False,False,300.53333333333336,0.21428571428571427,2.25,0,792,Research & Development,Research Scientist,0.9692405,High Risk
28,895,15,2,1,1,50,3,1,3,2207,22482,1,0,16,3,4,1,4,5,2,4,2,2,2,True,False,False,True,False,False,False,False,False,False,False,False,False,True,True,False,False,False,False,441.4,0.4,2.25,0,793,Research & Development,Laboratory Technician,0.0052564624,Low Risk
34,618,3,1,1,1,45,3,2,4,7756,22266,0,0,17,3,3,0,7,1,2,6,2,0,4,True,False,False,False,False,False,False,False,False,False,False,True,True,False,True,False,False,False,False,969.5,0.0,2.5,0,794,Research & Development,Human Resources,0.0006364744,Low Risk
37,309,10,4,4,0,88,2,2,4,6694,24223,2,1,14,3,3,3,8,5,3,1,0,0,0,False,True,False,False,False,False,False,False,True,False,False,False,False,True,True,False,False,False,False,743.7777777777778,0.0,3.25,0,795,Sales,Sales Executive,0.00037474558,Low Risk
25,1219,4,1,4,1,32,3,1,4,3691,4605,1,1,15,3,2,1,7,3,4,7,7,5,6,True,False,False,True,False,False,False,False,False,False,True,False,False,True,False,False,False,False,True,461.375,0.625,3.75,0,796,Research & Development,Laboratory Technician,0.97343737,High Risk
26,1330,21,3,1,1,37,3,1,3,2377,19373,1,0,20,4,3,1,1,0,2,1,1,0,0,True,False,False,True,False,False,False,False,False,False,False,False,False,True,False,False,True,False,False,1188.5,0.0,2.25,0,797,Research & Development,Laboratory Technician,0.9871029,High Risk
33,1017,25,3,1,1,55,2,1,2,2313,2993,4,1,20,4,2,0,5,0,3,2,2,2,2,True,False,False,False,False,False,False,True,False,False,False,True,False,True,False,False,True,False,False,385.5,0.6666666666666666,2.0,0,798,Research & Development,Research Scientist,0.9967213,High Risk
42,469,2,2,4,1,35,3,4,1,17665,14399,0,0,17,3,4,1,23,3,3,22,6,13,7,True,False,False,False,True,False,False,False,False,False,True,False,False,True,False,False,True,False,False,736.0416666666666,0.5652173913043478,2.75,0,799,Research & Development,Manager,0.0008365621,Low Risk
28,1009,1,3,1,1,45,2,1,2,2596,7160,1,0,15,3,1,2,1,2,3,1,0,0,0,True,False,False,True,False,False,False,False,False,False,False,False,True,False,False,False,True,False,False,1298.0,0.0,2.0,0,800,Research & Development,Laboratory Technician,0.98176056,High Risk
50,959,1,4,4,1,81,3,2,3,4728,17251,3,1,14,3,4,0,5,4,3,0,0,0,0,False,True,False,False,False,False,False,False,True,False,False,True,True,False,False,False,False,True,False,788.0,0.0,3.25,0,801,Sales,Sales Executive,0.013954267,Low Risk
33,970,7,3,4,0,30,3,2,2,4302,13401,0,0,17,3,3,1,4,3,3,3,2,0,2,False,True,False,False,False,False,False,False,True,False,True,False,True,False,True,False,False,False,False,860.4,0.0,3.0,0,802,Sales,Sales Executive,0.0001462429,Low Risk
34,697,3,4,3,1,40,2,1,4,2979,22478,3,0,17,3,4,3,6,2,3,0,0,0,0,True,False,False,False,False,False,False,True,False,False,True,False,False,False,True,False,False,False,False,425.57142857142856,0.0,3.0,0,803,Research & Development,Research Scientist,8.441464e-06,Low Risk
48,1262,1,4,1,1,35,4,4,4,16885,16154,2,0,22,4,3,0,27,3,2,5,4,2,1,True,False,False,False,True,False,False,False,False,False,False,True,False,False,False,False,True,False,False,603.0357142857143,0.3333333333333333,2.75,0,804,Research & Development,Manager,4.894382e-05,Low Risk
45,1050,9,4,2,0,65,2,2,3,5593,17970,1,0,13,3,4,1,15,2,3,15,10,4,12,False,True,False,False,False,False,False,False,True,False,True,False,False,False,True,False,False,False,False,349.5625,0.25,2.5,0,805,Sales,Sales Executive,1.1012647e-05,Low Risk
52,994,7,4,2,1,87,3,3,2,10445,15322,7,0,19,3,4,0,18,4,3,8,6,4,0,True,False,False,False,False,False,False,False,False,False,False,True,False,True,True,False,False,False,False,549.7368421052631,0.4444444444444444,2.5,0,806,Research & Development,Human Resources,0.004456746,Low Risk
38,770,10,4,3,1,73,2,3,3,8740,5569,0,1,14,3,2,2,9,2,3,8,7,2,7,False,True,False,False,False,False,False,False,True,False,False,False,False,True,False,True,False,False,False,874.0,0.2222222222222222,2.75,0,807,Sales,Sales Executive,0.003936355,Low Risk
29,1107,28,4,3,0,93,3,1,4,2514,26968,4,0,22,4,1,1,11,1,3,7,5,1,7,True,False,False,False,False,False,False,True,False,False,False,False,False,True,True,False,False,False,False,209.5,0.125,3.25,0,808,Research & Development,Research Scientist,0.0003036411,Low Risk
28,950,3,3,4,0,93,3,3,2,7655,8039,0,0,17,3,2,3,10,3,2,9,7,1,7,True,False,False,False,False,True,False,False,False,False,False,False,False,True,False,False,True,False,False,695.9090909090909,0.1,2.75,0,809,Research & Development,Manufacturing Director,0.0017812973,Low Risk
46,406,3,1,1,1,52,3,4,3,17465,15596,3,0,12,3,4,1,23,3,3,12,9,4,9,False,True,False,False,True,False,False,False,False,False,True,False,False,True,False,True,False,False,False,727.7083333333334,0.3076923076923077,2.5,0,810,Sales,Manager,0.0148194125,Low Risk
38,130,2,2,4,1,32,3,3,2,7351,20619,7,0,16,3,3,0,10,2,3,1,0,0,0,False,True,False,False,False,False,False,False,True,False,False,True,False,True,False,True,False,False,False,668.2727272727273,0.0,3.0,0,811,Sales,Sales Executive,0.013732803,Low Risk
43,1082,27,3,3,0,83,3,3,1,10820,11535,8,0,11,3,3,1,18,1,3,8,7,0,1,True,False,False,False,False,True,False,False,False,False,True,False,True,False,True,False,False,False,False,569.4736842105264,0.0,2.5,0,812,Research & Development,Manufacturing Director,0.008529414,Low Risk
39,203,2,3,1,1,84,3,4,4,12169,13547,7,0,11,3,4,3,21,4,3,18,7,11,5,True,False,False,False,False,False,False,False,False,False,False,False,True,False,True,False,False,False,False,553.1363636363636,0.5789473684210527,2.75,0,813,Research & Development,Human Resources,0.9818773,High Risk
40,1308,14,3,3,1,44,2,5,3,19626,17544,1,0,14,3,1,0,21,2,4,20,7,4,9,True,False,False,False,False,False,True,False,False,False,False,True,False,True,False,False,True,False,False,892.0909090909091,0.19047619047619047,3.0,0,814,Research & Development,Research Director,0.00056357624,Low Risk
21,984,1,1,4,0,70,2,1,2,2070,25326,1,1,11,3,3,0,2,6,4,2,2,2,2,True,False,False,False,False,False,False,True,False,False,False,True,False,True,False,False,False,False,True,690.0,0.6666666666666666,3.0,0,815,Research & Development,Research Scientist,0.019896204,Low Risk
39,439,9,3,3,1,70,3,2,2,6782,8770,9,0,15,3,3,0,9,2,2,5,4,0,3,True,False,False,True,False,False,False,False,False,False,False,True,False,False,True,False,False,False,False,678.2,0.0,2.5,0,816,Research & Development,Laboratory Technician,0.00559291,Low Risk
36,217,18,4,1,1,78,3,2,4,7779,23238,2,0,20,4,1,0,18,0,3,11,9,0,9,True,False,False,False,False,True,False,False,False,False,False,True,False,False,True,False,False,False,False,409.42105263157896,0.0,2.75,0,817,Research & Development,Manufacturing Director,0.0004130095,Low Risk
31,793,20,3,3,1,67,4,1,4,2791,21981,0,0,12,3,1,1,3,4,3,2,2,2,2,False,True,False,False,False,False,False,False,False,True,True,False,True,False,True,False,False,False,False,697.75,0.6666666666666666,3.5,0,818,Sales,Sales Representative,0.0030829548,Low Risk
28,1451,2,1,1,1,67,2,1,2,3201,19911,0,0,17,3,1,0,6,2,1,5,3,0,4,True,False,False,False,False,False,False,True,False,False,True,False,False,True,True,False,False,False,False,457.2857142857143,0.0,1.5,0,819,Research & Development,Research Scientist,0.005552262,Low Risk
35,1182,11,2,4,1,54,3,2,4,4968,18500,1,0,11,3,4,1,5,3,3,5,2,0,2,False,True,False,False,False,False,False,False,True,False,False,False,True,False,False,True,False,False,False,828.0,0.0,3.5,0,820,Sales,Sales Executive,0.00020590273,Low Risk
49,174,8,4,4,1,56,2,4,2,13120,11879,6,0,17,3,2,1,22,3,3,9,8,2,3,False,True,False,False,False,False,False,False,True,False,True,False,False,True,False,False,False,False,True,570.4347826086956,0.2,2.75,0,821,Sales,Sales Executive,0.017685877,Low Risk
34,1003,2,2,4,1,95,3,2,3,4033,15834,2,0,11,3,4,0,5,3,2,3,2,0,2,True,False,False,False,False,True,False,False,False,False,False,True,True,False,True,False,False,False,False,672.1666666666666,0.0,3.0,0,822,Research & Development,Manufacturing Director,0.0036031783,Low Risk
29,490,10,3,4,0,61,3,1,2,3291,17940,0,0,14,3,4,2,8,2,2,7,5,1,1,True,False,False,False,False,False,False,True,False,False,False,False,True,False,True,False,False,False,False,365.6666666666667,0.125,2.75,0,823,Research & Development,Research Scientist,0.00020916808,Low Risk
42,188,29,3,2,1,56,1,2,4,4272,9558,4,0,19,3,1,0,16,3,3,1,0,0,0,True,False,False,True,False,False,False,False,False,False,False,True,False,True,False,False,True,False,False,251.2941176470588,0.0,2.5,0,824,Research & Development,Laboratory Technician,0.05439505,Low Risk
29,718,8,1,2,1,79,2,2,4,5056,17689,1,1,15,3,3,1,10,2,2,10,7,1,2,True,False,False,False,False,True,False,False,False,False,True,False,False,True,False,False,True,False,False,459.6363636363636,0.09090909090909091,2.5,1,825,Research & Development,Manufacturing Director,0.0010208825,Low Risk
38,433,1,3,3,1,37,4,1,3,2844,6004,1,0,13,3,4,1,7,2,4,7,6,5,0,False,False,True,False,False,False,False,False,False,False,True,False,False,True,False,False,False,False,False,355.5,0.625,3.5,0,826,Research & Development,Human Resources,0.0003895671,Low Risk
28,773,6,3,3,1,39,2,1,3,2703,22088,1,1,14,3,4,1,3,2,3,3,1,0,2,True,False,False,False,False,False,False,True,False,False,False,False,True,False,True,False,False,False,False,675.75,0.0,2.75,0,827,Research & Development,Research Scientist,0.014124785,Low Risk
18,247,8,1,3,1,80,3,1,3,1904,13556,1,0,12,3,4,0,0,0,3,0,0,0,0,True,False,False,True,False,False,False,False,False,False,False,True,False,False,False,False,True,False,False,1904.0,0.0,3.0,0,828,Research & Development,Laboratory Technician,0.9665059,High Risk
33,603,9,4,1,0,77,3,2,1,8224,18385,0,1,17,3,1,0,6,3,3,5,2,0,3,False,True,False,False,False,False,False,False,True,False,False,True,False,True,False,True,False,False,False,1174.857142857143,0.0,2.0,0,829,Sales,Sales Executive,0.93159366,High Risk
41,167,12,4,2,1,46,3,1,4,4766,9051,3,1,11,3,1,1,6,4,3,1,0,0,0,True,False,False,True,False,False,False,False,False,False,True,False,False,True,True,False,False,False,False,680.8571428571429,0.0,3.0,0,830,Research & Development,Laboratory Technician,0.015403611,Low Risk
31,874,15,3,3,1,72,3,1,3,2610,6233,1,0,12,3,3,1,2,5,2,2,2,2,2,True,False,False,True,False,False,False,False,False,False,True,False,True,False,False,False,True,False,False,870.0,0.6666666666666666,2.75,0,831,Research & Development,Laboratory Technician,0.97791654,High Risk
37,367,25,2,3,0,52,2,2,4,5731,17171,7,0,13,3,3,2,9,2,3,6,2,1,3,True,False,False,False,False,False,False,False,False,False,False,False,False,True,False,False,True,False,False,573.1,0.14285714285714285,3.0,0,832,Research & Development,Human Resources,8.586986e-05,Low Risk
27,199,6,3,4,1,55,2,1,3,2539,7950,1,0,13,3,3,1,4,0,3,4,2,2,2,True,False,False,False,False,False,False,True,False,False,True,False,False,True,True,False,False,False,False,507.8,0.4,3.0,0,833,Research & Development,Research Scientist,9.683418e-06,Low Risk
34,1400,9,1,2,0,70,3,2,3,5714,5829,1,0,20,4,1,0,6,3,2,6,5,1,3,False,True,False,False,False,False,False,False,True,False,True,False,False,True,True,False,False,False,False,816.2857142857143,0.14285714285714285,2.5,0,834,Sales,Sales Executive,0.0011123292,Low Risk
35,528,8,4,3,1,100,3,1,3,4323,7108,1,0,17,3,2,0,6,2,1,5,4,1,4,False,False,True,False,False,False,False,False,False,False,False,True,False,True,False,False,False,False,True,617.5714285714286,0.16666666666666666,2.5,0,835,Research & Development,Human Resources,0.013281159,Low Risk
29,408,23,1,4,0,45,2,3,1,7336,11162,1,0,13,3,1,1,11,3,1,11,8,3,10,False,True,False,False,False,False,False,False,True,False,True,False,False,True,True,False,False,False,False,611.3333333333334,0.25,2.0,0,836,Sales,Sales Executive,0.9795777,High Risk
40,593,9,4,2,0,88,3,3,3,13499,13782,9,0,17,3,3,0,20,3,2,18,7,2,13,True,False,False,False,False,False,True,False,False,False,False,True,True,False,False,False,True,False,False,642.8095238095239,0.10526315789473684,2.5,0,837,Research & Development,Research Director,0.0009483524,Low Risk
42,481,12,3,3,1,44,3,4,1,13758,2447,0,1,12,3,2,0,22,2,2,21,9,13,14,False,True,False,False,False,False,False,False,True,False,False,True,True,False,True,False,False,False,False,598.1739130434783,0.5909090909090909,2.25,1,838,Sales,Sales Executive,0.9865189,High Risk
42,647,4,4,2,1,45,3,2,1,5155,2253,7,0,13,3,4,0,9,3,4,6,4,1,5,False,True,False,False,False,False,False,False,True,False,False,True,False,True,False,True,False,False,False,515.5,0.14285714285714285,2.5,0,839,Sales,Sales Executive,0.0042993533,Low Risk
35,982,1,4,4,1,58,2,1,3,2258,16340,6,0,12,3,2,1,10,2,3,8,0,1,7,True,False,False,True,False,False,False,False,False,False,True,False,False,True,False,False,True,False,False,205.27272727272728,0.1111111111111111,3.0,0,840,Research & Development,Laboratory Technician,0.0005645994,Low Risk
24,477,24,3,4,1,49,3,1,2,3597,6409,8,0,22,4,4,0,6,2,3,4,3,1,2,True,False,False,True,False,False,False,False,False,False,False,True,False,True,False,False,True,False,False,513.8571428571429,0.2,3.0,0,841,Research & Development,Laboratory Technician,0.0076493477,Low Risk
28,1485,12,1,3,0,79,3,1,4,2515,22955,1,1,11,3,4,0,1,4,2,1,1,0,0,True,False,False,True,False,False,False,False,False,False,True,False,False,True,True,False,False,False,False,1257.5,0.0,3.0,1,842,Research & Development,Laboratory Technician,0.99239963,High Risk
26,1384,3,4,1,1,82,4,1,4,4420,13421,1,0,22,4,2,1,8,2,3,8,7,0,7,True,False,False,True,False,False,False,False,False,False,True,False,False,True,False,False,True,False,False,491.1111111111111,0.0,3.0,0,843,Research & Development,Laboratory Technician,0.0009723119,Low Risk
30,852,10,3,3,1,72,2,2,3,6578,2706,1,0,18,3,1,1,10,3,3,10,3,1,4,False,True,False,False,False,False,False,False,True,False,True,False,False,True,False,True,False,False,False,598.0,0.09090909090909091,2.75,0,844,Sales,Sales Executive,0.0069636735,Low Risk
40,902,26,2,3,0,92,2,2,4,4422,21203,3,1,13,3,4,1,16,3,1,1,1,0,0,True,False,False,False,False,False,False,True,False,False,True,False,True,False,False,False,True,False,False,260.11764705882354,0.0,2.5,1,845,Research & Development,Research Scientist,0.00018048414,Low Risk
35,819,2,3,3,1,44,2,3,2,10274,19588,2,0,18,3,2,1,15,2,4,7,7,6,4,True,False,False,False,False,True,False,False,False,False,False,False,False,True,True,False,False,False,False,642.125,0.75,2.75,0,846,Research & Development,Manufacturing Director,0.0004279438,Low Risk
34,669,1,3,4,1,97,2,2,1,5343,25755,0,0,20,4,3,0,14,3,3,13,9,4,9,True,False,False,False,False,False,False,False,False,False,False,True,True,False,False,False,True,False,False,356.2,0.2857142857142857,2.5,0,847,Research & Development,Human Resources,0.000508636,Low Risk
35,636,4,4,4,1,47,2,1,4,2376,26537,1,0,13,3,2,1,2,2,4,2,2,2,2,True,False,False,True,False,False,False,False,False,False,True,False,True,False,False,False,False,True,False,792.0,0.6666666666666666,3.5,0,848,Research & Development,Laboratory Technician,0.0005665416,Low Risk
43,1372,9,3,1,0,85,1,2,3,5346,9489,8,0,13,3,2,0,7,2,2,4,3,1,3,False,True,False,False,False,False,False,False,True,False,False,True,False,True,False,True,False,False,False,668.25,0.2,1.75,0,849,Sales,Sales Executive,0.9892798,High Risk
32,862,2,1,3,0,76,3,1,1,2827,14947,1,0,12,3,3,3,1,3,3,1,0,0,0,False,True,False,False,False,False,False,False,False,True,False,False,False,False,True,False,False,False,False,1413.5,0.0,2.5,0,850,Sales,Sales Representative,0.004950884,Low Risk
56,718,4,4,4,0,92,3,5,1,19943,18575,4,0,13,3,4,1,28,2,3,5,2,4,2,True,False,False,False,True,False,False,False,False,False,False,False,False,True,False,False,False,False,True,687.6896551724138,0.6666666666666666,2.75,0,851,Research & Development,Manager,0.00033126157,Low Risk
29,1401,6,1,2,0,54,3,1,4,3131,26342,1,0,13,3,1,1,10,5,3,10,8,0,8,True,False,False,True,False,False,False,False,False,False,True,False,False,True,False,False,True,False,False,284.6363636363636,0.0,3.0,0,852,Research & Development,Laboratory Technician,0.00043038718,Low Risk
19,645,9,2,3,1,54,3,1,1,2552,7172,1,0,25,4,3,0,1,4,3,1,1,0,0,True,False,False,False,False,False,False,True,False,False,False,True,False,True,True,False,False,False,False,1276.0,0.0,2.5,0,853,Research & Development,Research Scientist,0.008687792,Low Risk
45,1457,7,3,1,0,83,3,1,3,4477,20100,4,1,19,3,3,1,7,2,2,3,2,0,2,True,False,False,False,False,False,False,True,False,False,True,False,False,True,False,False,True,False,False,559.625,0.0,2.25,1,854,Research & Development,Research Scientist,0.00032153248,Low Risk
37,977,1,3,4,0,56,2,2,4,6474,9961,1,0,13,3,2,1,14,2,2,14,8,3,11,True,False,False,False,False,True,False,False,False,False,True,False,False,True,True,False,False,False,False,431.6,0.2,3.0,0,855,Research & Development,Manufacturing Director,2.2123833e-05,Low Risk
20,805,3,3,1,1,87,2,1,3,3033,12828,1,0,12,3,1,0,2,2,2,2,2,1,2,True,False,False,True,False,False,False,False,False,False,False,True,False,True,True,False,False,False,False,1011.0,0.3333333333333333,2.0,0,856,Research & Development,Laboratory Technician,0.031326376,Low Risk
44,1097,10,4,3,1,96,3,1,3,2936,10826,1,1,11,3,3,0,6,4,3,6,4,0,2,True,False,False,False,False,False,False,True,False,False,False,True,False,True,True,False,False,False,False,419.42857142857144,0.0,3.0,0,857,Research & Development,Research Scientist,0.9705486,High Risk
53,1223,7,2,4,0,50,3,5,3,18606,18640,3,0,18,3,2,1,26,6,3,7,7,4,7,True,False,False,False,True,False,False,False,False,False,False,False,False,True,False,False,True,False,False,689.1111111111111,0.5,3.25,0,858,Research & Development,Manager,5.7275516e-05,Low Risk
29,942,15,1,2,0,69,1,1,4,2168,26933,0,1,18,3,1,1,6,2,2,5,4,1,3,True,False,False,False,False,False,False,True,False,False,True,False,False,True,True,False,False,False,False,309.7142857142857,0.16666666666666666,2.25,1,859,Research & Development,Research Scientist,0.0103917755,Low Risk
22,1256,3,4,3,1,48,2,1,4,2853,4223,0,1,11,3,2,1,1,5,3,0,0,0,0,True,False,False,False,False,False,False,True,False,False,True,False,True,False,True,False,False,False,False,1426.5,0.0,3.0,0,860,Research & Development,Research Scientist,0.032662734,Low Risk
46,1402,2,3,3,0,69,3,4,1,17048,24097,8,0,23,4,1,0,28,2,3,26,15,15,9,False,True,False,False,True,False,False,False,False,False,True,False,False,True,False,True,False,False,False,587.8620689655172,0.5555555555555556,2.5,0,861,Sales,Manager,0.0008441648,Low Risk
44,111,17,3,4,1,74,1,1,3,2290,4279,2,0,13,3,4,0,6,3,3,0,0,0,0,True,False,False,False,False,False,False,True,False,False,False,True,False,False,True,False,False,False,False,327.14285714285717,0.0,2.75,0,862,Research & Development,Research Scientist,0.005309797,Low Risk
33,147,2,3,2,1,99,3,1,3,3600,8429,1,0,13,3,4,1,5,2,3,5,4,1,4,False,False,True,False,False,False,False,False,False,False,True,False,False,True,False,False,False,False,False,600.0,0.16666666666666666,2.75,0,863,Research & Development,Human Resources,0.00048524045,Low Risk
41,906,5,2,1,1,95,2,1,1,2107,20293,6,0,17,3,1,1,5,2,1,1,0,0,0,True,False,False,False,False,False,False,True,False,False,False,False,False,False,True,False,False,False,False,351.1666666666667,0.0,1.25,0,864,Research & Development,Research Scientist,0.067225,Low Risk
30,1329,29,4,3,1,61,3,2,1,4115,13192,8,0,19,3,3,3,8,3,3,4,3,0,3,False,True,False,False,False,False,False,False,True,False,False,False,False,True,True,False,False,False,False,457.22222222222223,0.0,2.5,0,865,Sales,Sales Executive,0.0024543304,Low Risk
40,1184,2,4,2,1,62,3,2,2,4327,25440,5,0,12,3,4,3,5,2,3,0,0,0,0,False,True,False,False,False,False,False,False,True,False,True,False,True,False,False,False,True,False,False,721.1666666666666,0.0,2.5,0,866,Sales,Sales Executive,0.007928837,Low Risk
50,1421,2,3,4,0,30,3,4,1,17856,9490,2,0,22,4,3,1,32,3,3,2,2,2,2,True,False,False,False,True,False,False,False,False,False,True,False,True,False,False,False,True,False,False,541.0909090909091,0.6666666666666666,2.75,0,867,Research & Development,Manager,5.4073185e-05,Low Risk
28,1179,19,4,4,1,78,2,1,1,3196,12449,1,0,12,3,3,3,6,2,3,6,5,3,3,True,False,False,True,False,False,False,False,False,False,True,False,False,True,False,False,True,False,False,456.57142857142856,0.42857142857142855,2.5,0,868,Research & Development,Laboratory Technician,0.0032905184,Low Risk
46,1450,15,2,4,1,52,3,5,2,19081,10849,5,0,11,3,1,1,25,2,3,4,2,0,3,True,False,False,False,False,False,True,False,False,False,True,False,False,True,True,False,False,False,False,733.8846153846154,0.0,3.0,0,869,Research & Development,Research Director,0.0009827637,Low Risk
35,1361,17,4,3,1,94,3,2,1,8966,21026,3,1,15,3,4,3,15,2,3,7,7,1,7,False,True,False,False,False,False,False,False,True,False,True,False,False,True,True,False,False,False,False,560.375,0.125,2.5,0,870,Sales,Sales Executive,0.00075071416,Low Risk
24,984,17,2,4,0,97,3,1,2,2210,3372,1,0,13,3,1,1,1,3,1,1,0,0,0,True,False,False,True,False,False,False,False,False,False,True,False,False,True,True,False,False,False,False,1105.0,0.0,2.5,0,871,Research & Development,Laboratory Technician,0.97332406,High Risk
33,1146,25,3,2,0,82,3,2,3,4539,4905,1,0,12,3,1,1,10,3,2,10,7,0,1,False,True,False,False,False,False,False,False,True,False,True,False,True,False,False,False,True,False,False,412.6363636363636,0.0,2.5,0,872,Sales,Sales Executive,0.0015064484,Low Risk
36,917,6,4,3,1,60,1,1,3,2741,6865,1,0,14,3,3,1,7,4,3,7,7,1,7,True,False,False,True,False,False,False,False,False,False,False,False,False,True,True,False,False,False,False,342.625,0.125,2.5,0,873,Research & Development,Laboratory Technician,0.00031165642,Low Risk
30,853,7,4,3,1,49,3,2,3,3491,11309,1,0,13,3,1,3,10,4,2,10,7,8,9,True,False,False,True,False,False,False,False,False,False,False,False,False,True,True,False,False,False,False,317.3636363636364,0.7272727272727273,2.75,0,874,Research & Development,Laboratory Technician,0.075578995,Low Risk
44,200,29,4,4,1,32,3,2,4,4541,7744,1,0,25,4,2,0,20,3,3,20,11,13,17,True,False,False,False,False,False,False,True,False,False,False,True,False,True,False,False,False,True,False,216.23809523809524,0.6190476190476191,3.5,0,875,Research & Development,Research Scientist,0.0028763397,Low Risk
20,654,21,3,3,1,43,4,1,4,2678,5050,1,0,17,3,4,0,2,2,3,2,1,2,2,False,True,False,False,False,False,False,False,False,True,False,True,False,True,False,True,False,False,False,892.6666666666666,0.6666666666666666,3.5,0,876,Sales,Sales Representative,0.007840277,Low Risk
46,150,2,4,4,1,60,3,2,4,7379,17433,2,0,11,3,3,1,12,3,2,6,3,1,4,True,False,False,False,False,True,False,False,False,False,False,False,False,True,False,False,False,False,True,567.6153846153846,0.14285714285714285,3.25,0,877,Research & Development,Manufacturing Director,0.0004675923,Low Risk
42,179,2,5,4,1,79,4,2,1,6272,12858,7,0,16,3,1,1,10,3,4,4,3,0,3,False,False,True,False,False,False,False,False,False,False,True,False,False,False,False,False,True,False,False,570.1818181818181,0.0,3.25,0,878,Research & Development,Human Resources,0.0006040032,Low Risk
60,696,7,4,2,1,52,4,2,4,5220,10893,0,1,18,3,2,1,12,3,3,11,7,1,9,False,True,False,False,False,False,False,False,True,False,False,False,False,True,False,True,False,False,False,401.53846153846155,0.08333333333333333,3.25,0,879,Sales,Sales Executive,0.0017446232,Low Risk
32,116,13,3,3,0,77,2,1,2,2743,7331,1,0,20,4,3,1,2,2,3,2,2,2,2,True,False,False,True,False,False,False,False,False,False,True,False,True,False,False,False,False,True,False,914.3333333333334,0.6666666666666666,2.5,0,880,Research & Development,Laboratory Technician,0.013132359,Low Risk
32,1316,2,2,4,0,38,3,2,3,4998,2338,4,1,14,3,4,0,10,2,3,8,7,0,7,True,False,False,False,False,False,False,True,False,False,False,True,True,False,True,False,False,False,False,454.3636363636364,0.0,3.25,0,881,Research & Development,Research Scientist,0.0001500493,Low Risk
36,363,1,3,3,0,77,1,3,1,10252,4235,2,1,21,4,3,1,17,2,3,7,7,7,7,True,False,False,False,False,True,False,False,False,False,False,False,False,True,False,False,False,False,True,569.5555555555555,0.875,2.0,0,882,Research & Development,Manufacturing Director,0.0026071835,Low Risk
33,117,9,3,1,1,60,3,1,4,2781,6311,0,0,13,3,2,1,15,5,3,14,10,4,10,True,False,False,False,False,False,False,True,False,False,True,False,False,True,False,False,True,False,False,173.8125,0.26666666666666666,2.75,0,883,Research & Development,Research Scientist,0.0006634412,Low Risk
40,107,10,3,2,0,84,2,2,2,6852,11591,7,0,12,3,2,1,7,2,4,5,1,1,3,False,True,False,False,False,False,False,False,True,False,False,False,False,True,False,False,False,False,True,856.5,0.16666666666666666,2.5,0,884,Sales,Sales Executive,0.002646284,Low Risk
25,1356,10,4,3,1,57,3,2,4,4950,20623,0,0,14,3,2,0,5,4,3,4,3,1,1,False,True,False,False,False,False,False,False,True,False,False,True,False,True,True,False,False,False,False,825.0,0.2,3.25,0,885,Sales,Sales Executive,7.451536e-05,Low Risk
30,1465,1,3,4,1,63,3,1,2,3579,9369,0,1,21,4,1,1,12,2,3,11,9,5,7,True,False,False,False,False,False,False,True,False,False,True,False,False,True,False,False,True,False,False,275.3076923076923,0.4166666666666667,3.0,0,886,Research & Development,Research Scientist,0.00077545823,Low Risk
42,458,26,5,1,0,60,3,3,1,13191,23281,3,1,17,3,3,0,20,6,3,1,0,0,0,True,False,False,False,False,False,True,False,False,False,True,False,True,False,False,False,True,False,False,628.1428571428571,0.0,2.0,0,887,Research & Development,Research Director,0.014926192,Low Risk
35,1212,8,2,3,0,78,2,3,4,10377,13755,4,1,11,3,2,1,16,6,2,13,2,4,12,False,True,False,False,False,False,False,False,True,False,True,False,False,False,False,True,False,False,False,610.4117647058823,0.2857142857142857,2.75,1,888,Sales,Sales Executive,0.0028818056,Low Risk
27,1103,14,3,1,1,42,3,1,1,2235,14377,1,1,14,3,4,2,9,3,2,9,7,6,8,True,False,False,False,False,False,False,True,False,False,True,False,False,True,True,False,False,False,False,223.5,0.6,1.75,1,889,Research & Development,Research Scientist,0.009864926,Low Risk
54,966,1,4,4,0,53,3,3,3,10502,9659,7,0,17,3,1,1,33,2,1,5,4,1,4,True,False,False,False,False,True,False,False,False,False,False,False,True,False,True,False,False,False,False,308.88235294117646,0.16666666666666666,2.75,0,890,Research & Development,Manufacturing Director,0.00076857785,Low Risk
44,1117,2,1,1,0,72,4,1,4,2011,19982,1,0,13,3,4,1,10,5,3,10,5,7,7,True,False,False,False,False,False,False,True,False,False,True,False,False,True,True,False,False,False,False,182.8181818181818,0.6363636363636364,3.0,0,891,Research & Development,Research Scientist,0.00020559906,Low Risk
19,504,10,3,1,0,96,2,1,2,1859,6148,1,1,25,4,2,0,1,2,4,1,1,0,0,True,False,False,False,False,False,False,True,False,False,False,True,False,False,False,False,True,False,False,929.5,0.0,2.25,0,892,Research & Development,Research Scientist,0.9993438,High Risk
29,1010,1,3,1,0,97,3,1,4,3760,5598,1,0,15,3,1,3,3,5,3,3,2,1,2,True,False,False,False,False,False,False,True,False,False,False,False,False,True,True,False,False,False,False,940.0,0.25,2.75,0,893,Research & Development,Research Scientist,0.00016507709,Low Risk
54,685,3,3,4,1,85,3,4,4,17779,23474,3,0,14,3,1,0,36,2,3,10,9,0,9,True,False,False,False,False,False,True,False,False,False,True,False,False,True,True,False,False,False,False,480.5135135135135,0.0,3.5,0,894,Research & Development,Research Director,0.00018756515,Low Risk
31,1332,11,2,3,1,80,3,2,1,6833,17089,1,1,12,3,4,0,6,2,2,6,5,0,1,True,False,False,False,False,False,False,False,False,False,True,False,False,True,False,False,True,False,False,976.1428571428571,0.0,2.25,1,895,Research & Development,Human Resources,0.012801355,Low Risk
31,1062,24,3,3,0,96,2,2,1,6812,17198,1,0,19,3,2,0,10,2,3,10,9,1,8,True,False,False,False,False,False,False,False,False,False,False,True,False,True,False,False,True,False,False,619.2727272727273,0.09090909090909091,2.25,0,896,Research & Development,Human Resources,0.0030186423,Low Risk
59,326,3,3,3,0,48,2,2,4,5171,16490,5,0,17,3,4,0,13,2,3,6,1,0,5,False,True,False,False,False,False,False,False,True,False,False,True,False,True,True,False,False,False,False,369.35714285714283,0.0,3.0,0,897,Sales,Sales Executive,0.003861109,Low Risk
43,920,3,3,3,1,96,1,5,4,19740,18625,3,0,14,3,2,1,25,2,3,8,7,0,7,True,False,False,False,False,False,True,False,False,False,True,False,False,True,True,False,False,False,False,759.2307692307693,0.0,2.75,0,898,Research & Development,Research Director,9.591528e-05,Low Risk
49,1098,4,2,1,1,85,2,5,3,18711,12124,2,0,13,3,3,1,23,2,4,1,0,0,0,True,False,False,False,True,False,False,False,False,False,True,False,False,True,False,False,True,False,False,779.625,0.0,2.5,0,899,Research & Development,Manager,0.00044453118,Low Risk
36,469,3,3,3,1,46,3,1,2,3692,9256,1,0,12,3,3,0,12,2,2,11,10,0,7,True,False,False,False,False,False,False,True,False,False,True,False,True,False,False,False,False,False,True,284.0,0.0,2.5,0,900,Research & Development,Research Scientist,0.00057680166,Low Risk
48,969,2,2,4,1,76,4,1,2,2559,16620,5,0,11,3,3,0,7,4,2,1,0,0,0,True,False,False,True,False,False,False,False,False,False,False,True,False,True,False,False,False,False,True,319.875,0.0,3.0,0,901,Research & Development,Laboratory Technician,0.07106128,Low Risk
27,1167,4,2,1,1,76,3,1,3,2517,3208,1,0,11,3,2,3,5,2,3,5,3,0,3,True,False,False,False,False,False,False,True,False,False,False,False,False,True,True,False,False,False,False,419.5,0.0,2.5,0,902,Research & Development,Research Scientist,7.787809e-05,Low Risk
29,1329,7,3,3,1,82,3,2,4,6623,4204,1,1,11,3,2,2,6,2,3,6,0,1,0,True,False,False,False,False,False,False,False,False,False,False,False,False,True,True,False,False,False,False,946.1428571428571,0.14285714285714285,3.25,0,903,Research & Development,Human Resources,0.0010093498,Low Risk
48,715,1,3,4,1,76,2,5,4,18265,8733,6,0,12,3,3,0,25,3,4,1,0,0,0,True,False,False,False,False,False,True,False,False,False,False,True,False,True,True,False,False,False,False,702.5,0.0,3.5,0,904,Research & Development,Research Director,2.4305617e-05,Low Risk
29,694,1,3,4,0,87,2,4,4,16124,3423,3,0,14,3,2,2,9,2,2,7,7,1,7,True,False,False,False,False,False,True,False,False,False,False,False,False,True,True,False,False,False,False,1612.4,0.125,3.0,0,905,Research & Development,Research Director,1.1975258e-05,Low Risk
34,1320,20,3,3,0,89,4,1,3,2585,21643,0,0,17,3,4,0,2,5,2,1,0,0,0,True,False,False,False,False,False,False,True,False,False,True,False,False,True,False,False,False,False,True,861.6666666666666,0.0,3.0,0,906,Research & Development,Research Scientist,0.008402744,Low Risk
44,1099,5,3,2,1,88,3,5,2,18213,8751,7,0,11,3,3,1,26,5,3,22,9,3,10,False,True,False,False,True,False,False,False,False,False,True,False,False,True,False,True,False,False,False,674.5555555555555,0.13043478260869565,2.5,0,907,Sales,Manager,0.0016121332,Low Risk
33,536,10,5,4,1,82,4,3,3,8380,21708,0,1,14,3,4,2,10,3,3,9,8,0,8,False,True,False,False,False,False,False,False,True,False,False,False,False,True,False,True,False,False,False,761.8181818181819,0.0,3.5,0,908,Sales,Sales Executive,0.0007696138,Low Risk
19,265,25,3,2,0,57,4,1,4,2994,21221,1,1,12,3,4,0,1,2,3,1,0,0,1,True,False,False,False,False,False,False,True,False,False,False,True,False,True,True,False,False,False,False,1497.0,0.0,3.25,0,909,Research & Development,Research Scientist,0.02799586,Low Risk
23,373,1,2,4,1,47,3,1,3,1223,16901,1,0,22,4,4,1,1,2,3,1,0,0,1,True,False,False,False,False,False,False,True,False,False,True,False,False,True,True,False,False,False,False,611.5,0.0,3.25,0,910,Research & Development,Research Scientist,0.0004529866,Low Risk
25,599,24,1,3,1,73,1,1,4,1118,8040,1,1,14,3,4,0,1,4,3,1,0,1,0,False,True,False,False,False,False,False,False,False,True,False,True,True,False,True,False,False,False,False,559.0,0.5,2.75,0,911,Sales,Sales Representative,0.9998815,High Risk
26,583,4,2,3,1,53,3,1,4,2875,9973,1,1,20,4,2,0,8,2,2,8,5,2,2,True,False,False,False,False,False,False,True,False,False,False,True,False,True,True,False,False,False,False,319.44444444444446,0.2222222222222222,3.0,1,912,Research & Development,Research Scientist,0.007047413,Low Risk
45,1449,2,3,1,0,94,1,5,2,18824,2493,2,1,16,3,1,0,26,2,3,24,10,1,11,False,True,False,False,True,False,False,False,False,False,False,True,False,True,False,True,False,False,False,697.1851851851852,0.04,1.75,0,913,Sales,Manager,0.9634512,High Risk
55,177,8,1,4,1,37,2,4,2,13577,25592,1,1,15,3,4,1,34,3,3,33,9,15,0,True,False,False,False,False,False,False,False,False,False,False,False,False,False,False,False,True,False,False,387.9142857142857,0.4411764705882353,2.75,0,914,Research & Development,Human Resources,0.0016796915,Low Risk
21,251,10,2,1,0,45,2,1,3,2625,25308,1,0,20,4,3,0,2,2,1,2,2,2,2,True,False,False,True,False,False,False,False,False,False,False,True,True,False,True,False,False,False,False,875.0,0.6666666666666666,1.75,0,915,Research & Development,Laboratory Technician,0.9919224,High Risk
46,168,4,2,4,0,33,2,5,2,18789,9946,2,0,14,3,3,1,26,2,3,11,4,0,8,False,True,False,False,True,False,False,False,False,False,True,False,False,True,False,True,False,False,False,695.8888888888889,0.0,2.75,0,916,Sales,Manager,0.0005310326,Low Risk
34,131,2,3,3,0,86,3,2,1,4538,6039,0,1,12,3,4,0,4,3,3,3,2,0,2,False,True,False,False,False,False,False,False,True,False,False,True,False,True,False,True,False,False,False,907.6,0.0,2.5,0,917,Sales,Sales Executive,0.0031040937,Low Risk
51,237,9,3,4,1,83,3,5,2,19847,19196,4,1,24,4,1,1,31,5,2,29,10,11,10,False,True,False,False,True,False,False,False,False,False,False,False,True,False,True,False,False,False,False,620.21875,0.36666666666666664,2.75,1,918,Sales,Manager,0.0068559386,Low Risk
59,1429,18,4,4,1,67,3,3,4,10512,20002,6,0,12,3,4,0,25,6,2,9,7,5,4,True,False,False,False,False,True,False,False,False,False,False,True,False,True,False,False,True,False,False,404.3076923076923,0.5,3.25,0,919,Research & Development,Manufacturing Director,0.0022115968,Low Risk
34,135,19,3,3,0,46,3,2,2,4444,22534,4,0,13,3,3,2,15,2,4,11,8,5,10,True,False,False,True,False,False,False,False,False,False,False,False,True,False,False,False,True,False,False,277.75,0.4166666666666667,3.0,0,920,Research & Development,Laboratory Technician,0.0011960759,Low Risk
28,791,1,4,4,1,44,3,1,3,2154,6842,0,1,11,3,3,0,5,2,2,4,2,0,2,True,False,False,True,False,False,False,False,False,False,False,True,True,False,False,False,True,False,False,359.0,0.0,3.0,1,921,Research & Development,Laboratory Technician,0.032205135,Low Risk
44,1199,4,2,3,1,92,4,5,1,19190,17477,1,0,14,3,4,2,26,4,2,25,9,14,13,True,False,False,False,True,False,False,False,False,False,False,False,False,True,True,False,False,False,False,710.7407407407408,0.5384615384615384,2.5,0,922,Research & Development,Manager,3.5599816e-05,Low Risk
34,648,11,3,3,1,56,2,2,2,4490,21833,4,0,11,3,4,2,14,5,4,10,9,1,8,False,False,True,False,False,False,False,False,False,False,True,False,True,False,True,False,False,False,False,299.3333333333333,0.09090909090909091,2.75,0,923,Research & Development,Human Resources,0.011653109,Low Risk
35,735,6,1,3,1,66,3,1,3,3506,6020,0,1,14,3,4,0,4,3,3,3,2,2,2,True,False,False,False,False,False,False,True,False,False,True,False,False,True,True,False,False,False,False,701.2,0.5,3.0,0,924,Research & Development,Research Scientist,0.0013759951,Low Risk
42,603,7,4,2,0,78,4,2,2,2372,5628,6,1,16,3,4,0,18,2,3,1,0,0,0,True,False,False,False,False,False,False,True,False,False,True,False,False,True,False,False,True,False,False,124.84210526315789,0.0,2.75,0,925,Research & Development,Research Scientist,0.014585752,Low Risk
43,531,4,4,4,0,56,2,3,4,10231,20364,3,0,14,3,4,0,23,3,4,21,7,15,17,False,True,False,False,False,False,False,False,True,False,False,True,False,True,False,True,False,False,False,426.2916666666667,0.6818181818181818,3.5,0,926,Sales,Sales Executive,0.0032092978,Low Risk
36,429,2,4,3,0,53,3,2,2,5410,2323,9,1,11,3,4,0,18,2,3,16,14,5,12,True,False,False,False,False,True,False,False,False,False,False,True,False,True,True,False,False,False,False,284.7368421052632,0.29411764705882354,2.75,0,927,Research & Development,Manufacturing Director,0.0053301295,Low Risk
44,621,15,3,1,0,73,3,3,4,7978,14075,1,0,11,3,4,1,10,2,3,10,7,0,5,True,False,False,False,False,False,False,False,False,False,True,False,False,True,False,False,True,False,False,725.2727272727273,0.0,2.75,0,928,Research & Development,Human Resources,0.9852026,High Risk
28,193,2,3,4,1,52,2,1,4,3867,14222,1,1,12,3,2,1,2,2,3,2,2,2,2,True,False,False,True,False,False,False,False,False,False,True,False,True,False,True,False,False,False,False,1289.0,0.6666666666666666,3.25,0,929,Research & Development,Laboratory Technician,0.021685882,Low Risk
51,968,6,2,2,0,40,2,1,3,2838,4257,0,0,14,3,2,0,8,6,2,7,0,7,7,True,False,False,True,False,False,False,False,False,False,False,True,True,False,False,False,True,False,False,315.3333333333333,0.875,2.25,0,930,Research & Development,Laboratory Technician,0.08711036,Low Risk
30,879,9,2,3,0,72,3,2,3,4695,12858,7,1,18,3,3,0,10,3,3,8,4,1,7,True,False,False,False,False,True,False,False,False,False,False,True,False,False,False,False,True,False,False,426.8181818181818,0.1111111111111111,3.0,0,931,Research & Development,Manufacturing Director,0.0048224963,Low Risk
29,806,7,3,2,0,39,3,1,3,3339,17285,3,1,13,3,1,2,10,2,3,7,7,7,7,True,False,False,True,False,False,False,False,False,False,False,False,False,True,False,False,False,False,True,303.54545454545456,0.875,2.75,0,932,Research & Development,Laboratory Technician,0.98767716,High Risk
28,640,1,3,4,1,84,3,1,1,2080,4732,2,0,11,3,2,0,5,2,2,3,2,1,2,True,False,False,False,False,False,False,True,False,False,False,True,False,True,False,False,False,False,True,346.6666666666667,0.25,2.5,0,933,Research & Development,Research Scientist,0.0022535364,Low Risk
25,266,1,3,4,0,40,3,1,2,2096,18830,1,0,18,3,4,0,2,3,2,2,2,2,1,True,False,False,False,False,False,False,True,False,False,False,True,False,True,False,False,True,False,False,698.6666666666666,0.6666666666666666,2.75,0,934,Research & Development,Research Scientist,0.278408,Low Risk
32,604,8,3,3,1,56,4,2,4,6209,11693,1,0,15,3,3,2,10,4,4,10,7,0,8,False,True,False,False,False,False,False,False,True,False,True,False,False,True,False,False,True,False,False,564.4545454545455,0.0,3.75,0,935,Sales,Sales Executive,0.004739168,Low Risk
45,364,25,3,2,0,83,3,5,2,18061,13035,3,0,22,4,3,0,22,4,3,0,0,0,0,True,False,False,False,True,False,False,False,False,False,False,True,True,False,False,False,True,False,False,785.2608695652174,0.0,2.5,0,936,Research & Development,Manager,0.0010736898,Low Risk
39,412,13,4,3,0,94,2,4,2,17123,17334,6,1,13,3,4,2,21,4,3,19,9,15,2,True,False,False,False,True,False,False,False,False,False,False,False,False,True,False,False,True,False,False,778.3181818181819,0.75,2.5,0,937,Research & Development,Manager,0.0013274262,Low Risk
58,848,23,4,1,1,88,3,1,3,2372,26076,1,0,12,3,4,2,2,3,3,2,2,2,2,True,False,False,False,False,False,False,True,False,False,False,False,False,True,True,False,False,False,False,790.6666666666666,0.6666666666666666,2.5,0,938,Research & Development,Research Scientist,0.001363443,Low Risk
32,1089,7,2,4,1,79,3,2,3,4883,22845,1,0,18,3,1,1,10,3,3,10,4,1,1,True,False,False,True,False,False,False,False,False,False,True,False,False,True,True,False,False,False,False,443.90909090909093,0.09090909090909091,3.25,0,939,Research & Development,Laboratory Technician,0.957949,High Risk
39,360,23,3,3,1,93,3,1,1,3904,22154,0,0,13,3,1,0,6,2,3,5,2,0,3,True,False,False,False,False,False,False,True,False,False,False,True,False,True,False,False,True,False,False,557.7142857142857,0.0,2.5,0,940,Research & Development,Research Scientist,0.9651508,High Risk
30,1138,6,3,1,0,48,2,2,4,4627,23631,0,0,12,3,1,1,10,6,3,9,2,6,7,True,False,False,True,False,False,False,False,False,False,True,False,False,True,False,False,False,False,True,420.6363636363636,0.6,2.5,0,941,Research & Development,Laboratory Technician,0.0015340524,Low Risk
36,325,10,4,4,0,63,3,3,3,7094,5747,3,0,12,3,1,0,10,0,3,7,7,1,7,True,False,False,False,False,False,False,False,False,False,True,False,False,True,False,False,False,False,True,644.9090909090909,0.125,3.25,0,942,Research & Development,Human Resources,0.0018815259,Low Risk
46,991,1,2,4,0,44,3,1,1,3423,22957,6,0,12,3,3,0,10,3,4,7,6,5,7,False,False,True,False,False,False,False,False,False,False,False,True,False,True,True,False,False,False,False,311.1818181818182,0.625,3.0,0,943,Research & Development,Human Resources,0.0018813673,Low Risk
28,1476,1,3,3,0,55,1,2,4,6674,16392,0,0,11,3,1,3,10,6,3,9,8,7,5,True,False,False,True,False,False,False,False,False,False,True,False,False,False,True,False,False,False,False,606.7272727272727,0.7,2.75,0,944,Research & Development,Laboratory Technician,0.002968027,Low Risk
50,1322,28,3,4,0,43,3,4,1,16880,22422,4,1,11,3,2,0,25,2,3,3,2,1,2,True,False,False,False,False,False,True,False,False,False,True,False,False,True,True,False,False,False,False,649.2307692307693,0.25,2.75,0,945,Research & Development,Research Director,0.004607118,Low Risk
40,299,25,4,4,1,57,2,3,2,9094,17235,2,1,12,3,3,0,9,2,3,5,4,1,0,False,True,False,False,False,False,False,False,True,False,False,True,False,True,False,True,False,False,False,909.4,0.16666666666666666,2.75,0,946,Sales,Sales Executive,0.95156133,High Risk
52,1030,5,3,2,1,64,3,3,2,8446,21534,9,1,19,3,3,0,10,2,2,8,7,7,7,False,True,False,False,False,False,False,False,True,False,False,True,False,True,True,False,False,False,False,767.8181818181819,0.7777777777777778,2.25,1,947,Sales,Sales Executive,0.9988833,High Risk
30,634,17,4,2,0,95,3,3,1,11916,25927,1,1,23,4,4,2,9,2,3,9,1,0,8,True,False,False,False,True,False,False,False,False,False,True,False,False,True,False,False,True,False,False,1191.6,0.0,2.25,0,948,Research & Development,Manager,0.011761931,Low Risk
39,524,18,2,1,1,32,3,2,3,4534,13352,0,0,11,3,1,0,9,6,3,8,7,1,7,True,False,False,False,False,True,False,False,False,False,False,True,False,True,True,False,False,False,False,453.4,0.1111111111111111,2.5,0,949,Research & Development,Manufacturing Director,0.0017595424,Low Risk
31,587,2,4,4,0,57,3,3,3,9852,8935,1,1,19,3,1,1,10,5,2,10,8,9,6,False,True,False,False,False,False,False,False,True,False,False,False,False,False,True,False,False,False,False,895.6363636363636,0.8181818181818182,3.0,1,950,Sales,Sales Executive,0.10085879,Low Risk
41,256,10,2,3,1,40,1,2,2,6151,22074,1,0,13,3,1,0,19,4,3,19,2,11,9,False,True,False,False,False,False,False,False,True,False,False,True,False,False,False,False,True,False,False,307.55,0.55,2.25,0,951,Sales,Sales Executive,0.007973015,Low Risk
31,1060,1,3,4,0,54,3,1,2,2302,8319,1,1,11,3,1,0,3,2,4,3,2,2,2,False,True,False,False,False,False,False,False,False,True,False,True,True,False,True,False,False,False,False,575.5,0.5,3.25,0,952,Sales,Sales Representative,0.9938221,High Risk
44,935,3,3,1,1,89,3,1,1,2362,14669,4,0,12,3,3,0,10,4,4,3,2,1,2,True,False,False,True,False,False,False,False,False,False,True,False,False,True,True,False,False,False,False,214.72727272727272,0.25,2.25,0,953,Research & Development,Laboratory Technician,0.0073507307,Low Risk
42,495,2,1,3,1,37,3,4,3,17861,26582,0,1,13,3,4,0,21,3,2,20,8,2,10,True,False,False,False,True,False,False,False,False,False,True,False,False,False,True,False,False,False,False,811.8636363636364,0.09523809523809523,2.75,1,954,Research & Development,Manager,0.0005983796,Low Risk
55,282,2,2,4,0,58,1,5,3,19187,6992,4,0,14,3,4,1,23,5,3,19,9,9,11,True,False,False,False,True,False,False,False,False,False,True,False,False,True,False,False,True,False,False,799.4583333333334,0.45,2.75,0,955,Research & Development,Manager,0.12259974,Low Risk
56,206,8,4,4,1,99,3,5,2,19717,4022,6,0,14,3,1,0,36,4,3,7,3,7,7,False,False,False,False,True,False,False,False,False,False,False,True,False,True,True,False,False,False,False,532.8918918918919,0.875,3.0,0,956,Research & Development,Manager,0.0024453553,Low Risk
40,458,16,2,3,1,74,3,1,3,3544,8532,9,0,16,3,2,1,6,0,3,4,2,0,0,True,False,False,False,False,False,False,True,False,False,False,False,False,False,True,False,False,False,False,506.2857142857143,0.0,3.0,0,957,Research & Development,Research Scientist,0.000105812396,Low Risk
34,943,9,3,4,1,86,3,3,4,8500,5494,0,0,11,3,4,1,10,0,2,9,7,1,6,True,False,False,False,False,False,False,False,False,False,False,False,False,True,True,False,False,False,False,772.7272727272727,0.1,3.25,0,958,Research & Development,Human Resources,0.000414751,Low Risk
40,523,2,3,3,1,98,3,2,4,4661,22455,1,0,13,3,3,0,9,4,3,9,8,8,8,True,False,False,False,False,False,False,True,False,False,False,True,False,True,True,False,False,False,False,466.1,0.8,3.25,0,959,Research & Development,Research Scientist,0.0004836439,Low Risk
41,1018,1,3,3,0,66,3,2,1,4103,4297,0,0,17,3,4,1,10,2,3,9,3,1,7,False,True,False,False,False,False,False,False,True,False,False,False,True,False,False,True,False,False,False,373.0,0.1,2.5,0,960,Sales,Sales Executive,0.0004967317,Low Risk
35,482,4,4,3,1,87,3,2,3,4249,2690,1,1,11,3,2,0,9,3,3,9,6,1,1,True,False,False,False,False,False,False,True,False,False,False,True,True,False,True,False,False,False,False,424.9,0.1,3.0,0,961,Research & Development,Research Scientist,0.058066778,Low Risk
51,770,5,3,3,1,84,3,4,2,14026,17588,1,1,11,3,2,1,33,2,3,33,9,0,10,False,False,False,False,True,False,False,False,False,False,False,False,False,True,True,False,False,False,False,412.52941176470586,0.0,2.75,0,962,Research & Development,Manager,0.0045845495,Low Risk
38,1009,2,2,2,0,31,3,2,1,6893,19461,3,0,15,3,4,1,11,3,3,7,7,1,7,False,True,False,False,False,False,False,False,True,False,False,False,False,True,True,False,False,False,False,574.4166666666666,0.125,2.25,0,963,Sales,Sales Executive,0.00028395103,Low Risk
34,507,15,2,3,0,66,3,2,1,6125,23553,1,0,12,3,4,0,10,6,4,10,8,9,6,False,True,False,False,False,False,False,False,True,False,False,True,False,True,False,False,True,False,False,556.8181818181819,0.8181818181818182,2.75,0,964,Sales,Sales Executive,0.0011524518,Low Risk
25,882,19,1,4,1,67,3,1,4,3669,9075,3,0,11,3,3,3,7,6,2,3,2,1,2,True,False,False,True,False,False,False,False,False,False,True,False,False,True,False,False,True,False,False,458.625,0.25,3.25,0,965,Research & Development,Laboratory Technician,0.023003021,Low Risk
58,601,7,4,3,0,53,2,3,1,10008,12023,7,1,14,3,4,0,31,0,2,10,9,5,9,True,False,False,False,False,True,False,False,False,False,True,False,False,True,False,False,True,False,False,312.75,0.45454545454545453,2.0,1,966,Research & Development,Manufacturing Director,0.9670865,High Risk
40,329,1,4,2,1,88,3,1,2,2387,6762,3,0,22,4,3,1,7,3,3,4,2,0,3,True,False,False,True,False,False,False,False,False,False,True,False,False,True,True,False,False,False,False,298.375,0.0,2.5,0,967,Research & Development,Laboratory Technician,0.00010906641,Low Risk
36,607,7,3,1,0,83,4,2,1,4639,2261,2,0,16,3,4,1,17,2,2,15,7,6,13,False,True,False,False,False,False,False,False,True,False,True,False,True,False,False,True,False,False,False,257.72222222222223,0.375,2.0,0,968,Sales,Sales Executive,0.0011102632,Low Risk
48,855,4,3,4,1,54,3,3,4,7898,18706,1,0,11,3,3,0,11,2,3,10,9,0,8,True,False,False,False,False,True,False,False,False,False,False,True,False,True,True,False,False,False,False,658.1666666666666,0.0,3.5,0,969,Research & Development,Manufacturing Director,9.819374e-05,Low Risk
27,1291,11,3,3,0,98,4,1,4,2534,6527,8,0,14,3,2,1,5,4,3,1,0,0,0,False,True,False,False,False,False,False,False,False,True,True,False,False,True,False,False,True,False,False,422.3333333333333,0.0,3.5,0,970,Sales,Sales Representative,0.0085634785,Low Risk
51,1405,11,2,4,0,82,2,4,2,13142,24439,3,0,16,3,2,0,29,1,2,5,2,0,3,True,False,False,False,False,True,False,False,False,False,False,True,False,True,False,False,False,False,True,438.06666666666666,0.0,2.5,0,971,Research & Development,Manufacturing Director,0.0003439701,Low Risk
18,1124,1,3,4,0,97,3,1,4,1611,19305,1,0,15,3,3,0,0,5,4,0,0,0,0,True,False,False,True,False,False,False,False,False,False,False,True,False,False,True,False,False,False,False,1611.0,0.0,3.75,0,972,Research & Development,Laboratory Technician,0.016840879,Low Risk
35,817,1,3,4,0,60,2,2,4,5363,10846,0,0,12,3,2,1,10,0,3,9,7,0,0,True,False,False,True,False,False,False,False,False,False,True,False,False,True,False,False,True,False,False,487.54545454545456,0.0,3.25,0,973,Research & Development,Laboratory Technician,0.00012926954,Low Risk
27,793,2,1,4,1,43,1,2,4,5071,20392,3,0,20,4,2,0,8,3,3,6,2,0,0,False,True,False,False,False,False,False,False,True,False,False,True,True,False,True,False,False,False,False,563.4444444444445,0.0,3.0,0,974,Sales,Sales Executive,0.006429004,Low Risk
55,267,13,4,1,1,85,4,4,3,13695,9277,6,1,17,3,3,0,24,2,2,19,7,3,8,False,True,False,False,False,False,False,False,True,False,False,True,False,True,False,True,False,False,False,547.8,0.15,2.5,1,975,Sales,Sales Executive,0.97948384,High Risk
56,1369,23,3,4,1,68,3,4,2,13402,18235,4,1,12,3,1,1,33,0,3,19,16,15,9,True,False,False,False,False,True,False,False,False,False,True,False,False,True,True,False,False,False,False,394.1764705882353,0.75,3.0,0,976,Research & Development,Manufacturing Director,0.0025061474,Low Risk
34,999,26,1,1,0,92,2,1,3,2029,15891,1,0,20,4,3,3,5,2,3,5,4,0,0,True,False,False,False,False,False,False,True,False,False,False,False,False,False,False,False,False,False,True,338.1666666666667,0.0,2.25,0,977,Research & Development,Research Scientist,0.0040425193,Low Risk
40,1202,2,1,2,0,89,4,2,3,6377,13888,5,0,20,4,2,3,15,0,3,12,11,11,8,True,False,False,False,False,False,False,False,False,False,False,False,False,True,False,False,True,False,False,398.5625,0.8461538461538461,3.0,0,978,Research & Development,Human Resources,4.7116417e-05,Low Risk
34,285,29,3,2,1,86,3,2,3,5429,17491,4,0,13,3,1,2,10,1,3,8,7,7,7,True,False,False,True,False,False,False,False,False,False,True,False,False,True,False,False,True,False,False,493.54545454545456,0.7777777777777778,2.75,0,979,Research & Development,Laboratory Technician,0.0053721704,Low Risk
31,703,2,3,3,0,90,2,1,4,2785,11882,7,0,14,3,3,0,3,3,4,1,0,0,0,False,True,False,False,False,False,False,False,False,True,False,True,True,False,True,False,False,False,False,696.25,0.0,3.25,0,980,Sales,Sales Representative,0.9831004,High Risk
35,662,18,4,4,0,67,3,2,3,4614,23288,0,1,18,3,3,1,5,0,2,4,2,3,2,False,True,False,False,False,False,False,False,True,False,True,False,True,False,False,True,False,False,False,769.0,0.6,3.0,1,981,Sales,Sales Executive,0.9761587,High Risk
38,693,7,3,4,1,57,4,1,3,2610,15748,1,0,11,3,4,3,4,2,3,4,2,0,3,True,False,False,False,False,False,False,True,False,False,False,False,True,False,True,False,False,False,False,522.0,0.0,3.5,0,982,Research & Development,Research Scientist,0.0007492097,Low Risk
34,404,2,4,3,0,98,3,2,4,6687,6163,1,0,11,3,4,0,14,2,4,14,11,4,11,True,False,False,False,False,False,False,False,False,False,False,True,False,True,False,False,False,False,True,445.8,0.26666666666666666,3.5,0,983,Research & Development,Human Resources,0.0005619309,Low Risk
28,736,26,3,3,1,48,2,2,1,4724,24232,1,0,11,3,3,1,5,0,3,5,3,0,4,False,True,False,False,False,False,False,False,True,False,True,False,False,True,True,False,False,False,False,787.3333333333334,0.0,2.25,0,984,Sales,Sales Executive,0.004679472,Low Risk
31,330,22,4,4,1,98,3,2,3,6179,21057,1,1,15,3,4,2,10,3,2,10,2,6,7,True,False,False,False,False,True,False,False,False,False,True,False,False,True,False,False,True,False,False,561.7272727272727,0.5454545454545454,3.0,1,985,Research & Development,Manufacturing Director,0.015181055,Low Risk
39,1498,21,4,1,1,44,2,2,4,6120,3567,3,1,12,3,4,2,8,2,4,5,4,1,4,False,True,False,False,False,False,False,False,True,False,True,False,False,True,True,False,False,False,False,680.0,0.16666666666666666,2.75,0,986,Sales,Sales Executive,0.004083339,Low Risk
51,541,2,3,2,1,52,3,3,2,10596,15395,2,0,11,3,2,0,14,5,3,4,2,3,2,False,True,False,False,False,False,False,False,True,False,True,False,True,False,False,True,False,False,False,706.4,0.6,2.5,0,987,Sales,Sales Executive,0.30185452,Medium Risk
41,1200,22,3,4,0,75,3,2,4,5467,13953,3,1,14,3,1,2,12,4,2,6,2,3,3,True,False,False,False,False,False,False,True,False,False,False,False,True,False,True,False,False,False,False,420.53846153846155,0.42857142857142855,3.25,1,988,Research & Development,Research Scientist,0.00016619751,Low Risk
37,1439,4,1,3,1,54,3,1,3,2996,5182,7,1,15,3,4,0,8,2,3,6,4,1,3,True,False,False,False,False,False,False,True,False,False,True,False,False,True,True,False,False,False,False,332.8888888888889,0.14285714285714285,3.0,0,989,Research & Development,Research Scientist,0.0057830582,Low Risk
33,1111,5,1,2,1,61,3,2,4,9998,19293,6,0,13,3,1,0,8,2,4,5,4,1,2,False,True,False,False,False,False,False,False,True,False,True,False,True,False,True,False,False,False,False,1110.888888888889,0.16666666666666666,3.25,0,990,Sales,Sales Executive,0.0075687547,Low Risk
32,499,2,1,3,1,36,3,2,2,4078,20497,0,1,13,3,1,3,4,3,2,3,2,1,2,False,True,False,False,False,False,False,False,True,False,True,False,False,True,False,True,False,False,False,815.6,0.25,2.5,1,991,Sales,Sales Executive,0.01855508,Low Risk
39,1485,25,2,3,1,71,3,3,3,10920,3449,3,0,21,4,2,1,13,2,3,6,4,0,5,True,False,False,False,False,False,False,False,False,False,True,False,False,False,True,False,False,False,False,780.0,0.0,3.0,0,992,Research & Development,Human Resources,2.2575932e-05,Low Risk
25,1372,18,1,1,1,93,4,2,3,6232,12477,2,0,11,3,2,0,6,3,2,3,2,1,2,False,True,False,False,False,False,False,False,True,False,True,False,False,True,True,False,False,False,False,890.2857142857143,0.25,2.5,0,993,Sales,Sales Executive,0.0066908062,Low Risk
52,322,28,2,4,0,59,4,4,3,13247,9731,2,1,11,3,2,1,24,3,2,5,3,0,2,True,False,False,False,False,True,False,False,False,False,True,False,True,False,False,False,True,False,False,529.88,0.0,3.25,1,994,Research & Development,Manufacturing Director,0.0003464225,Low Risk
43,930,6,3,1,0,73,2,2,3,4081,20003,1,1,14,3,1,0,20,3,1,20,7,1,8,True,False,False,False,False,False,False,True,False,False,False,True,False,True,False,False,True,False,False,194.33333333333334,0.047619047619047616,1.75,1,995,Research & Development,Research Scientist,0.0036389157,Low Risk
27,205,10,3,4,0,98,2,2,4,5769,7100,1,1,11,3,4,0,6,3,3,6,2,4,4,False,True,False,False,False,False,False,False,True,False,True,False,False,True,False,True,False,False,False,824.1428571428571,0.5714285714285714,3.25,0,996,Sales,Sales Executive,0.012831756,Low Risk
27,135,17,4,4,0,51,3,1,3,2394,25681,1,1,13,3,4,0,8,2,3,8,2,7,7,True,False,False,False,False,False,False,True,False,False,False,True,False,True,True,False,False,False,False,266.0,0.7777777777777778,3.25,0,997,Research & Development,Research Scientist,0.9793114,High Risk
26,683,2,1,1,1,36,2,1,4,3904,4050,0,0,12,3,4,0,5,2,3,4,3,1,1,True,False,False,False,False,False,False,True,False,False,False,True,False,True,False,False,True,False,False,650.6666666666666,0.2,2.5,0,998,Research & Development,Research Scientist,0.00149958,Low Risk
42,1147,10,3,3,0,31,3,4,1,16799,16616,0,0,14,3,3,1,21,5,3,20,7,0,9,False,False,False,False,True,False,False,False,False,False,True,False,False,True,False,False,False,False,False,763.5909090909091,0.0,2.5,0,999,Research & Development,Manager,3.057629e-05,Low Risk
52,258,8,4,3,0,54,3,1,1,2950,17363,9,0,13,3,3,0,12,2,1,5,4,0,4,True,False,False,True,False,False,False,False,False,False,True,False,False,True,False,False,False,True,False,226.92307692307693,0.0,2.0,0,1000,Research & Development,Laboratory Technician,0.021450648,Low Risk
37,1462,11,3,1,0,94,3,1,3,3629,19106,4,0,18,3,1,0,8,6,3,3,2,0,2,True,False,False,True,False,False,False,False,False,False,False,True,False,True,False,False,True,False,False,403.22222222222223,0.0,2.5,0,1001,Research & Development,Laboratory Technician,0.015443377,Low Risk
35,200,18,2,3,1,60,3,3,4,9362,19944,2,0,11,3,3,0,10,2,3,2,2,2,2,True,False,False,False,False,True,False,False,False,False,False,True,True,False,True,False,False,False,False,851.0909090909091,0.6666666666666666,3.25,0,1002,Research & Development,Manufacturing Director,0.0016291769,Low Risk
25,949,1,3,1,1,81,3,1,4,3229,4910,4,0,11,3,2,1,7,2,2,3,2,0,2,True,False,False,True,False,False,False,False,False,False,True,False,False,True,False,False,False,False,True,403.625,0.0,2.5,0,1003,Research & Development,Laboratory Technician,0.018586641,Low Risk
26,652,7,3,3,1,100,4,1,1,3578,23577,0,0,12,3,4,0,8,2,3,7,7,0,7,True,False,False,True,False,False,False,False,False,False,False,True,False,True,False,False,False,True,False,397.55555555555554,0.0,2.75,0,1004,Research & Development,Laboratory Technician,0.0022622084,Low Risk
29,332,17,3,2,1,51,2,3,1,7988,9769,1,0,13,3,1,0,10,3,2,10,9,0,9,False,False,True,False,False,False,False,False,False,False,False,True,False,True,False,False,False,True,False,726.1818181818181,0.0,1.75,0,1005,Research & Development,Human Resources,0.013118314,Low Risk
49,1475,28,2,1,1,97,2,2,1,4284,22710,3,0,20,4,1,0,20,2,3,4,3,1,3,True,False,False,True,False,False,False,False,False,False,False,True,True,False,True,False,False,False,False,204.0,0.2,1.75,0,1006,Research & Development,Laboratory Technician,0.98614144,High Risk
29,337,14,1,3,0,84,3,3,4,7553,22930,0,1,12,3,1,0,9,1,3,8,7,7,7,True,False,False,False,False,False,False,False,False,False,False,True,True,False,False,False,False,True,False,755.3,0.7777777777777778,3.25,0,1007,Research & Development,Human Resources,0.9811786,High Risk
54,971,1,3,4,0,54,3,4,4,17328,5652,6,0,19,3,4,0,29,3,2,20,7,12,7,True,False,False,False,False,False,True,False,False,False,False,True,False,True,False,False,True,False,False,577.6,0.5714285714285714,3.25,0,1008,Research & Development,Research Director,0.0027027824,Low Risk
58,1055,1,3,4,0,76,3,5,1,19701,22456,3,1,21,4,3,1,32,3,3,9,8,1,5,True,False,False,False,False,False,True,False,False,False,True,False,False,True,False,False,True,False,False,597.0,0.1,2.75,0,1009,Research & Development,Research Director,8.8876266e-05,Low Risk
55,1136,1,4,2,1,81,4,4,4,14732,12414,2,0,13,3,4,2,31,4,4,7,7,0,0,True,False,False,False,False,False,True,False,False,False,False,False,False,True,False,False,True,False,False,460.375,0.0,3.5,0,1010,Research & Development,Research Director,2.1024982e-05,Low Risk
36,1174,3,4,1,0,99,3,2,2,9278,20763,3,1,16,3,4,0,15,3,3,5,4,0,1,False,True,False,False,False,False,False,False,True,False,False,True,False,True,False,True,False,False,False,579.875,0.0,2.25,0,1011,Sales,Sales Executive,0.004922286,Low Risk
31,667,1,4,2,0,50,1,1,3,1359,16154,1,0,12,3,2,0,1,3,3,1,0,0,0,False,True,False,False,False,False,False,False,False,True,False,True,True,False,True,False,False,False,False,679.5,0.0,2.25,0,1012,Sales,Sales Representative,0.99960667,High Risk
30,855,7,4,4,0,73,3,2,1,4779,12761,7,0,14,3,2,2,8,3,3,3,2,0,2,False,True,False,False,False,False,False,False,True,False,False,False,False,True,False,True,False,False,False,531.0,0.0,2.75,0,1013,Sales,Sales Executive,0.0009541942,Low Risk
31,182,8,5,1,0,93,3,4,2,16422,8847,3,0,11,3,3,0,9,3,4,3,2,1,0,True,False,False,False,False,False,True,False,False,False,False,True,False,True,True,False,False,False,False,1642.2,0.25,2.5,0,1014,Research & Development,Research Director,0.003927456,Low Risk
34,560,1,4,4,1,91,3,1,1,2996,20284,5,0,14,3,3,2,10,2,3,4,3,1,3,True,False,False,False,False,False,False,True,False,False,False,False,True,False,False,False,False,True,False,272.3636363636364,0.2,2.75,0,1015,Research & Development,Research Scientist,0.006225114,Low Risk
31,202,8,3,1,0,34,2,1,2,1261,22262,1,0,12,3,3,0,1,3,4,1,0,0,0,True,False,False,False,False,False,False,True,False,False,False,True,False,True,True,False,False,False,False,630.5,0.0,2.25,0,1016,Research & Development,Research Scientist,0.9839933,High Risk
27,1377,11,1,2,1,91,3,1,1,2099,7679,0,0,14,3,2,0,6,3,4,5,0,1,4,True,False,False,True,False,False,False,False,False,False,True,False,False,True,True,False,False,False,False,299.85714285714283,0.16666666666666666,2.5,0,1017,Research & Development,Laboratory Technician,0.006477324,Low Risk
36,172,4,4,1,1,37,2,2,4,5810,22604,1,0,16,3,3,0,10,2,2,10,4,1,8,True,False,False,True,False,False,False,False,False,False,False,True,False,True,True,False,False,False,False,528.1818181818181,0.09090909090909091,2.25,0,1018,Research & Development,Laboratory Technician,0.0039625545,Low Risk
36,329,16,4,3,0,98,2,2,1,5647,13494,4,0,13,3,1,2,11,3,2,3,2,0,2,False,True,False,False,False,False,False,False,True,False,True,False,False,True,False,True,False,False,False,470.5833333333333,0.0,2.0,0,1019,Sales,Sales Executive,0.002558251,Low Risk
47,465,1,3,1,1,74,3,1,4,3420,10205,7,0,12,3,3,1,17,2,2,6,5,1,2,True,False,False,False,False,False,False,True,False,False,True,False,False,True,False,False,False,False,True,190.0,0.14285714285714285,2.5,0,1020,Research & Development,Research Scientist,0.00038394568,Low Risk
25,383,9,2,1,1,68,2,1,1,4400,15182,3,0,12,3,1,0,6,2,3,3,2,2,2,False,True,False,False,False,False,False,False,False,True,True,False,False,True,True,False,False,False,False,628.5714285714286,0.5,1.75,0,1021,Sales,Sales Representative,0.69896036,High Risk
37,1413,5,2,3,1,84,4,1,3,3500,25470,0,0,14,3,1,0,7,2,1,6,5,1,3,True,False,False,True,False,False,False,False,False,False,False,True,False,False,False,False,False,False,True,437.5,0.14285714285714285,2.75,0,1022,Research & Development,Laboratory Technician,0.007221289,Low Risk
56,1255,1,2,1,0,90,3,1,1,2066,10494,2,0,22,4,4,1,5,3,4,3,2,1,0,True,False,False,False,False,False,False,True,False,False,True,False,False,True,True,False,False,False,False,344.3333333333333,0.25,2.25,0,1023,Research & Development,Research Scientist,0.0048978673,Low Risk
47,359,2,4,1,0,82,3,4,3,17169,26703,3,0,19,3,2,2,26,2,4,20,17,5,6,True,False,False,False,False,False,True,False,False,False,True,False,False,True,False,False,True,False,False,635.8888888888889,0.23809523809523808,2.75,0,1024,Research & Development,Research Director,0.002522397,Low Risk
24,1476,4,1,4,0,42,3,2,3,4162,15211,1,1,12,3,3,2,5,3,3,5,4,0,3,False,True,False,False,False,False,False,False,True,False,True,False,False,True,False,False,True,False,False,693.6666666666666,0.0,3.25,0,1025,Sales,Sales Executive,0.00090052903,Low Risk
32,601,7,5,4,1,97,3,2,4,9204,23343,4,0,12,3,3,1,7,3,2,4,3,0,3,False,True,False,False,False,False,False,False,True,False,True,False,False,True,False,True,False,False,False,1150.5,0.0,3.25,0,1026,Sales,Sales Executive,0.0024028658,Low Risk
34,401,1,3,4,0,86,2,1,2,3294,3708,5,0,17,3,1,1,7,2,2,5,4,0,2,True,False,False,True,False,False,False,False,False,False,True,False,False,True,True,False,False,False,False,411.75,0.0,2.5,0,1027,Research & Development,Laboratory Technician,0.0005872183,Low Risk
41,1283,5,5,2,1,90,4,1,3,2127,5561,2,1,12,3,1,0,7,5,2,4,2,0,3,True,False,False,False,False,False,False,True,False,False,True,False,False,True,False,False,True,False,False,265.875,0.0,2.75,1,1028,Research & Development,Research Scientist,0.63112897,High Risk
40,663,9,4,3,1,81,3,2,3,3975,23099,3,0,11,3,3,2,11,2,4,8,7,0,7,True,False,False,True,False,False,False,False,False,False,False,False,False,False,False,False,False,True,False,331.25,0.0,3.25,0,1029,Research & Development,Laboratory Technician,9.856505e-05,Low Risk
31,326,8,2,1,1,31,3,3,4,10793,8386,1,0,18,3,1,1,13,5,3,13,7,9,9,False,True,False,False,False,False,False,False,True,False,False,False,False,True,True,False,False,False,False,770.9285714285714,0.6428571428571429,2.75,0,1030,Sales,Sales Executive,0.008877579,Low Risk
46,377,9,3,1,1,52,3,3,4,10096,15986,4,0,11,3,1,1,28,1,4,7,7,4,3,False,True,False,False,False,False,False,False,True,False,False,False,False,True,False,True,False,False,False,348.13793103448273,0.5,3.0,0,1031,Sales,Sales Executive,0.97495586,High Risk
39,592,2,3,1,0,54,2,1,1,3646,17181,2,1,23,4,2,0,11,2,4,1,0,0,0,True,False,False,True,False,False,False,False,False,False,False,True,False,False,True,False,False,False,False,303.8333333333333,0.0,2.0,0,1032,Research & Development,Laboratory Technician,0.9994742,High Risk
31,1445,1,5,3,0,100,4,3,2,7446,8931,1,0,11,3,1,0,10,2,3,10,8,4,7,True,False,False,False,False,True,False,False,False,False,False,True,True,False,True,False,False,False,False,676.9090909090909,0.36363636363636365,3.0,0,1033,Research & Development,Manufacturing Director,0.9665668,High Risk
45,1038,20,3,2,1,95,1,3,1,10851,19863,2,1,18,3,2,1,24,2,3,7,7,0,7,True,False,False,False,False,False,False,False,False,False,False,False,False,True,False,False,True,False,False,434.04,0.0,1.75,0,1034,Research & Development,Human Resources,0.0034564522,Low Risk
31,1398,8,2,4,0,96,4,1,2,2109,24609,9,0,18,3,4,0,8,3,3,3,2,0,2,False,False,True,False,False,False,False,False,False,False,False,True,False,True,False,False,True,False,False,234.33333333333334,0.0,3.25,0,1035,Research & Development,Human Resources,0.0040929182,Low Risk
31,523,2,3,2,1,94,3,1,4,3722,21081,6,1,13,3,3,1,7,2,1,2,2,2,2,True,False,False,True,False,False,False,False,False,False,True,False,True,False,True,False,False,False,False,465.25,0.6666666666666666,2.5,1,1036,Research & Development,Laboratory Technician,0.990012,High Risk
45,1448,29,3,2,1,55,3,3,4,9380,14720,4,1,18,3,4,2,10,4,4,3,1,1,2,True,False,False,False,False,True,False,False,False,False,True,False,False,True,False,False,False,False,True,852.7272727272727,0.25,3.25,0,1037,Research & Development,Manufacturing Director,0.005358816,Low Risk
48,1221,7,3,3,1,96,3,2,1,5486,24795,4,0,11,3,1,3,15,3,3,2,2,2,2,False,True,False,False,False,False,False,False,True,False,False,False,False,True,False,True,False,False,False,342.875,0.6666666666666666,2.5,0,1038,Sales,Sales Executive,0.00050979026,Low Risk
34,1107,9,4,1,0,52,3,1,3,2742,3072,1,0,15,3,4,0,2,0,3,2,2,2,2,False,False,True,False,False,False,False,False,False,False,True,False,False,True,False,False,False,False,True,914.0,0.6666666666666666,2.5,0,1039,Research & Development,Human Resources,0.96939385,High Risk
40,218,8,1,4,1,55,2,3,2,13757,25178,2,0,11,3,3,1,16,5,3,9,8,4,8,True,False,False,False,False,False,True,False,False,False,False,False,False,False,False,False,True,False,False,809.2352941176471,0.4,2.75,0,1040,Research & Development,Research Director,0.0016325479,Low Risk
28,866,5,3,4,1,84,3,2,1,8463,23490,0,0,18,3,4,0,6,4,3,5,4,1,3,False,True,False,False,False,False,False,False,True,False,False,True,False,True,False,False,True,False,False,1209.0,0.16666666666666666,2.75,0,1041,Sales,Sales Executive,0.0012000564,Low Risk
44,981,5,3,3,1,90,2,1,3,3162,7973,3,0,14,3,4,0,7,5,3,5,2,0,3,True,False,False,True,False,False,False,False,False,False,False,True,False,False,True,False,False,False,False,395.25,0.0,2.75,0,1042,Research & Development,Laboratory Technician,0.0014599139,Low Risk
53,447,2,3,4,1,39,4,4,2,16598,19764,4,0,12,3,2,0,35,2,2,9,8,8,8,True,False,False,False,False,False,True,False,False,False,False,True,False,True,False,False,True,False,False,461.05555555555554,0.8,3.0,0,1043,Research & Development,Research Director,0.0018263977,Low Risk
49,1495,5,4,1,1,96,3,2,3,6651,21534,2,0,14,3,2,1,20,0,2,3,2,1,2,True,False,False,False,False,False,False,False,False,False,True,False,False,True,False,False,False,False,True,316.7142857142857,0.25,2.25,0,1044,Research & Development,Human Resources,2.3183144e-05,Low Risk
40,896,2,3,3,1,68,3,1,3,2345,8045,2,0,14,3,3,1,8,3,4,3,1,1,2,True,False,False,False,False,False,False,True,False,False,False,False,False,True,False,False,True,False,False,260.55555555555554,0.25,3.25,0,1045,Research & Development,Research Scientist,7.94298e-05,Low Risk
44,1467,20,3,4,1,49,3,1,2,3420,21158,1,0,13,3,3,0,6,3,2,5,2,1,3,True,False,False,False,False,False,False,True,False,False,False,True,False,True,True,False,False,False,False,488.57142857142856,0.16666666666666666,2.75,0,1046,Research & Development,Research Scientist,0.0011910945,Low Risk
33,430,7,3,4,1,54,3,2,1,4373,17456,0,0,14,3,1,2,5,2,3,4,3,0,3,False,True,False,False,False,False,False,False,True,False,True,False,True,False,False,False,True,False,False,728.8333333333334,0.0,2.75,0,1047,Sales,Sales Executive,0.016959311,Low Risk
34,1326,3,3,4,1,81,1,2,1,4759,15891,3,0,18,3,4,0,15,2,3,13,9,3,12,False,True,False,False,False,False,False,False,True,False,False,True,False,True,False,False,False,True,False,297.4375,0.21428571428571427,2.25,0,1048,Sales,Sales Executive,0.008865404,Low Risk
30,1358,16,1,4,1,96,3,2,3,5301,2939,8,0,15,3,3,2,4,2,2,2,1,2,2,False,True,False,False,False,False,False,False,True,False,True,False,False,True,True,False,False,False,False,1060.2,0.6666666666666666,3.0,0,1049,Sales,Sales Executive,0.0021508776,Low Risk
42,748,9,2,1,0,74,3,1,4,3673,16458,1,0,13,3,3,0,12,3,3,12,9,5,8,True,False,False,True,False,False,False,False,False,False,False,True,True,False,False,False,True,False,False,282.53846153846155,0.38461538461538464,2.75,0,1050,Research & Development,Laboratory Technician,0.0033381996,Low Risk
44,383,1,5,1,0,79,3,2,3,4768,9282,7,0,12,3,3,1,11,4,2,1,0,0,0,False,True,False,False,False,False,False,False,True,False,True,False,True,False,False,True,False,False,False,397.3333333333333,0.0,2.25,0,1051,Sales,Sales Executive,0.007637608,Low Risk
30,990,7,3,3,1,64,3,1,3,1274,7152,1,0,13,3,2,2,1,2,2,1,0,0,0,True,False,False,False,False,False,False,True,False,False,False,False,False,False,False,False,False,False,True,637.0,0.0,2.75,0,1052,Research & Development,Research Scientist,0.0036504674,Low Risk
57,405,1,2,2,1,93,4,2,3,4900,2721,0,0,24,4,1,1,13,2,2,12,9,2,8,True,False,False,False,False,False,False,True,False,False,True,False,False,True,True,False,False,False,False,350.0,0.15384615384615385,2.75,0,1053,Research & Development,Research Scientist,0.00028278716,Low Risk
49,1490,7,4,3,1,35,3,3,2,10466,20948,3,0,14,3,2,2,29,3,3,8,7,0,7,True,False,False,False,False,False,False,False,False,False,False,False,False,True,True,False,False,False,False,348.8666666666667,0.0,2.75,0,1054,Research & Development,Human Resources,8.864944e-06,Low Risk
34,829,15,3,2,1,71,3,4,1,17007,11929,7,0,14,3,4,2,16,3,2,14,8,6,9,True,False,False,False,False,False,True,False,False,False,False,False,True,False,False,False,True,False,False,1000.4117647058823,0.4,2.0,0,1055,Research & Development,Research Director,0.022134062,Low Risk
28,1496,1,3,1,1,92,3,1,3,2909,15747,3,0,15,3,4,1,5,3,4,3,2,1,2,False,True,False,False,False,False,False,False,False,True,True,False,True,False,False,False,False,False,True,484.8333333333333,0.25,2.75,0,1056,Sales,Sales Representative,0.97965264,High Risk
29,115,13,3,1,0,51,3,2,2,5765,17485,5,0,11,3,1,0,7,4,1,5,3,0,0,False,True,False,False,False,False,False,False,True,False,False,True,True,False,False,False,False,False,True,720.625,0.0,1.75,0,1057,Sales,Sales Executive,0.9986725,High Risk
34,790,24,4,1,0,40,2,2,2,4599,7815,0,1,23,4,3,0,16,2,4,15,9,10,10,False,True,False,False,False,False,False,False,True,False,False,True,False,True,False,False,True,False,False,270.52941176470586,0.625,2.25,0,1058,Sales,Sales Executive,0.98641586,High Risk
35,660,7,1,4,1,76,3,1,3,2404,16192,1,0,13,3,1,1,1,3,3,1,0,0,0,False,True,False,False,False,False,False,False,False,True,True,False,False,True,True,False,False,False,False,1202.0,0.0,3.25,0,1059,Sales,Sales Representative,0.009561435,Low Risk
24,381,9,3,2,1,89,3,1,1,3172,16998,2,1,11,3,3,0,4,2,2,0,0,0,0,True,False,False,True,False,False,False,False,False,False,False,True,True,False,False,False,True,False,False,634.4,0.0,2.0,1,1060,Research & Development,Laboratory Technician,0.9998473,High Risk
24,830,13,2,4,0,78,3,1,2,2033,7103,1,0,13,3,3,1,1,2,3,1,0,0,0,False,True,False,False,False,False,False,False,False,True,True,False,False,False,True,False,False,False,False,1016.5,0.0,3.0,0,1061,Sales,Sales Representative,0.13173032,Low Risk
44,1193,2,1,2,1,86,3,3,3,10209,19719,5,1,18,3,2,0,16,2,2,2,2,2,2,True,False,False,False,False,True,False,False,False,False,False,True,True,False,False,False,True,False,False,600.5294117647059,0.6666666666666666,2.5,1,1062,Research & Development,Manufacturing Director,0.019491235,Low Risk
29,1246,19,3,3,1,77,2,2,3,8620,23757,1,0,14,3,3,2,10,3,3,10,7,0,4,False,True,False,False,False,False,False,False,True,False,False,False,False,True,True,False,False,False,False,783.6363636363636,0.0,2.75,0,1063,Sales,Sales Executive,4.5270506e-05,Low Risk
30,330,1,3,3,1,46,3,1,3,2064,15428,0,0,21,4,1,1,6,3,4,5,3,1,3,False,False,True,False,False,False,False,False,False,False,False,False,False,True,True,False,False,False,False,294.85714285714283,0.16666666666666666,3.25,0,1064,Research & Development,Human Resources,0.00019909882,Low Risk
55,1229,4,4,4,1,30,3,2,3,4035,16143,0,1,16,3,2,0,4,2,3,3,2,1,2,True,False,False,False,False,False,False,False,False,False,True,False,False,True,True,False,False,False,False,807.0,0.25,3.25,0,1065,Research & Development,Human Resources,0.004004009,Low Risk
33,1099,4,4,1,0,82,2,1,2,3838,8192,8,0,11,3,4,0,8,5,3,5,4,0,2,True,False,False,True,False,False,False,False,False,False,True,False,False,True,False,False,True,False,False,426.44444444444446,0.0,2.0,0,1066,Research & Development,Laboratory Technician,0.004320052,Low Risk
47,571,14,3,3,0,78,3,2,3,4591,24200,3,1,17,3,3,1,11,4,2,5,4,1,2,False,True,False,False,False,False,False,False,True,False,True,False,False,True,False,False,True,False,False,382.5833333333333,0.16666666666666666,2.75,1,1067,Sales,Sales Executive,0.00091518427,Low Risk
28,289,2,2,3,1,38,2,1,1,2561,5355,7,0,11,3,3,0,8,2,2,0,0,0,0,True,False,False,True,False,False,False,False,False,False,False,True,True,False,False,False,True,False,False,284.55555555555554,0.0,2.0,0,1068,Research & Development,Laboratory Technician,0.99406177,High Risk
28,1423,1,3,1,1,72,2,1,3,1563,12530,1,0,14,3,4,1,1,2,1,1,0,0,0,True,False,False,False,False,False,False,True,False,False,False,False,False,True,True,False,False,False,False,781.5,0.0,1.75,0,1069,Research & Development,Research Scientist,0.0059434236,Low Risk
28,467,7,3,3,1,55,3,2,1,4898,11827,0,0,14,3,4,0,5,5,3,4,2,1,3,False,True,False,False,False,False,False,False,True,False,False,True,True,False,True,False,False,False,False,816.3333333333334,0.2,2.5,0,1070,Sales,Sales Executive,0.0052013625,Low Risk
49,271,3,2,3,0,43,2,2,1,4789,23070,4,0,25,4,1,1,10,3,3,3,2,1,2,True,False,False,True,False,False,False,False,False,False,True,False,False,True,False,False,True,False,False,435.3636363636364,0.25,2.25,0,1071,Research & Development,Laboratory Technician,0.00031240965,Low Risk
29,410,2,1,4,0,97,3,1,2,3180,4668,0,0,13,3,3,3,4,3,3,3,2,0,2,True,False,False,True,False,False,False,False,False,False,True,False,True,False,True,False,False,False,False,636.0,0.0,3.0,0,1072,Research & Development,Laboratory Technician,0.004699724,Low Risk
28,1083,29,1,3,1,96,1,2,2,6549,3173,1,0,14,3,2,2,8,2,2,8,6,1,7,True,False,False,False,False,True,False,False,False,False,True,False,False,True,True,False,False,False,False,727.6666666666666,0.1111111111111111,2.0,0,1073,Research & Development,Manufacturing Director,0.00081019936,Low Risk
33,516,8,5,4,1,69,3,2,3,6388,22049,2,1,17,3,1,0,14,6,3,0,0,0,0,True,False,False,False,False,False,False,False,False,False,False,True,False,True,True,False,False,False,False,425.8666666666667,0.0,3.25,0,1074,Research & Development,Human Resources,0.02032153,Low Risk
32,495,10,3,3,1,64,3,3,4,11244,21072,2,0,25,4,2,0,10,5,4,5,2,0,0,True,False,False,False,True,False,False,False,False,False,False,True,False,True,False,False,True,False,False,1022.1818181818181,0.0,3.5,0,1075,Research & Development,Manager,0.00043036565,Low Risk
54,1050,11,4,2,0,87,3,4,4,16032,24456,3,0,20,4,1,1,26,2,3,14,9,1,12,True,False,False,False,True,False,False,False,False,False,False,False,True,False,False,False,True,False,False,593.7777777777778,0.06666666666666667,3.0,0,1076,Research & Development,Manager,6.9790665e-05,Low Risk
29,224,1,4,1,1,100,2,1,1,2362,7568,6,0,13,3,3,0,11,2,1,9,7,0,7,True,False,False,False,False,False,False,True,False,False,False,True,False,True,False,False,False,False,True,196.83333333333334,0.0,1.25,0,1077,Research & Development,Research Scientist,0.98363435,High Risk
44,136,28,3,4,1,32,3,4,1,16328,22074,3,0,13,3,3,1,24,1,4,20,6,14,17,True,False,False,False,False,False,True,False,False,False,True,False,False,True,True,False,False,False,False,653.12,0.6666666666666666,3.0,0,1078,Research & Development,Research Director,0.0053740563,Low Risk
39,1089,6,3,2,0,32,3,3,2,8376,9150,4,0,18,3,4,0,9,3,3,2,0,2,2,True,False,False,False,False,True,False,False,False,False,False,True,False,True,True,False,False,False,False,837.6,0.6666666666666666,2.5,0,1079,Research & Development,Manufacturing Director,0.00033324095,Low Risk
46,228,3,3,3,0,51,3,4,2,16606,11380,8,0,12,3,4,1,23,2,4,13,12,5,1,False,True,False,False,True,False,False,False,False,False,True,False,False,True,True,False,False,False,False,691.9166666666666,0.35714285714285715,3.0,0,1080,Sales,Manager,0.0058016824,Low Risk
35,1029,16,3,4,0,91,2,3,2,8606,21195,1,0,19,3,4,0,11,3,1,11,8,3,3,True,False,False,False,False,False,False,False,False,False,False,True,False,True,True,False,False,False,False,717.1666666666666,0.25,2.25,0,1081,Research & Development,Human Resources,0.0033167547,Low Risk
23,507,20,1,1,1,97,3,2,3,2272,24812,0,0,14,3,2,0,5,2,3,4,3,1,2,True,False,False,True,False,False,False,False,False,False,False,True,False,True,True,False,False,False,False,378.6666666666667,0.2,2.5,0,1082,Research & Development,Laboratory Technician,0.0022454294,Low Risk
40,676,9,4,4,1,86,3,1,1,2018,21831,3,0,14,3,2,0,15,3,1,5,4,1,0,True,False,False,True,False,False,False,False,False,False,False,True,False,True,True,False,False,False,False,126.125,0.16666666666666666,2.25,0,1083,Research & Development,Laboratory Technician,0.98982996,High Risk
34,971,1,3,4,1,64,2,3,3,7083,12288,1,1,14,3,4,0,10,3,3,10,9,8,6,False,True,False,False,False,False,False,False,True,False,True,False,False,True,False,False,False,False,True,643.9090909090909,0.7272727272727273,3.0,0,1084,Sales,Sales Executive,0.0074414136,Low Risk
31,561,3,3,4,0,33,3,1,3,4084,4156,1,0,12,3,1,0,7,2,1,7,2,7,7,True,False,False,False,False,False,False,True,False,False,False,True,True,False,True,False,False,False,False,510.5,0.875,2.75,0,1085,Research & Development,Research Scientist,0.9830057,High Risk
50,333,22,5,3,1,88,1,4,4,14411,24450,1,1,13,3,4,0,32,2,3,32,6,13,9,True,False,False,False,False,False,True,False,False,False,False,True,True,False,False,False,True,False,False,436.6969696969697,0.3939393939393939,2.75,0,1086,Research & Development,Research Director,0.011581069,Low Risk
34,1440,7,2,2,1,55,3,1,3,2308,4944,0,1,25,4,2,1,12,4,3,11,10,5,7,False,True,False,False,False,False,False,False,False,True,True,False,False,True,False,False,False,False,True,177.53846153846155,0.4166666666666667,2.75,0,1087,Sales,Sales Representative,0.011826181,Low Risk
42,1210,2,3,3,1,68,2,1,2,4841,24052,4,0,14,3,2,1,4,3,3,1,0,0,0,True,False,False,True,False,False,False,False,False,False,True,False,False,True,False,False,True,False,False,968.2,0.0,2.5,0,1088,Research & Development,Laboratory Technician,0.00046780516,Low Risk
37,674,13,3,1,1,47,3,2,4,4285,3031,1,0,17,3,1,0,10,2,3,10,8,3,7,True,False,False,False,False,False,False,True,False,False,True,False,False,True,False,False,True,False,False,389.54545454545456,0.2727272727272727,2.75,0,1089,Research & Development,Research Scientist,0.008902476,Low Risk
29,441,8,1,3,0,39,1,2,1,9715,7288,3,0,13,3,3,1,9,3,3,7,7,0,7,True,False,False,False,False,False,False,False,False,False,True,False,False,True,False,False,False,True,False,971.5,0.0,2.0,0,1090,Research & Development,Human Resources,0.0011703394,Low Risk
33,575,25,3,4,1,44,2,2,2,4320,24152,1,0,13,3,4,0,5,2,3,5,3,0,2,True,False,False,False,False,True,False,False,False,False,False,True,False,True,True,False,False,False,False,720.0,0.0,2.75,0,1091,Research & Development,Manufacturing Director,0.0001741588,Low Risk
45,950,28,3,4,1,97,3,1,4,2132,4585,4,0,20,4,4,1,8,3,3,5,4,0,3,True,False,False,False,False,False,False,True,False,False,True,False,False,True,False,False,False,False,True,236.88888888888889,0.0,3.5,0,1092,Research & Development,Research Scientist,8.2215294e-05,Low Risk
42,288,2,3,4,1,40,3,3,4,10124,18611,2,1,14,3,3,1,24,3,1,20,8,13,9,True,False,False,False,False,False,False,False,False,False,True,False,True,False,True,False,False,False,False,404.96,0.6190476190476191,3.0,1,1093,Research & Development,Human Resources,0.0018561691,Low Risk
40,1342,9,2,1,1,47,3,2,1,5473,19345,0,0,12,3,4,0,9,5,4,8,4,7,1,False,True,False,False,False,False,False,False,True,False,True,False,False,True,False,False,True,False,False,547.3,0.7777777777777778,2.25,0,1094,Sales,Sales Executive,0.0027784545,Low Risk
33,589,28,4,2,1,79,3,2,3,5207,22949,1,1,12,3,2,1,15,3,3,15,14,5,7,True,False,False,True,False,False,False,False,False,False,True,False,False,True,True,False,False,False,False,325.4375,0.3125,2.75,0,1095,Research & Development,Laboratory Technician,0.004681716,Low Risk
40,898,6,2,3,1,38,3,4,4,16437,17381,1,1,21,4,4,0,21,2,3,21,7,7,7,False,False,False,False,True,False,False,False,False,False,False,True,False,True,False,False,True,False,False,747.1363636363636,0.3181818181818182,3.25,0,1096,Research & Development,Manager,0.0044538565,Low Risk
24,350,21,2,3,1,57,2,1,1,2296,10036,0,0,14,3,2,3,2,3,3,1,1,0,0,True,False,False,True,False,False,False,False,False,False,False,False,False,True,False,False,False,False,True,765.3333333333334,0.0,2.25,0,1097,Research & Development,Laboratory Technician,0.036849033,Low Risk
40,1142,8,2,4,1,72,3,2,4,4069,8841,3,1,18,3,3,0,8,2,3,2,2,2,2,True,False,False,False,False,False,False,False,False,False,False,False,False,False,True,False,False,False,False,452.1111111111111,0.6666666666666666,3.5,0,1098,Research & Development,Human Resources,9.509201e-05,Low Risk
45,538,1,4,1,1,66,3,3,2,7441,20933,1,0,12,3,1,3,10,4,3,10,8,7,7,True,False,False,False,False,False,False,False,False,False,False,False,False,True,False,False,False,False,True,676.4545454545455,0.6363636363636364,2.25,0,1099,Research & Development,Human Resources,0.0008216457,Low Risk
35,1402,28,4,2,0,98,2,1,3,2430,26204,0,0,23,4,1,2,6,5,3,5,3,4,2,False,True,False,False,False,False,False,False,False,True,True,False,False,True,True,False,False,False,False,347.14285714285717,0.6666666666666666,2.5,0,1100,Sales,Sales Representative,0.00022078311,Low Risk
32,824,5,2,4,0,67,2,2,2,5878,15624,3,0,12,3,1,1,12,2,3,7,1,2,5,True,False,False,False,False,False,False,True,False,False,True,False,False,True,True,False,False,False,False,452.15384615384613,0.25,2.75,0,1101,Research & Development,Research Scientist,0.00015177231,Low Risk
36,1157,2,4,3,1,70,3,1,4,2644,17001,3,1,21,4,4,0,7,3,2,3,2,1,2,False,True,False,False,False,False,False,False,False,True,False,True,False,True,True,False,False,False,False,330.5,0.25,3.0,1,1102,Sales,Sales Representative,0.015014931,Low Risk
48,492,16,4,3,0,96,3,2,3,6439,13693,8,0,14,3,3,1,18,2,3,8,7,7,7,False,True,False,False,False,False,False,False,True,False,False,False,False,True,True,False,False,False,False,338.89473684210526,0.7777777777777778,3.0,0,1103,Sales,Sales Executive,0.00031760568,Low Risk
29,598,9,3,3,1,91,4,1,3,2451,22376,6,0,18,3,1,2,5,2,2,1,0,0,0,True,False,False,False,False,False,False,True,False,False,True,False,False,True,True,False,False,False,False,408.5,0.0,3.0,0,1104,Research & Development,Research Scientist,0.005796329,Low Risk
33,1242,8,4,1,1,46,3,2,1,6392,10589,2,0,13,3,4,1,8,6,1,2,2,2,2,False,True,False,False,False,False,False,False,True,False,True,False,False,True,True,False,False,False,False,710.2222222222222,0.6666666666666666,1.5,0,1105,Sales,Sales Executive,0.0025947653,Low Risk
30,740,1,3,2,1,64,2,2,1,9714,5323,1,0,11,3,4,1,10,4,3,10,8,6,7,False,True,False,False,False,False,False,False,True,False,True,False,False,True,True,False,False,False,False,883.0909090909091,0.5454545454545454,2.0,0,1106,Sales,Sales Executive,0.97291225,High Risk
38,888,10,4,3,1,71,3,2,3,6077,14814,3,0,11,3,3,0,10,2,3,6,3,1,2,False,False,True,False,False,False,False,False,False,False,True,False,True,False,False,False,False,False,False,552.4545454545455,0.14285714285714285,3.0,0,1107,Research & Development,Human Resources,0.0031993326,Low Risk
35,992,1,3,4,1,68,2,1,1,2450,21731,1,0,19,3,2,0,3,3,3,3,0,1,2,True,False,False,True,False,False,False,False,False,False,False,True,False,True,False,False,True,False,False,612.5,0.25,2.5,0,1108,Research & Development,Laboratory Technician,0.0008780675,Low Risk
30,1288,29,4,3,1,33,3,3,2,9250,17799,3,0,12,3,2,1,9,3,3,4,2,1,3,False,True,False,False,False,False,False,False,True,False,True,False,False,True,False,False,False,False,True,925.0,0.2,2.75,0,1109,Sales,Sales Executive,0.0034810132,Low Risk
35,104,2,3,1,0,69,3,1,1,2074,26619,1,1,12,3,4,1,1,2,3,1,0,0,0,True,False,False,True,False,False,False,False,False,False,False,False,False,True,True,False,False,False,False,1037.0,0.0,2.0,0,1110,Research & Development,Laboratory Technician,0.9968533,High Risk
53,607,2,5,3,0,78,2,3,4,10169,14618,0,0,16,3,2,1,34,4,3,33,7,1,9,True,False,False,False,False,True,False,False,False,False,True,False,False,True,False,False,False,False,True,290.54285714285714,0.029411764705882353,3.0,0,1111,Research & Development,Manufacturing Director,0.00060905825,Low Risk
38,903,2,3,3,1,81,3,2,2,4855,7653,4,0,11,3,1,2,7,2,3,5,2,1,4,True,False,False,False,False,True,False,False,False,False,True,False,False,True,False,False,True,False,False,606.875,0.16666666666666666,2.75,0,1112,Research & Development,Manufacturing Director,0.9646904,High Risk
32,1200,1,4,4,1,62,3,2,1,4087,25174,4,0,14,3,2,1,9,3,2,6,5,1,2,True,False,False,False,False,False,False,True,False,False,True,False,False,False,False,False,False,False,True,408.7,0.14285714285714285,2.5,0,1113,Research & Development,Research Scientist,8.061168e-06,Low Risk
48,1108,15,4,3,0,65,3,1,1,2367,16530,8,0,12,3,4,1,10,3,2,8,2,7,6,True,False,False,False,False,False,False,True,False,False,True,False,False,True,False,False,False,True,False,215.1818181818182,0.7777777777777778,2.25,0,1114,Research & Development,Research Scientist,0.008901426,Low Risk
34,479,7,4,1,1,35,3,1,4,2972,22061,1,0,13,3,3,0,1,4,1,1,0,0,0,True,False,False,False,False,False,False,True,False,False,False,True,False,True,False,False,True,False,False,1486.0,0.0,2.25,0,1115,Research & Development,Research Scientist,0.01495007,Low Risk
55,685,26,5,3,1,60,2,5,4,19586,23037,1,0,21,4,3,1,36,3,3,36,6,2,13,False,True,False,False,True,False,False,False,False,False,True,False,False,True,False,True,False,False,False,529.3513513513514,0.05405405405405406,3.0,0,1116,Sales,Manager,0.0011121146,Low Risk
34,1351,1,4,2,1,45,3,2,4,5484,13008,9,0,17,3,2,1,9,3,2,2,2,2,1,True,False,False,False,False,False,False,True,False,False,True,False,False,True,True,False,False,False,False,548.4,0.6666666666666666,2.75,0,1117,Research & Development,Research Scientist,0.00048417135,Low Risk
26,474,3,3,1,0,89,3,1,4,2061,11133,1,0,21,4,1,0,1,5,3,1,0,0,0,True,False,False,False,False,False,False,True,False,False,True,False,False,True,True,False,False,False,False,1030.5,0.0,2.75,0,1118,Research & Development,Research Scientist,0.08345696,Low Risk
38,1245,14,3,3,1,80,3,2,2,9924,12355,0,0,11,3,4,1,10,3,3,9,8,7,7,False,True,False,False,False,False,False,False,True,False,True,False,False,True,True,False,False,False,False,902.1818181818181,0.7,2.75,0,1119,Sales,Sales Executive,0.00373982,Low Risk
38,437,16,3,2,0,90,3,2,2,4198,16379,2,0,12,3,2,0,8,5,4,3,2,1,2,False,True,False,False,False,False,False,False,True,False,False,True,False,True,True,False,False,False,False,466.44444444444446,0.25,2.75,0,1120,Sales,Sales Executive,0.0014020363,Low Risk
36,884,1,4,2,0,73,3,2,3,6815,21447,6,0,13,3,1,0,15,5,3,1,0,0,0,False,True,False,False,False,False,False,False,True,False,False,True,False,True,True,False,False,False,False,425.9375,0.0,2.75,0,1121,Sales,Sales Executive,0.0016473328,Low Risk
29,1370,3,1,2,1,87,3,1,1,4723,16213,1,1,18,3,4,0,10,3,3,10,9,1,5,True,False,False,True,False,False,False,False,False,False,False,True,False,True,False,False,True,False,False,429.3636363636364,0.09090909090909091,2.25,0,1122,Research & Development,Laboratory Technician,0.010437258,Low Risk
35,670,10,4,1,0,51,3,2,3,6142,4223,3,1,16,3,3,0,10,4,3,5,2,0,4,True,False,False,False,False,False,False,False,False,False,False,True,False,True,False,False,True,False,False,558.3636363636364,0.0,2.5,0,1123,Research & Development,Human Resources,0.0048872908,Low Risk
39,1462,6,3,4,1,38,4,3,3,8237,4658,2,0,11,3,1,1,11,3,3,7,6,7,6,False,True,False,False,False,False,False,False,True,False,True,False,False,True,False,False,True,False,False,686.4166666666666,0.875,3.5,0,1124,Sales,Sales Executive,0.0023117363,Low Risk
29,995,2,1,1,1,87,3,2,4,8853,24483,1,0,19,3,4,1,6,0,4,6,4,1,3,True,False,False,False,False,False,False,False,False,False,False,False,True,False,True,False,False,False,False,1264.7142857142858,0.14285714285714285,3.0,0,1125,Research & Development,Human Resources,0.00024447253,Low Risk
50,264,9,3,3,1,59,3,5,3,19331,19519,4,1,16,3,3,1,27,2,3,1,0,0,0,False,True,False,False,True,False,False,False,False,False,True,False,False,True,False,True,False,False,False,690.3928571428571,0.0,3.0,0,1126,Sales,Manager,0.008910503,Low Risk
23,977,10,3,4,1,45,4,1,3,2073,12826,2,0,16,3,4,1,4,2,3,2,2,2,2,True,False,False,False,False,False,False,True,False,False,True,False,False,True,False,False,False,False,True,414.6,0.6666666666666666,3.5,0,1127,Research & Development,Research Scientist,0.00021087239,Low Risk
36,1302,6,4,1,1,80,4,2,1,5562,19711,3,1,13,3,4,1,9,3,3,3,2,0,2,True,False,False,True,False,False,False,False,False,False,True,False,True,False,True,False,False,False,False,556.2,0.0,2.25,0,1128,Research & Development,Laboratory Technician,0.0018686063,Low Risk
42,1059,9,2,4,1,93,2,5,4,19613,26362,8,0,22,4,4,0,24,2,3,1,0,0,1,True,False,False,False,True,False,False,False,False,False,False,True,False,True,False,False,False,True,False,784.52,0.0,3.25,0,1129,Research & Development,Manager,0.000563537,Low Risk
35,750,28,3,2,1,46,4,2,3,3407,25348,1,0,17,3,4,2,10,3,2,10,9,6,8,True,False,False,True,False,False,False,False,False,False,True,False,False,True,True,False,False,False,False,309.72727272727275,0.5454545454545454,2.75,0,1130,Research & Development,Laboratory Technician,0.002232676,Low Risk
34,653,10,4,4,1,92,2,2,3,5063,15332,1,0,14,3,2,1,8,3,2,8,2,7,7,True,False,False,False,False,False,False,False,False,False,True,False,True,False,False,False,False,False,True,562.5555555555555,0.7777777777777778,2.75,0,1131,Research & Development,Human Resources,0.010347247,Low Risk
40,118,14,2,4,0,84,3,2,1,4639,11262,1,0,15,3,3,1,5,2,3,5,4,1,2,False,True,False,False,False,False,False,False,True,False,True,False,False,True,True,False,False,False,False,773.1666666666666,0.16666666666666666,2.75,0,1132,Sales,Sales Executive,0.0024595405,Low Risk
43,990,27,3,4,1,87,4,1,2,4876,5855,5,0,12,3,3,1,8,0,3,6,4,0,2,True,False,False,True,False,False,False,False,False,False,False,False,False,True,False,False,False,False,True,541.7777777777778,0.0,3.25,0,1133,Research & Development,Laboratory Technician,0.0036219042,Low Risk
35,1349,7,2,3,1,63,2,1,4,2690,7713,1,0,18,3,4,1,1,5,2,1,0,0,1,True,False,False,True,False,False,False,False,False,False,True,False,False,True,True,False,False,False,False,1345.0,0.0,2.75,0,1134,Research & Development,Laboratory Technician,0.0011003704,Low Risk
46,563,1,4,4,1,56,4,4,1,17567,3156,1,0,15,3,2,0,27,5,1,26,0,0,12,False,True,False,False,True,False,False,False,False,False,False,True,False,True,True,False,False,False,False,627.3928571428571,0.0,2.5,0,1135,Sales,Manager,0.0009541229,Low Risk
28,329,24,3,3,1,51,3,1,2,2408,7324,1,1,17,3,3,3,1,3,3,1,1,0,0,True,False,False,True,False,False,False,False,False,False,True,False,False,True,False,False,True,False,False,1204.0,0.0,2.75,0,1136,Research & Development,Laboratory Technician,0.9935788,High Risk
22,457,26,2,2,0,85,2,1,3,2814,10293,1,1,14,3,2,0,4,2,2,4,2,1,3,True,False,False,False,False,False,False,True,False,False,True,False,False,False,False,False,False,True,False,562.8,0.2,2.25,1,1137,Research & Development,Research Scientist,0.015750071,Low Risk
50,1234,20,5,2,1,41,3,4,3,11245,20689,2,1,15,3,3,1,32,3,3,30,8,12,13,True,False,False,False,False,False,False,False,False,False,True,False,True,False,False,False,True,False,False,340.75757575757575,0.3870967741935484,2.75,0,1138,Research & Development,Human Resources,0.00039162792,Low Risk
32,634,5,4,2,0,35,4,1,4,3312,18783,3,0,17,3,4,2,6,3,3,3,2,0,2,True,False,False,False,False,False,False,True,False,False,True,False,False,True,False,False,False,True,False,473.14285714285717,0.0,3.25,0,1139,Research & Development,Research Scientist,5.3113636e-06,Low Risk
44,1313,7,3,2,0,31,3,5,4,19049,3549,0,1,14,3,4,1,23,4,2,22,7,1,10,True,False,False,False,False,False,True,False,False,False,False,False,False,True,False,False,True,False,False,793.7083333333334,0.043478260869565216,2.75,1,1140,Research & Development,Research Director,0.0001652954,Low Risk
30,241,7,3,2,1,48,2,1,2,2141,5348,1,0,12,3,2,1,6,3,2,6,4,1,1,True,False,False,False,False,False,False,True,False,False,True,False,False,True,False,False,True,False,False,305.85714285714283,0.14285714285714285,2.0,0,1141,Research & Development,Research Scientist,0.0033833024,Low Risk
45,1015,5,5,3,0,50,1,2,1,5769,23447,1,1,14,3,1,0,10,3,3,10,7,1,4,True,False,False,True,False,False,False,False,False,False,False,True,False,True,False,False,True,False,False,524.4545454545455,0.09090909090909091,2.0,0,1142,Research & Development,Laboratory Technician,0.006889514,Low Risk
45,336,26,3,1,1,52,2,2,1,4385,24162,1,0,15,3,1,1,10,2,3,10,7,4,5,False,True,False,False,False,False,False,False,True,False,True,False,False,False,False,True,False,False,False,398.6363636363636,0.36363636363636365,1.75,0,1143,Sales,Sales Executive,0.008323088,Low Risk
31,715,2,4,4,1,54,3,2,1,5332,21602,7,0,13,3,4,0,10,3,3,5,2,0,3,False,True,False,False,False,False,False,False,True,False,False,True,True,False,False,False,False,True,False,484.72727272727275,0.0,2.75,0,1144,Sales,Sales Executive,0.44511515,Medium Risk
36,559,12,4,3,0,76,3,2,3,4663,12421,9,1,12,3,2,2,7,2,3,3,2,1,1,True,False,False,False,False,True,False,False,False,False,True,False,False,True,True,False,False,False,False,582.875,0.25,3.0,0,1145,Research & Development,Manufacturing Director,0.0042256606,Low Risk
34,426,10,4,3,1,42,4,2,4,4724,17000,1,0,13,3,1,1,9,3,3,9,7,7,2,True,False,False,False,False,True,False,False,False,False,False,False,True,False,True,False,False,False,False,472.4,0.7,3.5,0,1146,Research & Development,Manufacturing Director,8.9732115e-05,Low Risk
49,722,25,4,3,0,84,3,1,1,3211,22102,1,0,14,3,4,1,10,3,2,9,6,1,4,True,False,False,True,False,False,False,False,False,False,True,False,False,True,True,False,False,False,False,291.90909090909093,0.1,2.25,0,1147,Research & Development,Laboratory Technician,0.0071495688,Low Risk
39,1387,10,5,2,1,76,3,2,1,5377,3835,2,0,13,3,4,3,10,3,3,7,7,7,7,True,False,False,False,False,True,False,False,False,False,True,False,False,True,False,False,True,False,False,488.8181818181818,0.875,2.25,0,1148,Research & Development,Manufacturing Director,9.3345465e-05,Low Risk
27,1302,19,3,4,1,67,2,1,1,4066,16290,1,0,11,3,1,2,7,3,3,7,7,0,7,True,False,False,True,False,False,False,False,False,False,False,False,False,True,False,False,False,True,False,508.25,0.0,2.5,0,1149,Research & Development,Laboratory Technician,0.008566345,Low Risk
35,819,18,5,2,1,48,4,2,1,5208,26312,1,0,11,3,4,0,16,2,3,16,15,1,10,True,False,False,False,False,False,False,True,False,False,True,False,False,True,True,False,False,False,False,306.3529411764706,0.058823529411764705,2.5,0,1150,Research & Development,Research Scientist,0.0014090905,Low Risk
28,580,27,3,2,0,39,1,2,1,4877,20460,0,0,21,4,2,1,6,5,2,5,3,0,0,True,False,False,False,False,True,False,False,False,False,False,False,False,True,False,False,True,False,False,696.7142857142857,0.0,1.5,0,1151,Research & Development,Manufacturing Director,0.0062298835,Low Risk
21,546,5,1,3,1,97,3,1,4,3117,26009,1,0,18,3,3,0,3,2,3,2,2,2,2,True,False,False,False,False,False,False,True,False,False,False,True,False,True,False,False,True,False,False,779.25,0.6666666666666666,3.25,0,1152,Research & Development,Research Scientist,0.0001303024,Low Risk
18,544,3,2,2,0,70,3,1,4,1569,18420,1,1,12,3,3,0,0,2,4,0,0,0,0,False,True,False,False,False,False,False,False,False,True,False,True,True,False,False,False,True,False,False,1569.0,0.0,3.25,0,1153,Sales,Sales Representative,0.99863595,High Risk
47,1176,26,4,4,0,98,3,5,3,19658,5220,3,0,11,3,3,1,27,2,3,5,2,1,0,False,False,False,False,True,False,False,False,False,False,True,False,False,True,True,False,False,False,False,702.0714285714286,0.16666666666666666,3.25,0,1154,Research & Development,Manager,0.0005030015,Low Risk
39,170,3,2,3,1,76,2,2,3,3069,10302,0,0,15,3,4,1,11,3,3,10,8,0,7,True,False,False,True,False,False,False,False,False,False,False,False,False,True,False,False,True,False,False,255.75,0.0,2.75,0,1155,Research & Development,Laboratory Technician,0.0010273609,Low Risk
40,884,15,3,1,0,80,2,3,3,10435,25800,1,0,13,3,4,2,18,2,3,18,15,14,12,True,False,False,False,False,True,False,False,False,False,True,False,False,True,True,False,False,False,False,549.2105263157895,0.7368421052631579,2.25,0,1156,Research & Development,Manufacturing Director,0.0007416147,Low Risk
35,208,8,4,3,0,52,3,2,3,4148,12250,1,0,12,3,4,1,15,5,3,14,11,2,9,True,False,False,False,False,False,False,False,False,False,True,False,False,False,True,False,False,False,False,259.25,0.13333333333333333,3.0,0,1157,Research & Development,Human Resources,3.7207246e-05,Low Risk
37,671,19,3,3,1,85,3,2,3,5768,26493,3,0,17,3,1,3,9,2,2,4,3,0,2,True,False,False,False,False,True,False,False,False,False,True,False,False,True,True,False,False,False,False,576.8,0.0,2.75,0,1158,Research & Development,Manufacturing Director,0.0057300427,Low Risk
39,711,4,3,1,0,81,3,2,3,5042,3140,0,0,13,3,4,0,10,2,1,9,2,3,8,True,False,False,False,False,True,False,False,False,False,False,True,True,False,False,False,True,False,False,458.3636363636364,0.3,2.0,0,1159,Research & Development,Manufacturing Director,0.00084311573,Low Risk
45,1329,2,2,4,0,59,2,2,4,5770,5388,1,0,19,3,1,2,10,3,3,10,7,3,9,True,False,False,False,False,True,False,False,False,False,False,False,False,True,False,False,False,True,False,524.5454545454545,0.2727272727272727,3.25,0,1160,Research & Development,Manufacturing Director,0.00010754598,Low Risk
38,397,2,2,4,0,54,2,3,3,7756,14199,3,1,19,3,4,1,10,6,4,5,4,0,2,True,False,False,False,False,True,False,False,False,False,True,False,False,True,False,False,True,False,False,705.0909090909091,0.0,3.25,0,1161,Research & Development,Manufacturing Director,0.0009943802,Low Risk
35,737,10,3,4,1,55,2,3,1,10306,21530,9,0,17,3,3,0,15,3,3,13,12,6,0,False,True,False,False,False,False,False,False,True,False,True,False,False,True,False,False,True,False,False,644.125,0.42857142857142855,2.5,0,1162,Sales,Sales Executive,0.98859113,High Risk
37,1470,10,3,2,0,71,3,1,2,3936,9953,1,0,11,3,1,1,8,2,1,8,4,7,7,True,False,False,False,False,False,False,True,False,False,True,False,False,True,False,False,True,False,False,437.3333333333333,0.7777777777777778,2.0,0,1163,Research & Development,Research Scientist,0.0014291009,Low Risk
40,448,16,3,3,0,84,3,3,4,7945,19948,6,1,15,3,4,0,18,2,2,4,2,3,3,True,False,False,False,False,True,False,False,False,False,False,True,False,True,True,False,False,False,False,418.1578947368421,0.6,3.0,1,1164,Research & Development,Manufacturing Director,0.14941983,Low Risk
44,602,1,5,1,1,37,3,2,4,5743,10503,4,1,11,3,3,0,14,3,3,10,7,0,2,False,False,True,False,False,False,False,False,False,False,True,False,True,False,False,False,False,False,False,382.8666666666667,0.0,2.75,0,1165,Research & Development,Human Resources,0.0038230107,Low Risk
48,365,4,5,3,1,89,2,4,4,15202,5602,2,0,25,4,2,1,23,3,3,2,2,2,2,True,False,False,False,True,False,False,False,False,False,True,False,True,False,False,False,True,False,False,633.4166666666666,0.6666666666666666,3.0,0,1166,Research & Development,Manager,1.6368462e-05,Low Risk
35,763,15,2,1,1,59,1,2,4,5440,22098,6,1,14,3,4,2,7,2,2,2,2,2,2,False,True,False,False,False,False,False,False,True,False,False,False,False,True,False,False,True,False,False,680.0,0.6666666666666666,2.0,1,1167,Sales,Sales Executive,0.9951834,High Risk
24,567,2,1,1,0,32,3,1,4,3760,17218,1,1,13,3,3,0,6,2,3,6,3,1,3,True,False,False,False,False,False,False,True,False,False,False,True,True,False,False,False,False,False,True,537.1428571428571,0.14285714285714285,2.75,0,1168,Research & Development,Research Scientist,0.07209005,Low Risk
27,486,8,3,2,0,86,4,1,3,3517,22490,7,0,17,3,1,0,5,0,3,3,2,0,2,True,False,False,False,False,False,False,True,False,False,True,False,False,True,False,False,True,False,False,586.1666666666666,0.0,3.0,0,1169,Research & Development,Research Scientist,0.00358317,Low Risk
27,591,2,3,4,1,87,3,1,4,2580,6297,2,0,13,3,3,0,6,0,2,4,2,1,2,True,False,False,False,False,False,False,True,False,False,False,True,True,False,False,False,True,False,False,368.57142857142856,0.2,3.25,0,1170,Research & Development,Research Scientist,0.0005074658,Low Risk
40,1329,7,3,1,1,73,3,1,1,2166,3339,3,1,14,3,2,0,10,3,1,4,2,0,3,True,False,False,True,False,False,False,False,False,False,False,True,False,True,True,False,False,False,False,196.9090909090909,0.0,1.5,1,1171,Research & Development,Laboratory Technician,0.9885513,High Risk
29,469,10,3,3,1,42,2,2,3,5869,23413,9,0,11,3,3,0,8,2,3,5,2,1,4,False,True,False,False,False,False,False,False,True,False,False,True,False,True,False,False,True,False,False,652.1111111111111,0.16666666666666666,2.75,0,1172,Sales,Sales Executive,0.024894908,Low Risk
36,711,5,4,2,0,42,3,3,1,8008,22792,4,0,12,3,3,2,9,6,3,3,2,0,2,True,False,False,False,False,False,False,False,False,False,True,False,False,True,True,False,False,False,False,800.8,0.0,2.25,0,1173,Research & Development,Human Resources,3.9725892e-05,Low Risk
25,772,2,1,4,1,77,4,2,3,5206,4973,1,0,17,3,3,2,7,6,3,7,7,0,7,True,False,False,False,False,True,False,False,False,False,False,False,True,False,True,False,False,False,False,650.75,0.0,3.5,0,1174,Research & Development,Manufacturing Director,6.7485526e-05,Low Risk
39,492,12,3,4,1,66,3,2,2,5295,7693,4,0,21,4,3,0,7,3,3,5,4,1,0,True,False,False,False,False,True,False,False,False,False,True,False,False,True,False,False,True,False,False,661.875,0.16666666666666666,3.0,0,1175,Research & Development,Manufacturing Director,0.007139773,Low Risk
49,301,22,4,1,0,72,3,4,2,16413,3498,3,0,16,3,2,2,27,2,3,4,2,1,2,True,False,False,False,False,False,True,False,False,False,True,False,False,True,False,False,False,True,False,586.1785714285714,0.2,2.25,0,1176,Research & Development,Research Director,0.0011718605,Low Risk
50,813,17,5,4,0,50,2,3,1,13269,21981,5,0,15,3,3,3,19,3,3,14,11,1,11,True,False,False,False,False,False,True,False,False,False,False,False,False,True,True,False,False,False,False,663.45,0.06666666666666667,2.5,0,1177,Research & Development,Research Director,0.00030841335,Low Risk
20,1141,2,3,3,0,31,3,1,3,2783,13251,1,0,19,3,1,0,2,3,3,2,2,2,2,False,True,False,False,False,False,False,False,False,True,False,True,False,True,False,False,True,False,False,927.6666666666666,0.6666666666666666,3.0,0,1178,Sales,Sales Representative,0.01970673,Low Risk
34,1130,3,3,4,0,66,3,2,2,5433,19332,1,0,12,3,3,1,11,2,3,11,8,7,9,True,False,False,False,False,False,False,True,False,False,False,False,False,True,True,False,False,False,False,452.75,0.5833333333333334,3.0,0,1179,Research & Development,Research Scientist,1.993216e-06,Low Risk
36,311,7,3,1,1,77,3,1,2,2013,10950,2,0,11,3,3,0,15,4,3,4,3,1,3,True,False,False,True,False,False,False,False,False,False,False,True,False,True,True,False,False,False,False,125.8125,0.2,2.25,0,1180,Research & Development,Laboratory Technician,0.01025768,Low Risk
49,465,6,1,3,0,41,2,4,3,13966,11652,2,1,19,3,2,1,30,3,3,15,11,2,12,True,False,False,False,False,False,False,False,False,False,True,False,False,True,True,False,False,False,False,450.51612903225805,0.125,2.75,0,1181,Research & Development,Human Resources,0.0010019075,Low Risk
36,894,1,4,4,0,33,2,2,3,4374,15411,0,0,15,3,3,0,4,6,3,3,2,1,2,True,False,False,False,False,True,False,False,False,False,True,False,False,False,False,False,True,False,False,874.8,0.25,3.0,0,1182,Research & Development,Manufacturing Director,9.78715e-06,Low Risk
36,1040,3,2,4,1,79,4,2,1,6842,26308,6,0,20,4,1,1,13,3,3,5,4,0,4,True,False,False,False,False,False,False,False,False,False,False,False,False,True,True,False,False,False,False,488.7142857142857,0.0,3.0,0,1183,Research & Development,Human Resources,0.00051458564,Low Risk
54,584,22,5,2,0,91,3,4,3,17426,18685,3,0,25,4,3,1,36,6,3,10,8,4,7,True,False,False,False,True,False,False,False,False,False,True,False,False,True,False,False,True,False,False,470.97297297297297,0.36363636363636365,2.75,0,1184,Research & Development,Manager,0.00014630484,Low Risk
43,1291,15,2,3,1,65,2,4,3,17603,3525,1,0,24,4,1,1,14,3,3,14,10,6,11,True,False,False,False,False,False,True,False,False,False,True,False,False,True,True,False,False,False,False,1173.5333333333333,0.4,2.75,0,1185,Research & Development,Research Director,0.00087893347,Low Risk
35,880,12,4,4,1,36,3,2,4,4581,10414,3,1,24,4,1,0,13,2,4,11,9,6,7,False,True,False,False,False,False,False,False,True,False,False,True,True,False,False,False,False,True,False,327.2142857142857,0.5,3.75,0,1186,Sales,Sales Executive,0.73492324,High Risk
38,1189,1,3,4,1,90,3,2,4,4735,9867,7,0,15,3,4,2,19,4,4,13,11,2,9,True,False,False,False,False,False,False,True,False,False,True,False,True,False,True,False,False,False,False,236.75,0.14285714285714285,3.75,0,1187,Research & Development,Research Scientist,0.0006054905,Low Risk
29,991,5,3,1,1,43,2,2,2,4187,3356,1,1,13,3,2,1,10,3,2,10,0,0,9,False,True,False,False,False,False,False,False,True,False,False,False,False,True,False,False,True,False,False,380.6363636363636,0.0,1.75,1,1188,Sales,Sales Executive,0.0021584437,Low Risk
33,392,2,4,4,1,93,3,2,4,5505,3921,1,0,14,3,3,2,6,5,3,6,2,0,4,False,True,False,False,False,False,False,False,True,False,False,False,False,True,False,False,True,False,False,786.4285714285714,0.0,3.5,0,1189,Sales,Sales Executive,2.3544062e-05,Low Risk
32,977,2,3,4,1,45,3,2,2,5470,25518,0,0,13,3,3,2,10,4,2,9,5,1,6,True,False,False,False,False,False,False,True,False,False,False,False,False,True,False,False,True,False,False,497.27272727272725,0.1,2.75,0,1190,Research & Development,Research Scientist,1.8186825e-05,Low Risk
31,1112,5,4,1,0,67,3,2,4,5476,22589,1,0,11,3,1,2,10,2,3,10,0,0,2,False,True,False,False,False,False,False,False,True,False,True,False,False,True,True,False,False,False,False,497.8181818181818,0.0,2.75,0,1191,Sales,Sales Executive,0.0035126314,Low Risk
49,464,16,3,4,0,74,3,1,1,2587,24941,4,1,16,3,2,1,17,2,2,2,2,2,2,True,False,False,True,False,False,False,False,False,False,False,False,False,True,False,False,True,False,False,143.72222222222223,0.6666666666666666,2.5,1,1192,Research & Development,Laboratory Technician,0.005611303,Low Risk
38,148,2,3,4,0,42,2,1,2,2440,23826,1,0,22,4,2,0,4,3,3,4,3,3,3,True,False,False,True,False,False,False,False,False,False,False,True,True,False,False,False,True,False,False,488.0,0.6,2.75,0,1193,Research & Development,Laboratory Technician,0.005824011,Low Risk
47,1225,2,4,2,0,47,4,4,2,15972,21086,6,0,14,3,3,3,29,2,3,3,2,1,2,False,True,False,False,True,False,False,False,False,False,False,False,False,True,True,False,False,False,False,532.4,0.25,2.75,0,1194,Sales,Manager,8.333488e-05,Low Risk
49,809,1,3,3,1,36,3,4,3,15379,22384,4,0,14,3,1,0,23,2,3,8,7,0,0,True,False,False,False,True,False,False,False,False,False,False,True,False,True,True,False,False,False,False,640.7916666666666,0.0,3.0,0,1195,Research & Development,Manager,0.00028329177,Low Risk
41,1206,23,2,4,1,80,3,3,3,7082,11591,3,1,16,3,4,0,21,2,3,2,0,0,2,False,True,False,False,False,False,False,False,True,False,False,True,False,True,True,False,False,False,False,321.90909090909093,0.0,3.25,0,1196,Sales,Sales Executive,0.010668367,Low Risk
20,727,9,1,4,1,54,3,1,1,2728,21082,1,0,11,3,1,0,2,3,3,2,2,0,2,False,True,False,False,False,False,False,False,False,True,False,True,False,True,True,False,False,False,False,909.3333333333334,0.0,2.75,0,1197,Sales,Sales Representative,0.017691098,Low Risk
33,530,16,3,3,0,36,3,2,4,5368,16130,1,1,25,4,3,1,7,2,3,6,5,1,2,False,True,False,False,False,False,False,False,True,False,False,False,False,False,True,False,False,False,False,671.0,0.14285714285714285,3.25,0,1198,Sales,Sales Executive,0.0017086058,Low Risk
36,1351,26,4,1,1,80,3,2,3,5347,7419,6,0,14,3,2,2,10,2,2,3,2,0,2,True,False,False,False,False,False,False,False,False,False,True,False,False,True,True,False,False,False,False,486.09090909090907,0.0,2.25,0,1199,Research & Development,Human Resources,0.0014078035,Low Risk
44,528,1,3,3,0,44,3,1,4,3195,4167,4,1,18,3,1,3,8,2,3,2,2,2,2,False,False,True,False,False,False,False,False,False,False,False,False,False,True,True,False,False,False,False,355.0,0.6666666666666666,3.25,0,1200,Research & Development,Human Resources,0.0010522051,Low Risk
23,1320,8,1,4,1,93,2,1,3,3989,20586,1,1,11,3,1,0,5,2,3,5,4,1,2,True,False,False,True,False,False,False,False,False,False,False,True,False,True,False,False,True,False,False,664.8333333333334,0.16666666666666666,3.0,0,1201,Research & Development,Laboratory Technician,0.99110514,High Risk
38,1495,4,2,4,0,87,3,1,3,3306,26176,7,0,19,3,4,1,7,5,2,0,0,0,0,True,False,False,True,False,False,False,False,False,False,True,False,False,True,False,False,True,False,False,413.25,0.0,3.0,0,1202,Research & Development,Laboratory Technician,0.00025416972,Low Risk
53,1395,24,4,2,1,48,4,3,4,7005,3458,3,0,15,3,3,0,11,2,3,4,3,1,2,True,False,False,False,False,False,False,False,False,False,True,False,False,True,False,False,True,False,False,583.75,0.2,3.25,0,1203,Research & Development,Human Resources,0.0002684286,Low Risk
48,708,7,2,4,0,95,3,1,3,2655,11740,2,1,11,3,3,2,19,3,3,9,7,7,7,False,True,False,False,False,False,False,False,False,True,True,False,True,False,False,False,True,False,False,132.75,0.7,3.25,0,1204,Sales,Sales Representative,0.03905113,Low Risk
32,1259,2,4,4,1,95,3,1,2,1393,24852,1,0,12,3,1,0,1,2,3,1,0,0,0,True,False,False,True,False,False,False,False,False,False,False,True,False,True,True,False,False,False,False,696.5,0.0,3.0,0,1205,Research & Development,Laboratory Technician,0.9892513,High Risk
26,786,7,3,4,1,76,3,1,4,2570,11925,1,0,20,4,3,0,7,5,3,7,7,5,7,True,False,False,True,False,False,False,False,False,False,False,True,False,False,False,False,True,False,False,321.25,0.625,3.5,0,1206,Research & Development,Laboratory Technician,0.0006945523,Low Risk
55,1441,22,3,1,1,94,2,1,2,3537,23737,5,0,12,3,4,1,8,1,3,4,2,1,2,True,False,False,False,False,False,False,True,False,False,False,False,False,True,False,False,False,False,True,393.0,0.2,2.0,0,1207,Research & Development,Research Scientist,0.006037032,Low Risk
34,1157,5,2,2,1,57,2,2,4,3986,11912,1,0,14,3,3,1,15,3,4,15,10,4,13,True,False,False,True,False,False,False,False,False,False,True,False,False,True,False,False,True,False,False,249.125,0.25,3.0,0,1208,Research & Development,Laboratory Technician,0.0002387991,Low Risk
60,370,1,4,3,1,92,1,3,4,10883,20467,3,0,20,4,3,1,19,2,4,1,0,0,0,True,False,False,False,False,False,False,False,False,False,False,False,False,True,False,False,True,False,False,544.15,0.0,3.0,0,1209,Research & Development,Human Resources,0.00014361808,Low Risk
33,267,21,3,2,1,79,4,1,2,2028,13637,1,0,18,3,4,3,14,6,3,14,11,2,13,True,False,False,True,False,False,False,False,False,False,True,False,False,True,False,False,True,False,False,135.2,0.13333333333333333,2.75,0,1210,Research & Development,Laboratory Technician,0.0024747234,Low Risk
37,1278,1,4,3,1,31,1,2,4,9525,7677,1,0,14,3,3,2,6,2,2,6,3,1,3,False,True,False,False,False,False,False,False,True,False,False,False,True,False,False,False,True,False,False,1360.7142857142858,0.14285714285714285,2.5,0,1211,Sales,Sales Executive,0.0005133501,Low Risk
34,678,19,3,2,0,35,2,1,4,2929,20338,1,0,12,3,2,0,10,3,3,10,9,8,7,True,False,False,False,False,False,False,True,False,False,True,False,False,True,True,False,False,False,False,266.27272727272725,0.7272727272727273,2.75,0,1212,Research & Development,Research Scientist,0.0023469343,Low Risk
23,427,7,3,3,1,99,3,1,4,2275,25103,1,1,21,4,2,1,3,2,3,3,2,0,2,False,True,False,False,False,False,False,False,False,True,False,False,False,True,True,False,False,False,False,568.75,0.0,3.25,0,1213,Sales,Sales Representative,0.9730393,High Risk
44,921,2,3,3,0,96,4,3,4,7879,14810,1,1,19,3,2,1,9,2,3,8,7,6,7,True,False,False,False,False,False,False,False,False,False,True,False,False,True,True,False,False,False,False,787.9,0.6666666666666666,3.5,0,1214,Research & Development,Human Resources,0.00024638174,Low Risk
35,146,2,4,1,1,79,2,1,4,4930,13970,0,1,14,3,3,0,6,2,4,5,4,1,4,True,False,False,False,False,False,False,True,False,False,False,True,True,False,False,False,True,False,False,704.2857142857143,0.16666666666666666,2.75,0,1215,Research & Development,Research Scientist,0.011373364,Low Risk
43,1179,2,3,4,1,73,3,2,4,7847,6069,1,1,17,3,1,1,10,3,3,10,9,8,8,False,True,False,False,False,False,False,False,True,False,True,False,False,True,False,False,True,False,False,713.3636363636364,0.7272727272727273,3.5,0,1216,Sales,Sales Executive,0.0016164584,Low Risk
24,581,9,3,3,1,62,4,1,3,4401,17616,1,0,16,3,4,1,5,1,3,5,3,0,4,True,False,False,False,False,False,False,True,False,False,True,False,False,True,False,False,True,False,False,733.5,0.0,3.25,0,1217,Research & Development,Research Scientist,6.834892e-05,Low Risk
41,918,6,3,4,1,35,3,3,3,9241,15869,1,0,12,3,2,0,10,3,3,10,8,8,7,False,True,False,False,False,False,False,False,True,False,False,True,False,True,False,True,False,False,False,840.0909090909091,0.7272727272727273,3.25,0,1218,Sales,Sales Executive,0.0057736295,Low Risk
29,1082,9,4,4,0,43,3,1,3,2974,25412,9,0,17,3,3,1,9,2,3,5,3,1,2,True,False,False,True,False,False,False,False,False,False,True,False,False,True,False,False,True,False,False,297.4,0.16666666666666666,3.25,0,1219,Research & Development,Laboratory Technician,0.0003495477,Low Risk
36,530,2,4,3,0,51,3,2,4,4502,7439,3,0,15,3,3,0,17,2,2,13,7,6,7,False,True,False,False,False,False,False,False,False,True,False,True,False,True,True,False,False,False,False,250.11111111111111,0.42857142857142855,3.0,0,1220,Sales,Sales Representative,0.043924928,Low Risk
45,1238,1,1,3,1,74,2,3,3,10748,3395,3,0,23,4,4,1,25,3,2,23,15,14,4,True,False,False,False,False,False,False,False,False,False,True,False,False,False,True,False,False,False,False,413.38461538461536,0.5833333333333334,2.5,0,1221,Research & Development,Human Resources,5.8109446e-05,Low Risk
24,240,22,1,4,1,58,1,1,3,1555,11585,1,0,11,3,3,1,1,2,3,1,0,0,0,False,False,True,False,False,False,False,False,False,False,True,False,False,True,False,False,False,False,False,777.5,0.0,2.75,0,1222,Research & Development,Human Resources,0.9845562,High Risk
47,1093,9,3,3,1,82,1,4,3,12936,24164,7,0,11,3,3,0,25,3,1,23,5,14,10,False,True,False,False,False,False,False,False,True,False,True,False,True,False,True,False,False,False,False,497.53846153846155,0.5833333333333334,2.0,0,1223,Sales,Sales Executive,0.9860496,High Risk
26,390,17,4,4,1,62,1,1,3,2305,6217,1,0,15,3,3,3,3,3,4,3,2,0,2,True,False,False,True,False,False,False,False,False,False,True,False,False,True,False,False,True,False,False,576.25,0.0,3.0,0,1224,Research & Development,Laboratory Technician,0.0030372387,Low Risk
45,1005,28,2,4,0,48,2,4,2,16704,17119,1,0,11,3,3,0,21,2,3,21,6,8,6,True,False,False,False,False,False,True,False,False,False,False,True,False,True,False,False,False,False,True,759.2727272727273,0.36363636363636365,2.75,0,1225,Research & Development,Research Director,0.0008654786,Low Risk
32,585,10,3,1,1,56,3,1,3,3433,17360,6,0,13,3,1,1,10,3,2,5,2,1,3,True,False,False,False,False,False,False,True,False,False,True,False,True,False,True,False,False,False,False,312.09090909090907,0.16666666666666666,2.25,0,1226,Research & Development,Research Scientist,0.5980602,Medium Risk
31,741,2,4,2,1,69,3,1,3,3477,18103,1,0,14,3,4,1,6,2,4,5,2,0,3,True,False,False,True,False,False,False,False,False,False,True,False,False,True,True,False,False,False,False,496.7142857142857,0.0,3.0,0,1227,Research & Development,Laboratory Technician,0.00027053358,Low Risk
41,552,4,3,3,1,60,1,2,2,6430,20794,6,0,19,3,2,1,10,4,3,3,2,1,2,False,False,True,False,False,False,False,False,False,False,True,False,False,False,False,False,False,False,False,584.5454545454545,0.25,2.25,0,1228,Research & Development,Human Resources,0.00043183356,Low Risk
40,369,8,2,2,0,92,3,2,1,6516,5041,2,1,16,3,2,1,18,3,3,1,0,0,0,True,False,False,False,False,True,False,False,False,False,True,False,False,True,True,False,False,False,False,342.94736842105266,0.0,2.25,0,1229,Research & Development,Manufacturing Director,0.014470425,Low Risk
24,506,29,1,2,1,91,3,1,1,3907,3622,1,0,13,3,2,3,6,2,4,6,2,1,2,True,False,False,True,False,False,False,False,False,False,False,False,False,True,False,False,True,False,False,558.1428571428571,0.14285714285714285,2.5,0,1230,Research & Development,Laboratory Technician,0.00492581,Low Risk
46,717,13,4,3,1,34,3,2,2,5562,9697,6,0,14,3,4,0,19,3,3,10,7,0,9,True,False,False,False,False,False,False,False,False,False,False,True,False,True,True,False,False,False,False,278.1,0.0,2.75,0,1231,Research & Development,Human Resources,0.0004327443,Low Risk
35,1370,27,4,4,1,49,3,2,3,6883,5151,2,0,16,3,2,1,17,3,3,7,7,0,7,True,False,False,False,False,True,False,False,False,False,True,False,False,True,True,False,False,False,False,382.3888888888889,0.0,3.25,0,1232,Research & Development,Manufacturing Director,1.1463813e-05,Low Risk
30,793,16,1,2,1,33,3,1,4,2862,3811,1,0,12,3,2,1,10,2,2,10,0,0,8,True,False,False,False,False,False,False,True,False,False,True,False,False,True,True,False,False,False,False,260.1818181818182,0.0,2.75,0,1233,Research & Development,Research Scientist,0.00034716056,Low Risk
47,543,2,4,3,1,87,3,2,2,4978,3536,7,0,11,3,4,1,4,3,1,1,0,0,0,False,True,False,False,False,False,False,False,True,False,True,False,False,False,False,True,False,False,False,995.6,0.0,2.25,0,1234,Sales,Sales Executive,0.011018158,Low Risk
46,1277,2,3,3,1,74,3,3,4,10368,5596,4,1,12,3,2,1,13,5,2,10,6,0,3,False,True,False,False,False,False,False,False,True,False,False,False,False,True,True,False,False,False,False,740.5714285714286,0.0,3.0,1,1235,Sales,Sales Executive,0.0010653889,Low Risk
36,1456,13,5,2,1,96,2,2,1,6134,8658,5,1,13,3,2,3,16,3,3,2,2,2,2,False,True,False,False,False,False,False,False,True,False,False,False,False,True,False,True,False,False,False,360.8235294117647,0.6666666666666666,2.0,0,1236,Sales,Sales Executive,0.12677859,Low Risk
32,964,1,2,1,1,34,1,2,2,6735,12147,6,0,15,3,2,0,10,2,3,0,0,0,0,False,True,False,False,False,False,False,False,True,False,False,True,False,True,True,False,False,False,False,612.2727272727273,0.0,1.75,0,1237,Sales,Sales Executive,0.98589724,High Risk
23,160,4,1,3,0,51,3,1,2,3295,12862,1,0,13,3,3,0,3,3,1,3,2,1,2,True,False,False,True,False,False,False,False,False,False,False,True,False,True,False,False,True,False,False,823.75,0.25,2.25,0,1238,Research & Development,Laboratory Technician,0.07729204,Low Risk
31,163,24,1,4,0,30,3,2,4,5238,6670,2,0,20,4,4,0,9,3,2,5,4,1,4,True,False,False,False,False,True,False,False,False,False,False,True,True,False,False,False,False,False,True,523.8,0.16666666666666666,3.25,0,1239,Research & Development,Manufacturing Director,0.0026673097,Low Risk
39,792,1,3,4,1,77,3,2,4,6472,8989,1,1,15,3,4,1,9,2,3,9,8,5,8,True,False,False,True,False,False,False,False,False,False,True,False,False,False,True,False,False,False,False,647.2,0.5,3.5,0,1240,Research & Development,Laboratory Technician,0.0029770897,Low Risk
32,371,19,3,4,1,80,1,3,3,9610,3840,3,0,13,3,3,1,10,2,1,4,3,0,2,False,True,False,False,False,False,False,False,True,False,True,False,False,True,True,False,False,False,False,873.6363636363636,0.0,2.25,0,1241,Sales,Sales Executive,0.10293111,Low Risk
40,611,7,4,2,1,88,3,5,2,19833,4349,1,0,14,3,2,0,21,3,2,21,8,12,8,False,True,False,False,True,False,False,False,False,False,False,True,False,True,False,False,True,False,False,901.5,0.5454545454545454,2.25,0,1242,Sales,Manager,0.0011204435,Low Risk
45,176,4,3,3,0,56,1,3,3,9756,6595,4,0,21,4,3,2,9,2,4,5,0,0,3,False,False,True,False,False,False,False,False,False,False,True,False,False,True,True,False,False,False,False,975.6,0.0,2.75,0,1243,Research & Development,Human Resources,0.008201091,Low Risk
30,1312,2,4,4,0,78,2,1,1,4968,26427,0,0,16,3,4,0,10,2,3,9,7,0,7,True,False,False,False,False,False,False,True,False,False,False,True,True,False,False,False,False,False,True,451.6363636363636,0.0,2.5,0,1244,Research & Development,Research Scientist,0.0005035273,Low Risk
24,897,10,3,1,1,59,3,1,4,2145,2097,0,0,14,3,4,1,3,2,3,2,2,2,1,False,False,True,False,False,False,False,False,False,False,True,False,True,False,False,False,True,False,False,536.25,0.6666666666666666,2.75,0,1245,Research & Development,Human Resources,0.015363495,Low Risk
30,600,8,3,3,0,66,2,1,4,2180,9732,6,0,11,3,3,1,6,0,2,4,2,1,2,False,False,True,False,False,False,False,False,False,False,False,False,True,False,False,False,False,False,False,311.42857142857144,0.2,2.75,0,1246,Research & Development,Human Resources,0.9794026,High Risk
31,1003,5,3,1,1,51,3,2,3,8346,20943,1,0,19,3,3,1,6,3,3,5,2,0,2,False,True,False,False,False,False,False,False,True,False,True,False,False,True,False,False,False,False,True,1192.2857142857142,0.0,2.5,0,1247,Sales,Sales Executive,0.0034003882,Low Risk
27,1054,8,3,3,0,67,3,1,4,3445,6152,1,0,11,3,3,0,6,5,2,6,2,1,4,True,False,False,False,False,False,False,True,False,False,False,True,False,True,False,False,True,False,False,492.14285714285717,0.14285714285714285,3.0,0,1248,Research & Development,Research Scientist,0.002184253,Low Risk
29,428,9,3,2,0,52,1,1,2,2760,14630,1,0,13,3,3,0,2,3,3,2,2,2,2,False,True,False,False,False,False,False,False,False,True,False,True,False,True,False,True,False,False,False,920.0,0.6666666666666666,2.0,0,1249,Sales,Sales Representative,0.98977554,High Risk
29,461,1,3,4,1,70,4,2,3,6294,23060,8,1,12,3,4,0,10,5,4,3,2,0,2,True,False,False,False,False,False,False,False,False,False,False,True,True,False,True,False,False,False,False,572.1818181818181,0.0,3.75,0,1250,Research & Development,Human Resources,0.18442185,Low Risk
30,979,15,2,3,1,94,2,3,1,7140,3088,2,0,11,3,1,1,12,2,3,7,7,1,7,False,True,False,False,False,False,False,False,True,False,False,False,False,True,False,True,False,False,False,549.2307692307693,0.125,2.25,0,1251,Sales,Sales Executive,0.013294695,Low Risk
34,181,2,4,4,1,97,4,1,4,2932,5586,0,1,14,3,1,3,6,3,3,5,0,1,2,True,False,False,False,False,False,False,True,False,False,True,False,False,True,False,False,True,False,False,418.85714285714283,0.16666666666666666,3.75,0,1252,Research & Development,Research Scientist,0.00047729805,Low Risk
33,1283,2,3,4,0,62,3,2,2,5147,10697,8,0,15,3,4,0,13,2,2,11,7,1,7,False,True,False,False,False,False,False,False,True,False,False,True,False,False,False,True,False,False,False,367.64285714285717,0.08333333333333333,2.75,0,1253,Sales,Sales Executive,0.0015161913,Low Risk
49,1313,11,4,4,0,80,3,2,4,4507,8191,3,0,12,3,3,0,8,1,4,5,1,0,4,False,True,False,False,False,False,False,False,True,False,False,True,False,True,False,True,False,False,False,500.77777777777777,0.0,3.75,0,1254,Sales,Sales Executive,0.0008030985,Low Risk
33,211,16,3,1,0,74,3,3,1,8564,10092,2,1,20,4,3,0,11,2,2,0,0,0,0,False,True,False,False,False,False,False,False,True,False,False,True,False,True,True,False,False,False,False,713.6666666666666,0.0,1.75,1,1255,Sales,Sales Executive,0.99916744,High Risk
38,594,2,2,3,0,75,2,1,2,2468,15963,4,0,14,3,2,1,9,4,2,6,1,0,5,True,False,False,True,False,False,False,False,False,False,True,False,True,False,False,False,True,False,False,246.8,0.0,2.25,0,1256,Research & Development,Laboratory Technician,0.0026969868,Low Risk
31,1079,16,4,1,1,70,3,3,3,8161,19002,2,0,13,3,1,3,10,2,3,1,0,0,0,False,True,False,False,False,False,False,False,True,False,True,False,False,True,False,True,False,False,False,741.9090909090909,0.0,2.5,0,1257,Sales,Sales Executive,0.98729324,High Risk
29,590,4,3,4,0,91,2,1,1,2109,10007,1,0,13,3,3,1,1,2,3,1,0,0,0,True,False,False,False,False,False,False,True,False,False,False,False,False,True,False,False,False,False,True,1054.5,0.0,2.5,0,1258,Research & Development,Research Scientist,0.061291073,Low Risk
30,305,16,3,3,1,58,4,2,3,5294,9128,3,0,16,3,3,1,10,3,3,7,0,1,7,True,False,False,False,False,False,False,False,False,False,True,False,False,True,True,False,False,False,False,481.27272727272725,0.125,3.25,0,1259,Research & Development,Human Resources,0.0002462819,Low Risk
32,953,5,4,2,1,65,3,1,2,2718,17674,2,0,14,3,2,0,12,3,3,7,7,0,7,True,False,False,False,False,False,False,True,False,False,False,True,False,False,False,False,False,False,True,209.07692307692307,0.0,2.5,0,1260,Research & Development,Research Scientist,0.00011730931,Low Risk
38,833,18,3,2,1,60,1,2,4,5811,24539,3,1,16,3,3,1,15,2,3,1,0,1,0,True,False,False,False,False,False,False,False,False,False,True,False,False,True,False,False,True,False,False,363.1875,0.5,2.5,0,1261,Research & Development,Human Resources,0.0044308617,Low Risk
43,807,17,3,3,1,38,2,1,3,2437,15587,9,1,16,3,4,1,6,4,3,1,0,0,0,True,False,False,False,False,False,False,True,False,False,True,False,True,False,False,False,False,False,True,348.14285714285717,0.0,2.75,0,1262,Research & Development,Research Scientist,0.9919131,High Risk
42,855,12,3,2,1,57,3,1,2,2766,8952,8,0,22,4,2,3,7,6,2,5,3,0,4,True,False,False,True,False,False,False,False,False,False,False,False,False,True,False,False,True,False,False,345.75,0.0,2.25,0,1263,Research & Development,Laboratory Technician,0.026738646,Low Risk
55,478,2,3,3,1,60,2,5,1,19038,19805,8,0,12,3,2,3,34,2,3,1,0,0,0,True,False,False,False,False,False,True,False,False,False,True,False,False,True,False,False,True,False,False,543.9428571428572,0.0,2.25,0,1264,Research & Development,Research Director,0.0039347624,Low Risk
33,775,4,3,4,1,90,3,2,2,3055,6194,5,0,15,3,4,2,11,2,2,9,8,1,7,True,False,False,False,False,False,False,True,False,False,False,False,False,False,False,False,False,False,True,254.58333333333334,0.1,2.75,0,1265,Research & Development,Research Scientist,0.0016879427,Low Risk
41,548,9,4,3,1,94,3,1,1,2289,20520,1,0,20,4,2,2,5,2,3,5,3,0,4,True,False,False,True,False,False,False,False,False,False,False,False,False,True,True,False,False,False,False,381.5,0.0,2.5,0,1266,Research & Development,Laboratory Technician,0.0024262145,Low Risk
34,1375,10,3,4,1,87,3,2,3,4001,12313,1,1,14,3,3,1,15,3,3,15,14,0,7,False,True,False,False,False,False,False,False,True,False,False,False,False,False,True,False,False,False,False,250.0625,0.0,3.25,0,1267,Sales,Sales Executive,5.68655e-06,Low Risk
53,661,1,4,1,0,60,2,4,3,12965,22308,4,1,20,4,4,3,27,2,2,3,2,0,2,True,False,False,False,False,True,False,False,False,False,True,False,False,False,False,False,True,False,False,463.0357142857143,0.0,2.0,1,1268,Research & Development,Manufacturing Director,0.002225745,Low Risk
43,244,2,3,2,1,97,3,1,4,3539,5033,0,0,13,3,2,0,10,5,3,9,7,1,8,False,False,True,False,False,False,False,False,False,False,False,True,False,True,True,False,False,False,False,321.72727272727275,0.1,3.0,0,1269,Research & Development,Human Resources,0.00018149127,Low Risk
34,511,3,2,4,0,32,1,2,4,6029,25353,5,0,12,3,1,0,6,3,3,2,2,2,2,False,True,False,False,False,False,False,False,True,False,False,True,False,True,True,False,False,False,False,861.2857142857143,0.6666666666666666,3.0,0,1270,Sales,Sales Executive,0.002233647,Low Risk
21,337,7,1,2,1,31,3,1,2,2679,4567,1,0,13,3,2,0,1,3,3,1,0,1,0,False,True,False,False,False,False,False,False,False,True,False,True,False,True,False,True,False,False,False,1339.5,0.5,2.5,0,1271,Sales,Sales Representative,0.97993475,High Risk
38,1153,6,2,4,0,40,2,1,3,3702,16376,1,0,11,3,2,1,5,3,3,5,4,0,4,True,False,False,True,False,False,False,False,False,False,True,False,False,True,False,False,False,True,False,617.0,0.0,3.0,0,1272,Research & Development,Laboratory Technician,6.50639e-05,Low Risk
22,1294,8,1,3,0,79,3,1,1,2398,15999,1,1,17,3,3,0,1,6,3,1,0,0,0,True,False,False,True,False,False,False,False,False,False,True,False,False,True,False,False,True,False,False,1199.0,0.0,2.5,0,1273,Research & Development,Laboratory Technician,0.981962,High Risk
31,196,29,4,1,0,91,2,2,4,5468,13402,1,0,14,3,1,2,13,3,3,12,7,5,7,False,True,False,False,False,False,False,False,True,False,True,False,False,True,False,True,False,False,False,390.57142857142856,0.38461538461538464,2.5,0,1274,Sales,Sales Executive,0.0004706059,Low Risk
51,942,3,3,1,0,53,3,3,3,13116,22984,2,0,11,3,4,0,15,2,3,2,2,2,2,True,False,False,False,True,False,False,False,False,False,True,False,False,True,False,False,False,False,True,819.75,0.6666666666666666,2.5,0,1275,Research & Development,Manager,0.00048557387,Low Risk
37,589,9,2,2,1,46,2,2,2,4189,8800,1,0,14,3,1,2,5,2,3,5,2,0,3,False,True,False,False,False,False,False,False,True,False,True,False,False,True,False,True,False,False,False,698.1666666666666,0.0,2.25,0,1276,Sales,Sales Executive,0.0027580906,Low Risk
46,734,2,4,3,1,46,3,5,4,19328,14218,7,1,17,3,3,1,24,3,3,2,1,2,2,True,False,False,False,False,False,True,False,False,False,False,False,False,True,False,False,True,False,False,773.12,0.6666666666666666,3.25,0,1277,Research & Development,Research Director,0.00051569584,Low Risk
36,1383,10,3,4,1,90,3,3,1,8321,25949,7,1,13,3,4,1,15,1,3,12,8,5,7,True,False,False,False,False,False,False,False,False,False,True,False,False,True,True,False,False,False,False,520.0625,0.38461538461538464,2.75,0,1278,Research & Development,Human Resources,0.014003336,Low Risk
44,429,1,2,3,1,99,3,1,2,2342,11092,1,1,12,3,3,3,6,2,2,5,3,2,3,True,False,False,False,False,False,False,True,False,False,False,False,True,False,False,False,True,False,False,334.57142857142856,0.3333333333333333,2.5,1,1279,Research & Development,Research Scientist,0.9678904,High Risk
37,1239,8,2,3,1,89,3,2,2,4071,12832,2,0,13,3,3,0,19,4,2,10,0,4,7,False,False,True,False,False,False,False,False,False,False,False,False,False,True,False,False,False,True,False,203.55,0.36363636363636365,2.5,0,1280,Research & Development,Human Resources,0.0029200644,Low Risk
35,303,27,3,3,1,84,3,2,4,5813,13492,1,1,18,3,4,0,10,2,3,10,7,7,7,False,True,False,False,False,False,False,False,True,False,False,True,False,True,True,False,False,False,False,528.4545454545455,0.6363636363636364,3.25,0,1281,Sales,Sales Executive,0.9692468,High Risk
33,867,8,4,4,1,90,4,1,1,3143,6076,6,0,19,3,2,1,14,1,3,10,8,7,6,True,False,False,False,False,False,False,True,False,False,True,False,False,True,True,False,False,False,False,209.53333333333333,0.6363636363636364,3.0,0,1282,Research & Development,Research Scientist,0.0054438426,Low Risk
28,1181,1,3,3,1,82,3,1,4,2044,5531,1,0,11,3,3,1,5,6,4,5,3,0,3,True,False,False,False,False,False,False,True,False,False,True,False,False,True,True,False,False,False,False,340.6666666666667,0.0,3.5,0,1283,Research & Development,Research Scientist,0.00045449805,Low Risk
39,1253,10,1,3,1,65,3,3,3,13464,7914,7,0,21,4,3,0,9,3,3,4,3,2,2,True,False,False,False,False,False,True,False,False,False,False,True,False,True,False,False,True,False,False,1346.4,0.4,3.0,0,1284,Research & Development,Research Director,0.0012440059,Low Risk
46,849,26,2,2,1,98,2,2,2,7991,25166,8,0,15,3,3,0,6,3,3,2,2,2,2,False,True,False,False,False,False,False,False,True,False,False,True,False,False,True,False,False,False,False,1141.5714285714287,0.6666666666666666,2.25,0,1285,Sales,Sales Executive,0.00602714,Low Risk
40,616,2,2,3,0,99,3,1,1,3377,25605,4,0,17,3,4,1,7,5,2,4,3,0,2,True,False,False,True,False,False,False,False,False,False,True,False,False,True,True,False,False,False,False,422.125,0.0,2.25,0,1286,Research & Development,Laboratory Technician,0.0010400906,Low Risk
42,1128,13,3,2,1,95,4,2,1,5538,5696,5,0,18,3,3,2,10,2,2,0,0,0,0,True,False,False,False,False,False,False,False,False,False,True,False,False,True,False,False,True,False,False,503.45454545454544,0.0,2.25,0,1287,Research & Development,Human Resources,0.0009106485,Low Risk
35,1180,2,2,2,1,90,3,2,4,5762,24442,2,0,14,3,3,1,15,6,3,7,7,1,7,True,False,False,False,False,True,False,False,False,False,False,False,False,False,False,False,True,False,False,360.125,0.125,3.0,0,1288,Research & Development,Manufacturing Director,1.0374955e-06,Low Risk
38,1336,2,3,1,1,100,3,1,2,2592,7129,5,0,13,3,4,3,13,3,3,11,10,3,8,False,False,True,False,False,False,False,False,False,False,False,False,False,False,False,False,False,False,False,185.14285714285714,0.25,2.25,0,1289,Research & Development,Human Resources,0.0011051997,Low Risk
34,234,9,4,4,1,93,3,2,1,5346,6208,4,0,17,3,3,1,11,3,2,7,1,0,7,True,False,False,True,False,False,False,False,False,False,True,False,True,False,True,False,False,False,False,445.5,0.0,2.5,0,1290,Research & Development,Laboratory Technician,0.9666129,High Risk
37,370,10,4,4,1,58,3,2,1,4213,4992,1,0,15,3,2,0,10,4,1,10,3,0,8,True,False,False,False,False,True,False,False,False,False,False,True,False,True,False,False,True,False,False,383.0,0.0,2.25,0,1291,Research & Development,Manufacturing Director,0.97011244,High Risk
39,766,20,3,3,1,83,3,2,4,4127,19188,2,0,18,3,4,1,7,6,3,2,1,2,2,False,True,False,False,False,False,False,False,True,False,False,False,True,False,True,False,False,False,False,515.875,0.6666666666666666,3.25,0,1292,Sales,Sales Executive,0.0035699103,Low Risk
43,343,9,3,1,1,52,3,1,3,2438,24978,4,0,13,3,3,0,7,2,2,3,2,1,2,True,False,False,False,False,False,False,True,False,False,False,True,False,False,True,False,False,False,False,304.75,0.25,2.25,0,1293,Research & Development,Research Scientist,0.0024345003,Low Risk
41,447,5,3,2,1,85,4,2,2,6870,15530,3,0,12,3,1,0,11,3,1,3,2,1,2,True,False,False,False,False,False,False,False,False,False,False,True,False,True,True,False,False,False,False,572.5,0.25,2.25,0,1294,Research & Development,Human Resources,0.003145556,Low Risk
41,796,4,1,3,0,81,3,3,3,10447,26458,0,1,13,3,4,1,23,3,4,22,14,13,5,False,True,False,False,False,False,False,False,True,False,False,False,False,True,False,True,False,False,False,435.2916666666667,0.5652173913043478,3.25,0,1295,Sales,Sales Executive,0.002112979,Low Risk
30,1092,10,3,1,0,64,3,3,3,9667,2739,9,0,14,3,2,0,9,3,3,7,7,0,2,True,False,False,False,False,True,False,False,False,False,False,True,False,True,False,False,True,False,False,966.7,0.0,2.5,0,1296,Research & Development,Manufacturing Director,0.0017140964,Low Risk
26,920,20,2,4,0,69,3,1,2,2148,6889,0,1,11,3,3,0,6,3,3,5,1,1,4,False,False,True,False,False,False,False,False,False,False,True,False,False,True,False,False,True,False,False,306.85714285714283,0.16666666666666666,3.0,0,1297,Research & Development,Human Resources,0.12883267,Low Risk
46,261,21,2,4,0,66,3,2,2,8926,10842,4,0,22,4,4,1,13,2,4,9,7,3,7,True,False,False,False,False,False,False,False,False,False,True,False,False,True,False,False,True,False,False,637.5714285714286,0.3,3.25,0,1298,Research & Development,Human Resources,0.9696201,High Risk
40,1194,1,3,3,0,52,3,2,4,6513,9060,4,0,17,3,4,1,12,3,3,5,3,0,3,True,False,False,False,False,False,False,False,False,False,False,False,False,True,True,False,False,False,False,501.0,0.0,3.25,0,1299,Research & Development,Human Resources,1.3642365e-06,Low Risk
34,810,8,2,2,1,92,4,2,3,6799,22128,1,0,21,4,3,2,10,5,3,10,8,4,8,False,True,False,False,False,False,False,False,True,False,True,False,False,True,False,False,False,False,True,618.0909090909091,0.36363636363636365,3.0,0,1300,Sales,Sales Executive,0.0012203872,Low Risk
58,350,2,3,2,1,52,3,4,2,16291,22577,4,0,22,4,4,1,37,0,2,16,9,14,14,False,True,False,False,True,False,False,False,False,False,False,False,False,False,False,False,True,False,False,428.7105263157895,0.8235294117647058,2.25,0,1301,Sales,Manager,0.0020327778,Low Risk
35,185,23,4,2,1,91,1,1,3,2705,9696,0,0,16,3,2,1,6,2,4,5,4,0,3,True,False,False,True,False,False,False,False,False,False,True,False,False,True,False,False,True,False,False,386.42857142857144,0.0,2.5,0,1302,Research & Development,Laboratory Technician,0.00379026,Low Risk
47,1001,4,3,3,0,92,2,3,2,10333,19271,8,1,12,3,3,1,28,4,3,22,11,14,10,True,False,False,False,False,True,False,False,False,False,False,False,False,True,True,False,False,False,False,356.3103448275862,0.6086956521739131,2.5,0,1303,Research & Development,Manufacturing Director,0.0009223955,Low Risk
40,750,12,3,2,0,47,3,2,1,4448,10748,2,0,12,3,2,1,15,3,3,7,4,7,7,True,False,False,False,False,False,False,False,False,False,False,False,False,True,True,False,False,False,False,278.0,0.875,2.25,0,1304,Research & Development,Human Resources,0.00087861565,Low Risk
54,431,7,4,4,0,68,3,2,4,6854,15696,4,0,15,3,2,1,14,2,2,7,1,1,7,True,False,False,False,False,False,False,True,False,False,True,False,False,True,False,False,True,False,False,456.93333333333334,0.125,3.25,0,1305,Research & Development,Research Scientist,0.00011255263,Low Risk
31,1125,7,4,1,0,68,3,3,1,9637,8277,2,0,14,3,4,2,9,3,3,3,2,2,2,False,True,False,False,False,False,False,False,True,False,True,False,True,False,False,True,False,False,False,963.7,0.5,2.0,0,1306,Sales,Sales Executive,0.008811725,Low Risk
28,1217,1,3,3,0,67,3,1,1,3591,12719,1,0,25,4,3,1,3,3,3,3,2,1,2,True,False,False,False,False,False,False,True,False,False,True,False,False,True,False,False,True,False,False,897.75,0.25,2.5,0,1307,Research & Development,Research Scientist,1.0095359e-05,Low Risk
38,723,2,4,2,0,77,1,2,4,5405,4244,2,1,20,4,1,2,20,4,2,4,2,0,3,False,True,False,False,False,False,False,False,False,True,True,False,False,True,False,True,False,False,False,257.3809523809524,0.0,2.25,1,1308,Sales,Sales Representative,0.0023713175,Low Risk
26,572,10,3,3,1,46,3,2,4,4684,9125,1,0,13,3,1,0,5,4,3,5,3,1,2,False,True,False,False,False,False,False,False,True,False,False,True,False,True,False,False,True,False,False,780.6666666666666,0.16666666666666666,3.25,0,1309,Sales,Sales Executive,0.00019923765,Low Risk
58,1216,15,4,1,1,87,3,4,3,15787,21624,2,1,14,3,2,0,23,3,3,2,2,2,2,True,False,False,False,False,False,True,False,False,False,True,False,True,False,True,False,False,False,False,657.7916666666666,0.6666666666666666,2.5,0,1310,Research & Development,Research Director,0.004892096,Low Risk
18,1431,14,3,2,0,33,3,1,3,1514,8018,1,0,16,3,3,0,0,4,1,0,0,0,0,True,False,False,False,False,False,False,True,False,False,False,True,False,False,False,False,True,False,False,1514.0,0.0,2.25,0,1311,Research & Development,Research Scientist,0.78630966,High Risk
31,359,18,5,4,1,89,4,1,1,2956,21495,0,0,17,3,3,0,2,4,3,1,0,0,0,False,False,True,False,False,False,False,False,False,False,True,False,False,True,False,False,False,False,False,985.3333333333334,0.0,3.0,0,1312,Research & Development,Human Resources,0.9789196,High Risk
29,350,13,3,1,1,56,2,1,1,2335,3157,4,1,15,3,4,3,4,3,3,2,2,2,0,False,False,True,False,False,False,False,False,False,False,False,False,False,True,False,False,False,False,False,467.0,0.6666666666666666,1.75,0,1313,Research & Development,Human Resources,0.9967675,High Risk
45,589,2,4,3,0,67,3,2,3,5154,19665,4,0,22,4,2,2,10,3,4,8,7,5,7,False,True,False,False,False,False,False,False,True,False,True,False,False,False,True,False,False,False,False,468.54545454545456,0.5555555555555556,3.25,0,1314,Sales,Sales Executive,0.0010218789,Low Risk
36,430,2,4,4,0,73,3,2,2,6962,19573,4,1,22,4,4,1,15,2,3,1,0,0,0,True,False,False,False,False,False,False,True,False,False,True,False,False,True,False,False,False,True,False,435.125,0.0,3.0,0,1315,Research & Development,Research Scientist,2.4690979e-05,Low Risk
43,1422,2,4,1,1,92,3,2,4,5675,19246,1,0,20,4,3,1,7,5,3,7,7,7,7,False,True,False,False,False,False,False,False,True,False,True,False,True,False,True,False,False,False,False,709.375,0.875,2.75,0,1316,Sales,Sales Executive,0.0007834436,Low Risk
27,1297,5,2,4,0,53,3,1,4,2379,19826,0,1,14,3,3,0,6,3,2,5,4,0,2,True,False,False,True,False,False,False,False,False,False,False,True,True,False,True,False,False,False,False,339.85714285714283,0.0,3.25,1,1317,Research & Development,Laboratory Technician,0.010874314,Low Risk
29,574,20,1,4,1,40,3,1,4,3812,7003,1,0,13,3,2,0,11,3,4,11,8,3,10,True,False,False,True,False,False,False,False,False,False,True,False,True,False,False,False,True,False,False,317.6666666666667,0.25,3.75,0,1318,Research & Development,Laboratory Technician,0.001600738,Low Risk
32,1318,10,4,4,1,79,3,2,4,4648,26075,8,0,13,3,3,0,4,2,4,0,0,0,0,False,True,False,False,False,False,False,False,True,False,False,True,True,False,False,True,False,False,False,929.6,0.0,3.75,0,1319,Sales,Sales Executive,0.02556677,Low Risk
42,355,10,4,3,1,38,3,1,3,2936,6161,3,0,22,4,2,2,10,1,2,6,3,3,3,True,False,False,False,False,False,False,True,False,False,True,False,False,False,False,False,False,False,True,266.90909090909093,0.42857142857142855,2.75,0,1320,Research & Development,Research Scientist,0.0032619503,Low Risk
47,207,9,4,2,0,64,3,1,3,2105,5411,4,0,12,3,3,0,7,2,3,2,2,2,0,True,False,False,True,False,False,False,False,False,False,False,True,False,True,True,False,False,False,False,263.125,0.6666666666666666,2.75,0,1321,Research & Development,Laboratory Technician,0.011944249,Low Risk
46,706,2,2,4,1,82,3,3,4,8578,19989,3,0,14,3,3,1,12,4,2,9,8,4,7,True,False,False,False,False,True,False,False,False,False,False,False,False,True,True,False,False,False,False,659.8461538461538,0.4,3.25,0,1322,Research & Development,Manufacturing Director,0.008149674,Low Risk
28,280,1,2,3,1,43,3,1,4,2706,10494,1,0,15,3,2,1,3,2,3,3,2,2,2,False,False,True,False,False,False,False,False,False,False,False,False,False,False,True,False,False,False,False,676.5,0.5,3.25,0,1323,Research & Development,Human Resources,8.774668e-06,Low Risk
29,726,29,1,4,1,93,1,2,3,6384,21143,8,0,17,3,4,2,11,3,3,7,0,1,6,True,False,False,False,False,False,False,False,False,False,False,False,False,True,True,False,False,False,False,532.0,0.125,2.75,0,1324,Research & Development,Human Resources,0.0037670615,Low Risk
42,1142,8,3,4,1,81,3,1,3,3968,13624,4,0,13,3,4,0,8,3,3,0,0,0,0,True,False,False,True,False,False,False,False,False,False,False,True,False,True,True,False,False,False,False,440.8888888888889,0.0,3.25,0,1325,Research & Development,Laboratory Technician,0.00207729,Low Risk
32,414,2,4,3,1,82,2,2,2,9907,26186,7,1,12,3,3,0,7,3,2,2,2,2,2,False,True,False,False,False,False,False,False,True,False,False,True,False,True,False,True,False,False,False,1238.375,0.6666666666666666,2.25,1,1326,Sales,Sales Executive,0.9940572,High Risk
46,1319,3,3,1,0,45,4,4,1,13225,7739,2,0,12,3,4,1,25,5,3,19,17,2,8,False,True,False,False,False,False,False,False,True,False,False,False,False,True,False,False,False,False,True,508.65384615384613,0.1,2.25,0,1327,Sales,Sales Executive,0.0002569746,Low Risk
27,728,23,1,2,0,36,2,2,3,3540,7018,1,0,21,4,4,1,9,5,3,9,8,5,8,False,True,False,False,False,False,False,False,False,True,True,False,False,True,False,False,True,False,False,354.0,0.5,2.5,0,1328,Sales,Sales Representative,0.02270304,Low Risk
29,352,6,1,4,1,87,2,1,2,2804,15434,1,0,11,3,4,0,1,3,3,1,0,0,0,False,False,True,False,False,False,False,False,False,False,True,False,False,True,False,False,True,False,False,1402.0,0.0,2.75,0,1329,Research & Development,Human Resources,0.016932264,Low Risk
43,823,6,3,1,0,81,2,5,3,19392,22539,7,0,13,3,4,0,21,2,3,16,12,6,14,True,False,False,False,True,False,False,False,False,False,True,False,False,True,False,False,True,False,False,881.4545454545455,0.35294117647058826,2.25,0,1330,Research & Development,Manager,0.082156666,Low Risk
48,1224,10,3,4,1,91,2,5,2,19665,13583,4,0,12,3,4,0,29,3,3,22,10,12,9,True,False,False,False,False,False,True,False,False,False,True,False,False,True,True,False,False,False,False,655.5,0.5217391304347826,2.75,0,1331,Research & Development,Research Director,0.0017550129,Low Risk
29,459,24,2,4,1,73,2,1,4,2439,14753,1,1,24,4,2,0,1,3,2,1,0,1,0,True,False,False,False,False,False,False,True,False,False,False,True,True,False,True,False,False,False,False,1219.5,0.5,3.0,1,1332,Research & Development,Research Scientist,0.99841416,High Risk
46,1254,10,3,3,0,64,3,3,2,7314,14011,5,0,21,4,3,3,14,2,3,8,7,0,7,False,True,False,False,False,False,False,False,True,False,True,False,False,True,True,False,False,False,False,487.6,0.0,2.75,0,1333,Sales,Sales Executive,0.9483411,High Risk
27,1131,15,3,4,0,77,2,1,1,4774,23844,0,0,19,3,4,1,8,2,2,7,6,7,3,True,False,False,False,False,False,False,True,False,False,True,False,True,False,True,False,False,False,False,530.4444444444445,0.875,2.25,0,1334,Research & Development,Research Scientist,0.0006633954,Low Risk
39,835,19,4,4,1,41,3,2,4,3902,5141,8,0,14,3,2,3,7,2,3,2,2,2,2,True,False,False,False,False,False,False,True,False,False,False,False,False,True,False,False,False,True,False,487.75,0.6666666666666666,3.5,0,1335,Research & Development,Research Scientist,0.0003743266,Low Risk
55,836,2,4,2,1,98,2,1,4,2662,7975,8,0,20,4,2,1,19,2,4,5,2,0,4,True,False,False,False,False,False,False,True,False,False,True,False,False,True,False,False,False,False,True,133.1,0.0,3.0,0,1336,Research & Development,Research Scientist,0.001424418,Low Risk
28,1172,3,3,2,0,78,3,1,2,2856,3692,1,0,19,3,4,1,1,3,3,1,0,0,0,False,True,False,False,False,False,False,False,False,True,True,False,False,True,False,False,True,False,False,1428.0,0.0,2.5,0,1337,Sales,Sales Representative,0.0031814568,Low Risk
30,945,9,3,2,1,89,3,1,4,1081,16019,1,0,13,3,3,0,1,3,2,1,0,0,0,False,True,False,False,False,False,False,False,False,True,False,True,False,True,False,False,True,False,False,540.5,0.0,2.75,0,1338,Sales,Sales Representative,0.991336,High Risk
22,391,7,1,4,1,75,3,1,2,2472,26092,1,1,23,4,1,0,1,2,3,1,0,0,0,True,False,False,False,False,False,False,True,False,False,False,True,False,True,True,False,False,False,False,1236.0,0.0,3.0,0,1339,Research & Development,Research Scientist,0.99308974,High Risk
36,1266,10,4,2,0,63,2,2,3,5673,6060,1,1,13,3,1,1,10,4,3,10,9,1,7,False,True,False,False,False,False,False,False,True,False,True,False,False,True,False,False,False,False,True,515.7272727272727,0.09090909090909091,2.5,0,1340,Sales,Sales Executive,0.004808121,Low Risk
31,311,20,3,2,1,89,3,2,3,4197,18624,1,0,11,3,1,1,10,2,3,10,8,0,2,True,False,False,True,False,False,False,False,False,False,False,False,False,True,True,False,False,False,False,381.54545454545456,0.0,2.75,0,1341,Research & Development,Laboratory Technician,0.006768276,Low Risk
34,1480,4,3,3,1,64,3,3,4,9713,24444,2,1,13,3,4,3,9,3,3,5,3,1,0,False,True,False,False,False,False,False,False,True,False,True,False,False,True,True,False,False,False,False,971.3,0.16666666666666666,3.25,0,1342,Sales,Sales Executive,0.0025648945,Low Risk
29,592,7,3,4,1,59,3,1,1,2062,19384,3,0,14,3,2,0,11,2,3,3,2,1,2,True,False,False,True,False,False,False,False,False,False,False,True,False,True,True,False,False,False,False,171.83333333333334,0.25,2.75,0,1343,Research & Development,Laboratory Technician,0.0042720702,Low Risk
37,783,7,4,4,1,78,3,2,1,4284,13588,5,1,22,4,3,1,16,2,3,5,3,0,4,True,False,False,False,False,False,False,True,False,False,True,False,False,True,False,False,True,False,False,252.0,0.0,2.75,0,1344,Research & Development,Research Scientist,0.004130591,Low Risk
35,219,16,2,4,0,44,2,2,2,4788,25388,0,1,11,3,4,0,4,2,3,3,2,0,2,True,False,False,False,False,True,False,False,False,False,True,False,False,True,False,False,False,True,False,957.6,0.0,2.75,0,1345,Research & Development,Manufacturing Director,0.0021174226,Low Risk
45,556,25,2,2,0,93,2,2,4,5906,23888,0,0,13,3,4,2,10,2,2,9,8,3,8,True,False,False,False,False,True,False,False,False,False,True,False,False,True,True,False,False,False,False,536.9090909090909,0.3,2.5,0,1346,Research & Development,Manufacturing Director,0.00033246318,Low Risk
36,1213,2,1,2,1,94,2,2,4,3886,4223,1,0,21,4,4,0,10,2,2,10,1,0,8,False,False,True,False,False,False,False,False,False,False,False,True,True,False,False,False,False,False,False,353.27272727272725,0.0,2.5,0,1347,Research & Development,Human Resources,0.00020452953,Low Risk
40,1137,1,4,1,1,98,3,4,1,16823,18991,2,0,11,3,1,1,22,3,3,19,7,11,16,True,False,False,False,True,False,False,False,False,False,False,False,False,True,True,False,False,False,False,731.4347826086956,0.55,2.0,0,1348,Research & Development,Manager,0.00034192554,Low Risk
26,482,1,2,2,0,90,2,1,3,2933,14908,1,1,13,3,3,1,1,3,2,1,0,1,0,True,False,False,False,False,False,False,True,False,False,True,False,False,True,True,False,False,False,False,1466.5,0.5,2.25,1,1349,Research & Development,Research Scientist,0.018250877,Low Risk
27,511,2,2,1,0,89,4,2,3,6500,26997,0,0,14,3,2,0,9,5,2,8,7,0,7,False,True,False,False,False,False,False,False,True,False,False,True,False,True,False,False,True,False,False,650.0,0.0,2.5,0,1350,Sales,Sales Executive,0.00033597287,Low Risk
48,117,22,3,4,0,58,3,4,4,17174,2437,3,0,11,3,2,1,24,3,3,22,17,4,7,True,False,False,False,True,False,False,False,False,False,False,False,True,False,False,False,True,False,False,686.96,0.17391304347826086,3.5,0,1351,Research & Development,Manager,0.0013531052,Low Risk
44,170,1,4,2,1,78,4,2,1,5033,9364,2,0,15,3,4,1,10,5,3,2,0,2,2,True,False,False,False,False,False,False,False,False,False,True,False,False,True,True,False,False,False,False,457.54545454545456,0.6666666666666666,2.5,0,1352,Research & Development,Human Resources,2.670011e-05,Low Risk
34,967,16,4,4,1,85,1,1,1,2307,14460,1,1,23,4,2,1,5,2,3,5,2,3,0,True,False,False,False,False,False,False,True,False,False,True,False,False,False,False,False,False,False,True,384.5,0.5,2.25,0,1353,Research & Development,Research Scientist,0.9857802,High Risk
56,1162,24,2,1,1,97,3,1,4,2587,10261,1,0,16,3,4,0,5,3,3,4,2,1,0,True,False,False,True,False,False,False,False,False,False,False,True,False,True,True,False,False,False,False,431.1666666666667,0.2,2.75,0,1354,Research & Development,Laboratory Technician,0.96928495,High Risk
36,335,17,2,3,1,33,2,2,2,5507,16822,2,0,16,3,3,2,12,1,1,4,2,1,3,False,True,False,False,False,False,False,False,True,False,True,False,False,True,False,True,False,False,False,423.61538461538464,0.2,2.0,0,1355,Sales,Sales Executive,0.06553412,Low Risk
41,337,8,3,3,0,54,3,2,2,4393,26841,5,0,21,4,3,1,14,3,3,5,4,1,4,False,True,False,False,False,False,False,False,True,False,True,False,False,True,False,True,False,False,False,292.8666666666667,0.16666666666666666,2.75,0,1356,Sales,Sales Executive,0.001222507,Low Risk
42,1396,6,3,3,1,83,3,3,1,13348,14842,9,0,13,3,2,1,18,3,4,13,7,5,7,True,False,False,False,False,False,True,False,False,False,True,False,False,True,False,False,True,False,False,702.5263157894736,0.35714285714285715,2.75,0,1357,Research & Development,Research Director,0.0046988563,Low Risk
31,1079,10,2,3,0,86,3,2,4,6583,20115,2,1,11,3,4,1,8,2,3,5,2,1,4,False,True,False,False,False,False,False,False,True,False,False,False,False,True,False,False,True,False,False,731.4444444444445,0.16666666666666666,3.25,0,1358,Sales,Sales Executive,0.00034259103,Low Risk
34,735,3,1,4,0,75,2,2,4,8103,16495,3,1,12,3,3,0,9,3,2,4,2,0,1,False,True,False,False,False,False,False,False,True,False,True,False,False,True,False,False,True,False,False,810.3,0.0,3.0,1,1359,Sales,Sales Executive,0.0006674019,Low Risk
31,471,4,3,1,0,62,4,1,3,3978,16031,8,0,12,3,2,1,4,0,2,2,2,2,2,True,False,False,True,False,False,False,False,False,False,False,False,False,True,False,False,True,False,False,795.6,0.6666666666666666,2.5,0,1360,Research & Development,Laboratory Technician,0.00348478,Low Risk
26,1096,6,3,3,1,61,4,1,4,2544,7102,0,0,18,3,1,1,8,3,3,7,7,7,7,True,False,False,True,False,False,False,False,False,False,True,False,True,False,False,False,False,True,False,282.6666666666667,0.875,3.5,0,1361,Research & Development,Laboratory Technician,0.0076878075,Low Risk
45,1297,1,4,2,1,44,3,2,3,5399,14511,4,0,12,3,3,0,12,3,3,4,2,0,3,True,False,False,False,False,False,False,False,False,False,False,True,True,False,False,False,True,False,False,415.3076923076923,0.0,2.75,0,1362,Research & Development,Human Resources,5.017405e-05,Low Risk
33,217,10,4,2,1,43,3,2,3,5487,10410,1,0,14,3,2,0,10,2,2,10,4,0,9,False,True,False,False,False,False,False,False,True,False,False,True,False,True,False,True,False,False,False,498.8181818181818,0.0,2.5,0,1363,Sales,Sales Executive,0.0015478478,Low Risk
28,783,1,2,3,1,42,2,2,4,6834,19255,1,1,12,3,3,1,7,2,3,7,7,0,7,False,True,False,False,False,False,False,False,True,False,True,False,True,False,True,False,False,False,False,854.25,0.0,3.0,0,1364,Sales,Sales Executive,0.0010834154,Low Risk
29,746,24,3,3,1,45,4,1,1,1091,10642,1,0,17,3,4,0,1,3,3,1,0,0,0,False,True,False,False,False,False,False,False,False,True,False,True,True,False,False,False,False,False,True,545.5,0.0,2.75,0,1365,Sales,Sales Representative,0.99910635,High Risk
39,1251,21,4,1,0,32,1,2,3,5736,3987,6,0,19,3,3,1,10,1,3,3,2,1,2,False,True,False,False,False,False,False,False,True,False,True,False,False,False,True,False,False,False,False,521.4545454545455,0.25,2.0,0,1366,Sales,Sales Executive,0.014226559,Low Risk
27,1354,2,4,2,1,41,3,1,2,2226,6073,1,0,11,3,3,1,6,3,2,5,3,1,2,True,False,False,False,False,False,False,True,False,False,True,False,False,True,False,False,False,False,True,318.0,0.16666666666666666,2.25,0,1367,Research & Development,Research Scientist,0.0006139884,Low Risk
34,735,22,4,3,1,86,2,2,4,5747,26496,1,1,15,3,2,0,16,3,3,15,10,6,11,True,False,False,False,False,False,False,True,False,False,True,False,True,False,False,False,False,True,False,338.05882352941177,0.375,3.0,0,1368,Research & Development,Research Scientist,0.0036694014,Low Risk
28,1475,13,2,4,0,84,3,2,3,9854,23352,3,1,11,3,4,0,6,0,3,2,0,2,2,False,True,False,False,False,False,False,False,True,False,False,True,False,True,False,True,False,False,False,1407.7142857142858,0.6666666666666666,3.25,0,1369,Sales,Sales Executive,0.9888076,High Risk
47,1169,14,4,3,1,64,3,2,2,5467,2125,8,0,18,3,3,1,16,4,4,8,7,1,7,True,False,False,False,False,False,False,True,False,False,True,False,False,False,False,False,False,False,True,321.5882352941176,0.1111111111111111,3.0,0,1370,Research & Development,Research Scientist,0.0010970811,Low Risk
56,1443,11,5,4,0,89,2,2,1,5380,20328,4,0,16,3,3,1,6,3,3,0,0,0,0,False,True,False,False,False,False,False,False,True,False,True,False,False,True,False,True,False,False,False,768.5714285714286,0.0,2.5,0,1371,Sales,Sales Executive,0.004230748,Low Risk
39,867,9,2,1,1,87,3,2,1,5151,12315,1,0,25,4,4,1,10,3,3,10,0,7,9,True,False,False,False,False,True,False,False,False,False,True,False,False,True,False,False,True,False,False,468.27272727272725,0.6363636363636364,2.0,0,1372,Research & Development,Manufacturing Director,0.00073121797,Low Risk
38,1394,8,3,4,0,58,2,2,2,2133,18115,1,1,16,3,3,1,20,3,3,20,11,0,7,True,False,False,False,False,False,False,True,False,False,False,False,True,False,False,False,True,False,False,101.57142857142857,0.0,2.75,0,1373,Research & Development,Research Scientist,0.00014441607,Low Risk
58,605,21,3,4,0,72,3,4,4,17875,11761,4,1,13,3,3,1,29,2,2,1,0,0,0,False,True,False,False,True,False,False,False,False,False,True,False,False,True,True,False,False,False,False,595.8333333333334,0.0,3.25,1,1374,Sales,Manager,0.0009983763,Low Risk
32,238,5,2,1,0,47,4,1,3,2432,15318,3,1,14,3,1,0,8,2,3,4,1,0,3,True,False,False,False,False,False,False,True,False,False,False,True,True,False,True,False,False,False,False,270.22222222222223,0.0,2.75,0,1375,Research & Development,Research Scientist,0.99626166,High Risk
38,1206,9,2,2,1,71,3,1,4,4771,14293,2,0,19,3,4,2,10,0,4,5,2,0,3,True,False,False,False,False,False,False,True,False,False,False,False,False,True,True,False,False,False,False,433.72727272727275,0.0,3.25,0,1376,Research & Development,Research Scientist,6.058034e-06,Low Risk
49,1064,2,1,2,1,42,3,5,4,19161,13738,3,0,15,3,4,0,28,3,3,5,4,4,3,True,False,False,False,False,False,True,False,False,False,True,False,True,False,True,False,False,False,False,660.7241379310345,0.6666666666666666,3.0,0,1377,Research & Development,Research Director,0.00016619924,Low Risk
42,419,12,4,2,1,77,3,2,4,5087,2900,3,1,12,3,3,2,14,4,3,0,0,0,0,False,True,False,False,False,False,False,False,True,False,False,False,False,True,False,True,False,False,False,339.1333333333333,0.0,3.0,0,1378,Sales,Sales Executive,0.001883366,Low Risk
27,1337,22,3,1,0,58,2,1,2,2863,19555,1,0,12,3,1,0,1,2,3,1,0,0,0,False,False,True,False,False,False,False,False,False,False,True,False,True,False,False,False,False,False,False,1431.5,0.0,2.0,0,1379,Research & Development,Human Resources,0.99933016,High Risk
35,682,18,4,2,1,71,3,2,1,5561,15975,0,0,16,3,4,1,6,2,1,5,3,0,4,False,True,False,False,False,False,False,False,True,False,True,False,False,True,False,False,True,False,False,794.4285714285714,0.0,1.75,0,1380,Sales,Sales Executive,0.0011517901,Low Risk
28,1103,16,3,3,1,49,3,1,3,2144,2122,1,0,14,3,3,0,5,3,2,5,3,1,4,True,False,False,False,False,False,False,True,False,False,False,True,False,False,False,False,True,False,False,357.3333333333333,0.16666666666666666,2.75,0,1381,Research & Development,Research Scientist,0.0007209603,Low Risk
31,976,3,2,3,1,48,3,1,1,3065,3995,1,1,13,3,4,1,4,3,4,4,2,2,3,True,False,False,False,False,False,False,True,False,False,False,False,False,False,False,False,True,False,False,613.0,0.4,2.75,0,1382,Research & Development,Research Scientist,0.00044954056,Low Risk
36,1351,9,4,1,1,66,4,1,2,2810,9238,1,0,22,4,2,0,5,3,3,5,4,0,2,True,False,False,True,False,False,False,False,False,False,True,False,False,False,True,False,False,False,False,468.3333333333333,0.0,2.5,0,1383,Research & Development,Laboratory Technician,0.0050331564,Low Risk
34,937,1,3,1,1,32,3,3,4,9888,6770,1,0,21,4,1,0,14,3,2,14,8,2,1,False,True,False,False,False,False,False,False,True,False,False,True,False,True,False,True,False,False,False,659.2,0.13333333333333333,2.5,0,1384,Sales,Sales Executive,0.019403314,Low Risk
34,1239,13,4,4,1,39,3,3,3,8628,22914,1,0,18,3,3,1,9,2,2,8,7,1,1,False,True,False,False,False,False,False,False,True,False,False,False,False,True,False,False,True,False,False,862.8,0.1111111111111111,3.0,0,1385,Sales,Sales Executive,0.0028289466,Low Risk
26,157,1,3,3,1,95,3,1,1,2867,20006,0,0,13,3,4,0,8,6,2,7,7,7,6,True,False,False,True,False,False,False,False,False,False,False,True,False,True,False,False,True,False,False,318.55555555555554,0.875,2.25,0,1386,Research & Development,Laboratory Technician,0.0041881204,Low Risk
29,136,1,3,1,1,89,3,2,1,5373,6225,0,0,12,3,1,1,6,5,2,5,3,0,2,True,False,False,False,False,False,False,False,False,False,True,False,False,True,True,False,False,False,False,767.5714285714286,0.0,1.75,0,1387,Research & Development,Human Resources,0.002246481,Low Risk
32,1146,15,4,3,0,34,3,2,4,6667,16542,5,0,18,3,2,1,9,6,3,5,1,1,2,True,False,False,False,False,False,False,False,False,False,False,False,False,False,False,False,True,False,False,666.7,0.16666666666666666,3.25,0,1388,Research & Development,Human Resources,1.8678875e-05,Low Risk
31,1125,1,3,4,1,48,1,2,1,5003,5771,1,0,21,4,2,0,10,6,3,10,8,8,7,True,False,False,False,False,False,False,True,False,False,True,False,True,False,True,False,False,False,False,454.8181818181818,0.7272727272727273,2.25,0,1389,Research & Development,Research Scientist,0.058060482,Low Risk
28,1404,17,3,3,1,32,2,1,4,2367,18779,5,0,12,3,1,1,6,2,2,4,1,0,3,True,False,False,True,False,False,False,False,False,False,False,False,False,True,False,False,False,False,True,338.14285714285717,0.0,2.75,0,1390,Research & Development,Laboratory Technician,0.9785257,High Risk
38,1404,1,3,1,1,59,2,1,1,2858,11473,4,0,14,3,1,0,20,3,2,1,0,0,0,False,True,False,False,False,False,False,False,False,True,False,True,False,True,True,False,False,False,False,136.0952380952381,0.0,1.5,0,1391,Sales,Sales Representative,0.5702187,Medium Risk
35,1224,7,4,3,0,55,3,2,4,5204,13586,1,1,11,3,4,0,10,2,3,10,8,0,9,False,True,False,False,False,False,False,False,True,False,True,False,False,True,True,False,False,False,False,473.09090909090907,0.0,3.25,0,1392,Sales,Sales Executive,0.00069696724,Low Risk
27,954,9,3,4,1,44,3,2,4,4105,5099,1,0,14,3,1,0,7,5,3,7,7,0,7,False,True,False,False,False,False,False,False,True,False,False,True,False,True,False,True,False,False,False,513.125,0.0,3.5,0,1393,Sales,Sales Executive,0.00027826644,Low Risk
32,1373,5,4,4,1,56,2,2,4,9679,10138,8,0,24,4,2,0,8,1,3,1,0,0,0,True,False,False,False,False,True,False,False,False,False,False,True,False,True,True,False,False,False,False,1075.4444444444443,0.0,3.25,0,1394,Research & Development,Manufacturing Director,0.00027070026,Low Risk
31,754,26,4,1,1,63,3,2,4,5617,21075,1,1,11,3,3,0,10,4,3,10,7,0,8,False,True,False,False,False,False,False,False,True,False,True,False,True,False,False,True,False,False,False,510.6363636363636,0.0,2.75,0,1395,Sales,Sales Executive,0.97937715,High Risk
53,1168,24,4,1,1,66,3,3,1,10448,5843,6,1,13,3,2,0,15,2,2,2,2,2,2,False,True,False,False,False,False,False,False,True,False,False,True,False,True,True,False,False,False,False,653.0,0.6666666666666666,1.75,1,1396,Sales,Sales Executive,0.998201,High Risk
54,155,9,2,1,0,67,3,2,3,2897,22474,3,0,11,3,3,2,9,6,2,4,3,2,3,True,False,False,False,False,False,False,True,False,False,True,False,False,True,True,False,False,False,False,289.7,0.4,2.25,0,1397,Research & Development,Research Scientist,0.00093651126,Low Risk
33,1303,7,2,4,1,36,3,2,3,5968,18079,1,0,20,4,3,3,9,2,3,9,7,2,8,True,False,False,False,False,False,False,False,False,False,False,False,True,False,True,False,False,False,False,596.8,0.2,3.25,0,1398,Research & Development,Human Resources,6.435832e-05,Low Risk
43,574,11,3,1,1,30,3,3,3,7510,16873,1,0,17,3,2,1,10,1,3,10,9,0,9,True,False,False,False,False,False,False,False,False,False,True,False,False,True,True,False,False,False,False,682.7272727272727,0.0,2.5,0,1399,Research & Development,Human Resources,0.13975523,Low Risk
38,1444,1,4,4,1,88,3,1,2,2991,5224,0,1,11,3,2,1,7,2,3,6,2,1,2,False,False,True,False,False,False,False,False,False,False,True,False,True,False,False,False,False,True,False,373.875,0.14285714285714285,3.0,0,1400,Research & Development,Human Resources,0.006039427,Low Risk
55,189,26,4,3,1,71,4,5,2,19636,25811,4,1,18,3,1,1,35,0,3,10,9,1,4,False,False,False,False,True,False,False,False,False,False,True,False,False,True,False,False,False,False,False,545.4444444444445,0.09090909090909091,3.0,0,1401,Research & Development,Manager,0.0023540312,Low Risk
31,1276,2,1,4,0,59,1,1,4,1129,17536,1,1,11,3,3,3,1,4,3,1,0,0,0,True,False,False,True,False,False,False,False,False,False,False,False,False,True,False,False,True,False,False,564.5,0.0,3.0,0,1402,Research & Development,Laboratory Technician,0.39068678,Medium Risk
39,119,15,4,2,1,77,3,4,1,13341,25098,0,0,12,3,1,0,21,3,3,20,8,11,10,False,True,False,False,False,False,False,False,True,False,False,True,False,True,False,True,False,False,False,606.4090909090909,0.5238095238095238,2.25,0,1403,Sales,Sales Executive,0.0016264461,Low Risk
42,335,23,2,4,1,37,2,2,3,4332,14811,1,0,12,3,4,0,20,2,3,20,9,3,7,True,False,False,False,False,False,False,True,False,False,False,True,False,False,True,False,False,False,False,206.28571428571428,0.14285714285714285,3.0,0,1404,Research & Development,Research Scientist,6.49172e-05,Low Risk
31,697,10,3,3,0,40,3,3,3,11031,26862,4,0,20,4,3,1,13,2,4,11,7,4,8,True,False,False,False,False,False,True,False,False,False,True,False,False,False,False,False,True,False,False,787.9285714285714,0.3333333333333333,3.25,0,1405,Research & Development,Research Director,0.001487761,Low Risk
54,157,10,3,3,0,77,3,2,1,4440,25198,6,1,19,3,4,0,9,3,3,5,2,1,4,True,False,False,False,False,True,False,False,False,False,False,True,False,True,False,False,True,False,False,444.0,0.16666666666666666,2.5,0,1406,Research & Development,Manufacturing Director,0.004661079,Low Risk
24,771,1,2,2,1,45,2,2,3,4617,14120,1,0,12,3,2,0,4,2,2,4,3,1,2,True,False,False,False,False,False,False,False,False,False,False,True,False,True,True,False,False,False,False,923.4,0.2,2.25,0,1407,Research & Development,Human Resources,0.00074855133,Low Risk
23,571,12,2,4,1,78,3,1,4,2647,13672,1,0,13,3,3,0,5,6,4,5,2,1,4,True,False,False,True,False,False,False,False,False,False,False,True,False,True,False,False,False,True,False,441.1666666666667,0.16666666666666666,3.75,0,1408,Research & Development,Laboratory Technician,0.00064081483,Low Risk
40,692,11,3,4,0,73,3,2,3,6323,26849,1,0,11,3,1,1,10,2,4,10,9,9,4,True,False,False,True,False,False,False,False,False,False,True,False,True,False,False,False,False,False,True,574.8181818181819,0.8181818181818182,3.5,0,1409,Research & Development,Laboratory Technician,0.004569132,Low Risk
40,444,2,2,2,0,92,3,2,2,5677,4258,3,0,14,3,3,1,15,4,3,11,8,5,10,False,True,False,False,False,False,False,False,True,False,True,False,False,True,False,True,False,False,False,354.8125,0.4166666666666667,2.5,0,1410,Sales,Sales Executive,3.6278747e-05,Low Risk
25,309,2,3,3,0,82,3,1,2,2187,19655,4,0,14,3,3,0,6,3,3,2,0,1,2,False,False,True,False,False,False,False,False,False,False,True,False,False,True,False,False,False,False,False,312.42857142857144,0.3333333333333333,2.75,0,1411,Research & Development,Human Resources,0.0054932614,Low Risk
30,911,1,2,4,1,76,3,1,2,3748,4077,1,0,13,3,3,0,12,6,2,12,8,1,7,True,False,False,True,False,False,False,False,False,False,True,False,False,True,False,False,True,False,False,288.3076923076923,0.07692307692307693,2.75,0,1412,Research & Development,Laboratory Technician,0.00087224034,Low Risk
25,977,2,1,4,1,57,3,1,3,3977,7298,6,1,19,3,3,1,7,2,2,2,2,0,2,True,False,False,True,False,False,False,False,False,False,False,False,False,True,False,False,False,True,False,497.125,0.0,3.0,1,1413,Research & Development,Laboratory Technician,0.009285609,Low Risk
47,1180,25,3,1,1,84,3,3,3,8633,13084,2,0,23,4,2,0,25,3,3,17,14,12,11,True,False,False,False,False,False,False,False,False,False,False,True,False,True,False,False,True,False,False,332.03846153846155,0.6666666666666666,2.5,0,1414,Research & Development,Human Resources,0.003491118,Low Risk
33,1313,1,2,2,1,59,2,1,3,2008,20439,1,0,12,3,3,3,1,2,2,1,1,0,0,True,False,False,True,False,False,False,False,False,False,False,False,False,False,False,False,True,False,False,1004.0,0.0,2.25,0,1415,Research & Development,Laboratory Technician,0.005670669,Low Risk
38,1321,1,4,4,1,86,3,2,2,4440,7636,0,0,15,3,1,2,16,3,3,15,13,5,8,False,True,False,False,False,False,False,False,True,False,True,False,False,True,True,False,False,False,False,261.1764705882353,0.3125,3.0,0,1416,Sales,Sales Executive,0.00013265974,Low Risk
31,1154,2,2,1,1,54,3,1,3,3067,6393,0,0,19,3,3,1,3,1,3,2,2,1,2,False,True,False,False,False,False,False,False,False,True,True,False,False,True,True,False,False,False,False,766.75,0.3333333333333333,2.5,0,1417,Sales,Sales Representative,0.00021040725,Low Risk
38,508,6,4,1,1,72,2,2,3,5321,14284,2,0,11,3,4,1,10,1,3,8,3,7,7,True,False,False,False,False,True,False,False,False,False,True,False,True,False,True,False,False,False,False,483.72727272727275,0.7777777777777778,2.25,0,1418,Research & Development,Manufacturing Director,0.003376189,Low Risk
42,557,18,4,4,1,35,3,2,1,5410,11189,6,1,17,3,3,1,9,3,2,4,3,1,2,True,False,False,False,False,False,False,True,False,False,False,False,False,True,True,False,False,False,False,541.0,0.2,2.5,1,1419,Research & Development,Research Scientist,0.0020560601,Low Risk
41,642,1,3,4,1,76,3,1,4,2782,21412,3,0,22,4,1,1,12,3,3,5,3,1,0,True,False,False,False,False,False,False,True,False,False,True,False,False,True,True,False,False,False,False,214.0,0.16666666666666666,3.5,0,1420,Research & Development,Research Scientist,0.00034404208,Low Risk
47,1162,1,1,3,0,98,3,3,2,11957,17231,0,0,18,3,1,2,14,3,1,13,8,5,12,True,False,False,False,False,False,True,False,False,False,True,False,False,False,False,False,True,False,False,797.1333333333333,0.35714285714285715,2.25,0,1421,Research & Development,Research Director,0.00010642045,Low Risk
35,1490,11,4,4,1,43,3,1,3,2660,20232,7,1,11,3,3,1,5,3,3,2,2,2,2,True,False,False,True,False,False,False,False,False,False,True,False,False,True,False,False,True,False,False,443.3333333333333,0.6666666666666666,3.25,0,1422,Research & Development,Laboratory Technician,0.0047162045,Low Risk
22,581,1,2,4,1,63,3,1,3,3375,17624,0,0,12,3,4,0,4,2,4,3,2,1,2,True,False,False,False,False,False,False,True,False,False,False,True,False,True,True,False,False,False,False,675.0,0.25,3.5,0,1423,Research & Development,Research Scientist,5.771838e-05,Low Risk
35,1395,9,4,2,1,48,3,2,3,5098,18698,1,0,19,3,2,0,10,5,3,10,7,0,8,True,False,False,False,False,False,False,True,False,False,False,True,False,True,False,False,True,False,False,463.45454545454544,0.0,2.75,0,1424,Research & Development,Research Scientist,0.00045562745,Low Risk
33,501,15,2,2,0,95,3,2,4,4878,21653,0,1,13,3,1,1,10,6,3,9,7,8,1,True,False,False,False,False,False,False,False,False,False,True,False,False,True,False,False,True,False,False,443.45454545454544,0.8,3.0,0,1425,Research & Development,Human Resources,0.0019538994,Low Risk
32,267,29,4,3,0,49,2,1,2,2837,15919,1,0,13,3,3,0,6,3,3,6,2,4,1,True,False,False,True,False,False,False,False,False,False,False,True,False,True,True,False,False,False,False,405.2857142857143,0.5714285714285714,2.5,0,1426,Research & Development,Laboratory Technician,0.016759932,Low Risk
40,543,1,4,1,1,83,3,1,4,2406,4060,8,0,19,3,3,2,8,3,2,1,0,0,0,True,False,False,True,False,False,False,False,False,False,True,False,False,True,True,False,False,False,False,267.3333333333333,0.0,2.5,0,1427,Research & Development,Laboratory Technician,0.00624057,Low Risk
32,234,1,4,2,1,68,2,1,2,2269,18024,0,0,14,3,2,1,3,2,3,2,2,2,2,False,True,False,False,False,False,False,False,False,True,True,False,False,True,False,False,True,False,False,567.25,0.6666666666666666,2.25,0,1428,Sales,Sales Representative,0.00021548438,Low Risk
39,116,24,1,1,1,52,3,2,4,4108,5340,7,0,13,3,1,0,18,2,3,7,7,1,7,True,False,False,False,False,False,False,True,False,False,False,True,False,True,True,False,False,False,False,216.21052631578948,0.125,2.75,0,1429,Research & Development,Research Scientist,0.0044827866,Low Risk
38,201,10,3,2,0,99,1,3,3,13206,3376,3,0,12,3,1,1,20,3,3,18,16,1,11,True,False,False,False,False,False,True,False,False,False,True,False,False,True,False,False,True,False,False,628.8571428571429,0.05263157894736842,2.25,0,1430,Research & Development,Research Director,0.00026659173,Low Risk
32,801,1,4,3,0,48,3,3,4,10422,24032,1,0,19,3,3,2,14,3,3,14,10,5,7,False,True,False,False,False,False,False,False,True,False,True,False,False,True,False,True,False,False,False,694.8,0.3333333333333333,3.25,0,1431,Sales,Sales Executive,0.0024978525,Low Risk
37,161,10,3,3,0,42,4,3,4,13744,15471,1,1,25,4,1,1,16,2,3,16,11,6,8,True,False,False,False,False,False,True,False,False,False,True,False,False,True,True,False,False,False,False,808.4705882352941,0.35294117647058826,3.5,0,1432,Research & Development,Research Director,0.000604812,Low Risk
25,1382,8,2,1,0,85,3,2,3,4907,13684,0,1,22,4,2,1,6,3,2,5,3,0,4,False,True,False,False,False,False,False,False,True,False,False,False,False,True,False,False,False,True,False,701.0,0.0,2.25,1,1433,Sales,Sales Executive,0.0068092016,Low Risk
52,585,29,4,1,1,40,3,1,4,3482,19788,2,0,15,3,2,2,16,3,2,9,8,0,0,False,True,False,False,False,False,False,False,False,True,False,False,False,False,True,False,False,False,False,204.8235294117647,0.0,2.5,0,1434,Sales,Sales Representative,0.023054795,Low Risk
44,1037,1,3,2,1,42,3,1,4,2436,13422,6,1,12,3,3,0,6,2,3,4,3,1,2,True,False,False,False,False,False,False,True,False,False,False,True,False,True,False,False,True,False,False,348.0,0.2,3.0,0,1435,Research & Development,Research Scientist,0.008586374,Low Risk
21,501,5,1,3,1,58,3,1,1,2380,25479,1,1,11,3,4,0,2,6,3,2,2,1,2,False,True,False,False,False,False,False,False,False,True,False,True,False,True,False,False,True,False,False,793.3333333333334,0.3333333333333333,2.5,0,1436,Sales,Sales Representative,0.03436827,Low Risk
39,105,9,3,4,1,87,3,5,4,19431,15302,2,0,13,3,3,0,21,3,2,6,0,1,3,True,False,False,False,True,False,False,False,False,False,False,True,False,False,True,False,False,False,False,883.2272727272727,0.14285714285714285,3.25,0,1437,Research & Development,Manager,1.8475035e-05,Low Risk
23,638,9,3,4,1,33,3,1,1,1790,26956,1,0,19,3,1,1,1,3,2,1,0,1,0,False,True,False,False,False,False,False,False,False,True,True,False,True,False,False,True,False,False,False,895.0,0.5,2.5,0,1438,Sales,Sales Representative,0.99373674,High Risk
36,557,3,3,1,0,94,2,3,4,7644,12695,0,0,19,3,3,2,10,2,3,9,7,3,4,False,True,False,False,False,False,False,False,True,False,True,False,False,True,False,False,True,False,False,694.9090909090909,0.3,2.5,0,1439,Sales,Sales Executive,0.0065328367,Low Risk
36,688,4,2,4,0,97,3,2,2,5131,9192,7,0,13,3,2,3,18,3,3,4,2,0,2,True,False,False,False,False,True,False,False,False,False,False,False,True,False,True,False,False,False,False,270.05263157894734,0.0,3.0,0,1440,Research & Development,Manufacturing Director,0.0028661282,Low Risk
56,667,1,4,3,1,57,3,2,3,6306,26236,1,0,21,4,1,1,13,2,2,13,12,1,9,True,False,False,False,False,False,False,False,False,False,False,False,False,False,True,False,False,False,False,450.42857142857144,0.07142857142857142,2.75,0,1441,Research & Development,Human Resources,3.267365e-05,Low Risk
29,1092,1,4,1,1,36,3,1,4,4787,26124,9,1,14,3,2,3,4,3,4,2,2,2,2,True,False,False,False,False,False,False,True,False,False,True,False,False,True,False,False,True,False,False,957.4,0.6666666666666666,3.0,0,1442,Research & Development,Research Scientist,0.014190039,Low Risk
42,300,2,3,1,1,56,3,5,3,18880,17312,5,0,11,3,1,0,24,2,2,22,6,4,14,True,False,False,False,True,False,False,False,False,False,True,False,False,True,True,False,False,False,False,755.2,0.17391304347826086,2.25,0,1443,Research & Development,Manager,0.01016365,Low Risk
56,310,7,2,4,1,72,3,1,3,2339,3666,8,0,11,3,4,1,14,4,1,10,9,9,8,True,False,False,True,False,False,False,False,False,False,True,False,False,True,False,False,False,False,True,155.93333333333334,0.8181818181818182,2.75,0,1444,Research & Development,Laboratory Technician,0.96288025,High Risk
41,582,28,4,1,0,60,2,4,2,13570,5640,0,0,23,4,3,1,21,3,3,20,7,0,10,True,False,False,False,False,True,False,False,False,False,True,False,False,True,True,False,False,False,False,616.8181818181819,0.0,2.0,0,1445,Research & Development,Manufacturing Director,0.0014053495,Low Risk
34,704,28,3,4,0,95,2,2,3,6712,8978,1,0,21,4,4,2,8,2,3,8,7,1,7,False,True,False,False,False,False,False,False,True,False,True,False,False,True,False,True,False,False,False,745.7777777777778,0.1111111111111111,3.0,0,1446,Sales,Sales Executive,0.0017951201,Low Risk
36,301,15,4,4,1,88,1,2,4,5406,10436,1,0,24,4,1,1,15,4,2,15,12,11,11,False,True,False,False,False,False,False,False,True,False,False,False,False,False,False,True,False,False,False,337.875,0.6875,2.75,0,1447,Sales,Sales Executive,0.000508693,Low Risk
41,930,3,3,3,1,57,2,2,2,8938,12227,2,0,11,3,3,1,14,5,3,5,4,0,4,False,True,False,False,False,False,False,False,True,False,False,False,False,True,True,False,False,False,False,595.8666666666667,0.0,2.5,0,1448,Sales,Sales Executive,0.0011317596,Low Risk
32,529,2,3,4,1,78,3,1,1,2439,11288,1,0,14,3,4,0,4,4,3,4,2,1,2,True,False,False,False,False,False,False,True,False,False,False,True,False,True,False,False,False,False,True,487.8,0.2,2.75,0,1449,Research & Development,Research Scientist,0.0018909608,Low Risk
35,1146,26,4,3,0,31,3,3,4,8837,16642,1,1,16,3,3,0,9,2,3,9,0,1,7,False,False,True,False,False,False,False,False,False,False,False,True,False,True,True,False,False,False,False,883.7,0.1,3.25,0,1450,Research & Development,Human Resources,0.017732993,Low Risk
38,345,10,2,1,0,100,3,2,4,5343,5982,1,0,11,3,3,1,10,1,3,10,7,1,9,False,True,False,False,False,False,False,False,True,False,True,False,False,True,True,False,False,False,False,485.72727272727275,0.09090909090909091,2.75,0,1451,Sales,Sales Executive,0.021876985,Low Risk
50,878,1,4,2,1,94,3,2,3,6728,14255,7,0,12,3,4,2,12,3,3,6,3,0,1,False,True,False,False,False,False,False,False,True,False,False,False,True,False,True,False,False,False,False,517.5384615384615,0.0,2.75,0,1452,Sales,Sales Executive,0.9803923,High Risk
36,1120,11,4,2,0,100,2,2,4,6652,14369,4,0,13,3,1,1,8,2,2,6,3,0,0,False,True,False,False,False,False,False,False,True,False,True,False,False,True,False,True,False,False,False,739.1111111111111,0.0,2.5,0,1453,Sales,Sales Executive,0.004803325,Low Risk
45,374,20,3,4,0,50,3,2,3,4850,23333,8,0,15,3,3,0,8,3,3,5,3,0,1,False,True,False,False,False,False,False,False,True,False,False,True,False,True,True,False,False,False,False,538.8888888888889,0.0,3.25,0,1454,Sales,Sales Executive,0.014467638,Low Risk
40,1322,2,4,3,1,52,2,1,3,2809,2725,2,0,14,3,4,0,8,2,3,2,2,2,2,True,False,False,False,False,False,False,True,False,False,False,True,False,True,True,False,False,False,False,312.1111111111111,0.6666666666666666,2.75,0,1455,Research & Development,Research Scientist,0.00012352149,Low Risk
35,1199,18,4,3,1,80,3,2,3,5689,24594,1,1,14,3,4,2,10,2,4,10,2,0,2,True,False,False,False,False,False,False,False,False,False,True,False,True,False,True,False,False,False,False,517.1818181818181,0.0,3.25,0,1456,Research & Development,Human Resources,0.00012049178,Low Risk
40,1194,2,4,3,0,98,3,1,3,2001,12549,2,0,14,3,2,3,20,2,3,5,3,0,2,True,False,False,False,False,False,False,True,False,False,True,False,False,True,False,False,True,False,False,95.28571428571429,0.0,3.0,0,1457,Research & Development,Research Scientist,1.1394318e-05,Low Risk
35,287,1,4,3,0,62,1,1,4,2977,8952,1,0,12,3,4,1,4,5,3,4,3,1,1,True,False,False,False,False,False,False,True,False,False,True,False,False,True,True,False,False,False,False,595.4,0.2,2.75,0,1458,Research & Development,Research Scientist,7.212196e-05,Low Risk
29,1378,13,2,4,1,46,2,2,2,4025,23679,4,1,13,3,1,1,10,2,3,4,3,0,3,True,False,False,True,False,False,False,False,False,False,True,False,False,True,False,False,False,True,False,365.90909090909093,0.0,2.75,0,1459,Research & Development,Laboratory Technician,0.018273095,Low Risk
29,468,28,4,4,0,73,2,1,1,3785,8489,1,0,14,3,2,0,5,3,1,5,4,0,4,True,False,False,False,False,False,False,True,False,False,False,True,False,True,False,False,True,False,False,630.8333333333334,0.0,2.0,0,1460,Research & Development,Research Scientist,0.007779285,Low Risk
50,410,28,3,4,1,39,2,3,1,10854,16586,4,1,13,3,2,1,20,3,3,3,2,2,0,False,True,False,False,False,False,False,False,True,False,False,False,False,True,False,True,False,False,False,516.8571428571429,0.5,2.5,0,1461,Sales,Sales Executive,0.97661614,High Risk
39,722,24,1,2,0,60,2,4,4,12031,8828,0,0,11,3,1,1,21,2,2,20,9,9,6,False,True,False,False,False,False,False,False,True,False,True,False,False,True,False,True,False,False,False,546.8636363636364,0.42857142857142855,2.5,0,1462,Sales,Sales Executive,0.0115071675,Low Risk
31,325,5,3,2,1,74,3,2,1,9936,3787,0,0,19,3,2,0,10,2,3,9,4,1,7,True,False,False,False,False,True,False,False,False,False,False,True,False,False,False,False,True,False,False,903.2727272727273,0.1,2.25,0,1463,Research & Development,Manufacturing Director,0.0014828962,Low Risk
26,1167,5,3,4,0,30,2,1,3,2966,21378,0,0,18,3,4,0,5,2,3,4,2,0,0,False,True,False,False,False,False,False,False,False,True,False,True,False,True,False,False,False,True,False,494.3333333333333,0.0,3.0,0,1464,Sales,Sales Representative,0.012347777,Low Risk
36,884,23,2,3,1,41,4,2,4,2571,12290,4,0,17,3,3,1,17,3,3,5,2,0,3,True,False,False,True,False,False,False,False,False,False,True,False,True,False,False,False,True,False,False,142.83333333333334,0.0,3.5,0,1465,Research & Development,Laboratory Technician,0.0007164273,Low Risk
39,613,6,1,4,1,42,2,3,1,9991,21457,4,0,15,3,1,1,9,5,3,7,7,1,7,True,False,False,False,False,False,False,False,False,False,True,False,False,True,False,False,True,False,False,999.1,0.125,2.5,0,1466,Research & Development,Human Resources,0.0012529388,Low Risk
27,155,4,3,2,1,87,4,2,2,6142,5174,1,1,20,4,2,1,6,0,3,6,2,0,3,True,False,False,False,False,True,False,False,False,False,True,False,False,True,True,False,False,False,False,877.4285714285714,0.0,2.75,0,1467,Research & Development,Manufacturing Director,0.0012199833,Low Risk
49,1023,2,3,4,1,63,2,2,2,5390,13243,2,0,14,3,4,0,17,3,2,9,6,0,8,False,True,False,False,False,False,False,False,True,False,True,False,True,False,False,False,True,False,False,299.44444444444446,0.0,2.5,0,1468,Sales,Sales Executive,6.565181e-05,Low Risk
34,628,8,3,2,1,82,4,2,3,4404,10228,2,0,12,3,1,0,6,3,4,4,3,1,2,True,False,False,True,False,False,False,False,False,False,True,False,False,True,False,False,True,False,False,629.1428571428571,0.2,3.25,0,1469,Research & Development,Laboratory Technician,0.009342306,Low Risk
